Date,Latitude,Chlorophy
2015-10-14,37.5,0.6538464477611942
2015-10-15,37.6,0.5952804166666666
2015-10-15,37.7,
2015-10-15,37.8,
2015-10-15,37.9,
2015-10-16,39.0,
2015-10-17,38.1,0.8655235714285715
2015-10-17,38.2,0.8305068928571432
2015-10-17,38.3,0.6918602500000001
2015-10-17,38.4,0.6791519090909091
2015-10-17,38.5,0.934094524344567
2015-10-17,38.6,0.825449404513894
2015-10-17,38.7,0.8224242049797273
2015-10-17,38.8,0.7897714220183489
2015-10-18,37.6,0.6188155
2015-10-18,37.7,0.7653153636363637
2015-10-19,37.8,0.8508636
2015-10-19,37.9,0.9728836981132075
2015-10-19,38.0,1.5304043888888894
2015-10-19,38.1,1.5403491886792455
2015-10-19,38.2,1.0831839090909092
2015-10-19,38.3,1.0273446363636363
2015-10-19,38.4,1.201057928571429
2015-10-19,38.5,1.2478751929824563
2015-10-19,38.6,0.9424978571428572
2015-10-19,38.7,0.9501174912280702
2015-10-19,38.8,0.9579065272727277
2015-10-19,38.9,0.7669461132075475
2015-10-19,39.0,0.8333106451612904
2015-10-24,38.4,0.6157288000000001
2015-10-24,38.5,0.5850505263157897
2015-10-24,38.6,0.6120815833333335
2015-10-24,38.7,0.6278326315789472
2015-10-24,38.8,0.5954297192982454
2015-10-24,38.9,0.5818344576271187
2015-10-24,39.0,0.6685385454545455
2015-10-25,37.6,0.4600717627118644
2015-10-25,37.7,0.470247649122807
2015-10-25,37.8,0.5152988813559322
2015-10-25,37.9,0.6134638135593221
2015-10-25,38.0,0.6386581724137932
2015-10-25,38.1,0.6184829824561406
2015-10-25,38.2,0.6372864999999999
2015-10-25,38.3,0.6616915535714286
2015-10-25,38.4,0.6246623243243244
2015-11-09,37.6,0.4817879454545454
2015-11-10,37.6,0.639506
2015-11-10,37.7,0.6380483709677417
2015-11-10,37.8,0.6293846610169492
2015-11-10,37.9,0.5698819830508474
2015-11-10,38.0,0.5507404107142858
2015-11-10,38.1,0.48750718518518527
2015-11-10,38.2,0.4722232549019609
2015-11-10,38.3,0.48895603921568637
2015-11-10,38.4,0.4977855294117645
2015-11-10,38.5,0.48748062499999995
2015-11-10,38.6,0.45796879166666676
2015-11-10,38.7,0.4432281914893619
2015-11-10,38.8,0.4450277021276595
2015-11-10,38.9,0.4604108367346939
2015-11-10,39.0,0.4844734418604652
2015-11-11,37.6,0.42502797619047616
2015-11-11,37.7,0.4426345098039215
2015-11-11,37.8,0.48299213207547165
2015-11-11,37.9,0.4831494905660378
2015-11-11,38.0,0.46143809803921565
2015-11-11,38.1,0.46638920754716967
2015-11-11,38.2,0.45734836538461543
2015-11-11,38.3,0.477416156862745
2015-11-11,38.4,0.47095316000000004
2015-11-11,38.5,0.4696945416666667
2015-11-11,38.6,0.4355945208333334
2015-11-11,38.7,0.4255687608695653
2015-11-11,38.8,0.4349523913043479
2015-11-11,38.9,0.4468578510638298
2015-11-11,39.0,0.47982229090909095
2015-11-12,37.6,0.43316415999999996
2015-11-12,37.7,0.4251184230769231
2015-11-12,37.8,0.45374632727272723
2015-11-12,37.9,0.4358758490566037
2015-11-12,38.0,0.42786757407407405
2015-11-12,38.1,0.44108015094339614
2015-11-12,38.2,0.44451328301886806
2015-11-12,38.3,0.4300903584905659
2015-11-12,38.4,0.4221053333333334
2015-11-12,38.5,0.41099090740740746
2015-11-12,38.6,0.38064000000000003
2015-11-12,38.7,0.368990537037037
2015-11-12,38.8,0.3685924210526314
2015-11-12,38.9,0.3746874629629628
2015-11-12,39.0,0.4129965714285714
2015-11-13,37.6,0.369947742857143
2015-11-13,37.7,0.38915772549019606
2015-11-13,37.8,0.40017501960784313
2015-11-13,37.9,0.39414040384615395
2015-11-13,38.0,0.3922827407407408
2015-11-13,38.1,0.4165917115384615
2015-11-13,38.2,0.402554150943396
2015-11-13,38.3,0.403568320754717
2015-11-13,38.4,0.41979255769230767
2015-11-13,38.5,0.4015232264150944
2015-11-13,38.6,0.39724103846153846
2015-11-13,38.7,0.36246057692307687
2015-11-13,38.8,0.3687644117647059
2015-11-13,38.9,0.371923
2015-11-14,37.6,0.3883009824561403
2015-11-14,37.7,0.39937021739130435
2015-11-14,37.8,0.39071631914893606
2015-11-14,37.9,0.37609272916666653
2015-11-14,38.0,0.37843600000000005
2015-11-14,38.1,0.38902855319148927
2015-11-14,38.2,0.39784720408163254
2015-11-14,38.3,0.38836712244897953
2015-11-14,38.4,0.400349962264151
2015-11-14,38.5,0.39544534
2015-11-14,38.6,0.36235396000000003
2015-11-14,38.7,0.34131408571428573
2015-11-14,38.8,0.343677779661017
2015-11-14,38.9,0.34515236585365855
2015-11-19,38.8,0.3299174
2015-11-19,38.9,0.3325595280898877
2015-11-19,39.0,0.3417317192982456
2015-11-20,37.6,0.3334973909090911
2015-11-20,37.7,0.3358130638297871
2015-11-20,37.8,0.34102810752688184
2015-11-20,37.9,0.3379501684210527
2015-11-20,38.0,0.33708254000000004
2015-11-20,38.1,0.3442640918367348
2015-11-20,38.2,0.35269877777777775
2015-11-20,38.3,0.3642145217391304
2015-11-20,38.4,0.38235202083333336
2015-11-20,38.5,0.3565163137254901
2015-11-20,38.6,0.3285304399999999
2015-11-20,38.7,0.32620889795918373
2015-11-20,38.8,0.3291932978723405
2015-11-20,38.9,0.3318450625
2015-11-21,38.3,0.3495908181818182
2015-11-21,38.4,0.3512871746031746
2015-11-21,38.5,0.3313348142857143
2015-11-21,38.6,0.32496056756756764
2015-11-21,38.7,0.3231363098591549
2015-11-21,38.8,0.3213660161290322
2015-11-21,38.9,0.32441078431372544
2015-11-21,39.0,0.32846325
2015-11-24,39.0,0.34450852941176474
2015-11-25,39.0,0.3299317241379312
2015-11-26,38.9,0.3522339375000001
2015-11-26,39.0,0.446887625
2015-11-27,37.6,0.35344404225352116
2015-11-27,37.7,0.34715795918367337
2015-11-27,37.8,0.34062497959183674
2015-11-27,37.9,0.33333990384615375
2015-11-27,38.0,0.34536698039215685
2015-11-27,38.1,0.3594498627450982
2015-11-27,38.2,0.35777887755102045
2015-11-27,38.3,0.35777388000000004
2015-11-27,38.4,0.3540095319148937
2015-11-27,38.5,0.34115038297872335
2015-11-27,38.6,0.3396739777777777
2015-11-27,38.7,0.33266248888888883
2015-11-27,38.8,0.33609468085106375
2015-11-27,38.9,0.3421067647058824
2015-11-29,37.6,0.37217781578947373
2015-11-29,37.7,0.33441091379310334
2015-11-29,37.8,0.332952379310345
2015-11-29,37.9,0.3302597966101696
2015-11-29,38.0,0.3407797846153847
2015-11-29,38.1,0.34706999999999993
2015-11-29,38.2,0.3390310579710145
2015-11-29,38.3,0.3379926323529411
2015-11-29,38.4,0.3309882676056338
2015-11-29,38.5,0.3301124179104477
2015-11-29,38.6,0.32997866666666664
2015-11-29,38.7,0.33228559999999996
2015-11-29,38.8,0.3355367413793104
2015-11-29,38.9,0.33320014814814813
2015-11-29,39.0,0.3358400952380952
2015-12-04,38.7,0.3256762346938775
2015-12-04,38.8,0.3287973493975905
2015-12-04,38.9,0.32754179870129857
2015-12-04,39.0,0.35579653333333344
2015-12-05,37.6,0.32667466666666656
2015-12-05,37.7,0.32725870833333337
2015-12-05,37.8,0.3246146326530612
2015-12-05,37.9,0.3201842040816327
2015-12-05,38.0,0.3203978269230769
2015-12-05,38.1,0.32223142000000005
2015-12-05,38.2,0.3196386274509805
2015-12-05,38.3,0.31881698039215683
2015-12-05,38.4,0.3183086538461538
2015-12-05,38.5,0.32063803773584915
2015-12-05,38.6,0.3225751632653062
2015-12-05,38.7,0.32510625000000004
2015-12-06,37.6,0.4233732972972974
2015-12-06,37.7,0.38208240909090896
2015-12-06,37.8,0.37992273809523813
2015-12-06,37.9,0.37849045238095247
2015-12-06,38.0,0.40365260465116287
2015-12-06,38.1,0.40275232558139534
2015-12-06,38.2,0.39266738
2015-12-06,38.3,0.38817367441860473
2015-12-06,38.4,0.37839456818181816
2015-12-06,38.5,0.38318274418604653
2015-12-06,38.6,0.3880384545454545
2015-12-06,38.7,0.3895132444444444
2015-12-06,38.8,0.39664347727272736
2015-12-06,38.9,0.4132732045454546
2015-12-06,39.0,0.41961951515151513
2015-12-08,37.6,0.3739704074074075
2015-12-08,37.7,0.38381802272727267
2015-12-08,37.8,0.36906593181818187
2015-12-08,37.9,0.3697781111111111
2015-12-08,38.0,0.3900648043478261
2015-12-08,38.1,0.3903620909090909
2015-12-08,38.2,0.37986990909090906
2015-12-08,38.3,0.3730216136363636
2015-12-08,38.4,0.3627302666666667
2015-12-08,38.5,0.3663552272727273
2015-12-08,38.6,0.3705490000000001
2015-12-08,38.7,0.37001695652173916
2015-12-08,38.8,0.3764248888888889
2015-12-08,38.9,0.3914738666666668
2015-12-08,39.0,0.4001210555555556
2015-12-09,38.3,0.3509923181818181
2015-12-09,38.4,0.34783654901960787
2015-12-09,38.5,0.3516607924528302
2015-12-09,38.6,0.3566727962962962
2015-12-09,38.7,0.3576251428571429
2015-12-09,38.8,0.3627249473684211
2015-12-09,38.9,0.3823930185185187
2015-12-09,39.0,0.4096469
2015-12-10,37.6,0.34581078125000014
2015-12-10,37.7,0.360590693877551
2015-12-10,37.8,0.35169186
2015-12-10,37.9,0.3613417959183674
2015-12-10,38.0,0.3792745199999999
2015-12-10,38.1,0.37812885416666653
2015-12-10,38.2,0.3626441020408164
2015-12-10,38.3,0.3572
2015-12-12,37.4,0.550926818181818
2015-12-12,37.5,0.38595033846153853
2015-12-12,37.6,0.3614695510204081
2015-12-12,37.7,0.3540498541666666
2015-12-12,37.8,0.3555685531914895
2015-12-12,37.9,0.3552266875
2015-12-12,38.0,0.3616426808510637
2015-12-12,38.1,0.36915314893617035
2015-12-12,38.2,0.3590321176470588
2015-12-12,38.3,0.3456009423076922
2015-12-12,38.4,0.3441559183673469
2015-12-12,38.5,0.3426333396226415
2015-12-12,38.6,0.3423367884615385
2015-12-12,38.7,0.3405675185185185
2015-12-12,38.8,0.34400947368421053
2015-12-12,38.9,0.35084725000000005
2015-12-12,39.0,0.3609457435897435
2015-12-13,37.6,0.32620729824561406
2015-12-13,37.7,0.32734181632653064
2015-12-13,37.8,0.3295187916666667
2015-12-13,37.9,0.3373952448979592
2015-12-13,38.0,0.34801862499999997
2015-12-13,38.1,0.35370826530612254
2015-12-13,38.2,0.34739775000000006
2015-12-13,38.3,0.3441413958333333
2015-12-13,38.4,0.33677484313725486
2015-12-13,38.5,0.33213019607843136
2015-12-13,38.6,0.3343070384615385
2015-12-13,38.7,0.3348543921568627
2015-12-13,38.8,0.3381860196078432
2015-12-13,38.9,0.35233966666666666
2015-12-13,39.0,0.39038347457627115
2015-12-14,37.6,0.364059552238806
2015-12-14,37.7,0.3216679836065574
2015-12-14,37.8,0.3241682333333333
2015-12-14,37.9,0.3329550508474576
2015-12-14,38.0,0.34514135593220335
2015-12-14,38.1,0.34543131578947356
2015-12-14,38.2,0.3385522203389832
2015-12-14,38.3,0.3366131967213115
2015-12-14,38.4,0.3309504677419355
2015-12-14,38.5,0.327745880597015
2015-12-14,38.6,0.325546231884058
2015-12-14,38.7,0.3243426507936507
2015-12-14,38.8,0.3244293666666666
2015-12-14,38.9,0.3295338620689654
2015-12-14,39.0,0.32912228571428576
2015-12-18,37.6,0.30779011290322583
2015-12-18,37.7,0.30863305882352937
2015-12-18,37.8,0.31421826530612246
2015-12-18,37.9,0.3239294166666667
2015-12-18,38.0,0.33650270833333346
2015-12-18,38.1,0.32455758333333334
2015-12-18,38.2,0.31692485416666655
2015-12-18,38.3,0.31483483999999995
2015-12-18,38.4,0.31204697959183675
2015-12-18,38.5,0.3112665490196078
2015-12-18,38.6,0.3135808627450981
2015-12-18,38.7,0.3147305576923077
2015-12-18,38.8,0.31438999999999995
2015-12-18,38.9,0.32088591666666666
2015-12-18,39.0,0.3680757446808511
2015-12-21,37.6,0.28488047307692316
2015-12-21,37.7,0.30002028888888893
2015-12-21,37.8,0.30530868
2015-12-21,37.9,0.31826164583333333
2015-12-21,38.0,0.32331956521739125
2015-12-21,38.1,0.3094890222222222
2015-12-21,38.2,0.3042736222222222
2015-12-21,38.3,0.30266202222222227
2015-12-21,38.4,0.299820847826087
2015-12-21,38.5,0.2996065681818181
2015-12-21,38.6,0.3001286222222222
2015-12-21,38.7,0.3007119999999999
2015-12-21,38.8,0.2994010681818183
2015-12-21,38.9,0.3025249302325581
2015-12-21,39.0,0.30968724999999997
2015-12-28,37.6,0.2917898571428571
2016-01-14,37.8,0.39467926086956534
2016-01-14,37.9,0.3601548717948718
2016-01-14,38.0,0.39406644736842095
2016-01-14,38.1,0.3813294102564102
2016-01-14,38.2,0.362979756097561
2016-01-14,38.3,0.3511346578947368
2016-01-14,38.4,0.353466358974359
2016-01-14,38.5,0.3464294864864864
2016-01-14,38.6,0.32961902702702706
2016-01-14,38.7,0.32744751428571434
2016-01-14,38.8,0.32861744117647057
2016-01-14,38.9,0.3401846857142858
2016-01-14,39.0,0.4679835833333334
2016-01-15,37.6,0.3428544090909092
2016-01-15,37.7,0.3491007435897435
2016-01-15,37.8,0.36116557894736845
2016-01-15,37.9,0.3892048205128204
2016-01-15,38.0,0.38252117948717945
2016-01-15,38.1,0.35923042105263153
2016-01-15,38.2,0.3513676410256411
2016-01-15,38.3,0.34969202564102553
2016-01-15,38.4,0.35182387179487173
2016-01-15,38.5,0.33213197499999997
2016-01-15,38.6,0.3347267317073171
2016-01-15,38.7,0.35072885000000004
2016-01-15,38.8,0.4401389750000001
2016-01-15,38.9,0.7000840975609757
2016-01-15,39.0,1.3687912413793102
2016-01-20,37.6,0.39364291666666656
2016-01-20,37.7,0.3566555526315789
2016-01-20,37.8,0.34478840540540534
2016-01-20,37.9,0.33802073684210526
2016-01-20,38.0,0.34945492105263165
2016-01-20,38.1,0.3654792162162162
2016-01-20,38.2,0.3450243611111112
2016-01-20,38.3,0.3408740512820513
2016-01-20,38.4,0.33610586842105256
2016-01-20,38.5,0.32643629729729723
2016-01-20,38.6,0.3223311842105263
2016-01-20,38.7,0.3202740833333333
2016-01-20,38.8,0.32126991666666666
2016-01-20,38.9,0.35881242857142853
2016-01-20,39.0,0.3663040769230769
2016-01-21,37.6,0.32832081632653065
2016-01-21,37.7,0.32179235
2016-01-21,37.8,0.32374885365853656
2016-01-21,37.9,0.33355740000000006
2016-01-21,38.0,0.3571182500000001
2016-01-21,38.1,0.3441938974358974
2016-01-21,38.2,0.3352483589743589
2016-01-21,38.3,0.33715561538461536
2016-01-21,38.4,0.33738228947368415
2016-01-21,38.5,0.33023675675675673
2016-01-21,38.6,0.3292093513513513
2016-01-21,38.7,0.3432023333333334
2016-01-21,38.8,0.3747321388888888
2016-01-21,38.9,0.5196885833333335
2016-01-21,39.0,0.9853016666666666
2016-01-25,37.6,0.37299272413793105
2016-01-25,37.7,0.35977449999999994
2016-01-25,37.8,0.3527513421052631
2016-01-25,37.9,0.33902302631578934
2016-01-25,38.0,0.3263067631578948
2016-01-25,38.1,0.3409878333333332
2016-01-25,38.2,0.32966897222222225
2016-01-25,38.3,0.3152762972972972
2016-01-25,38.4,0.31289814285714285
2016-01-25,38.5,0.3150262857142857
2016-01-25,38.6,0.3241365142857141
2016-01-25,38.7,0.3390245882352941
2016-01-25,38.8,0.3170445
2016-01-25,38.9,0.3227780571428571
2016-01-25,39.0,0.5534176428571429
2016-01-26,37.6,0.3282448514851486
2016-01-26,37.7,0.32715457746478876
2016-01-26,37.8,0.3185762666666667
2016-01-26,37.9,0.3185512702702703
2016-01-26,38.0,0.33357019736842114
2016-01-26,38.1,0.3391986052631581
2016-01-26,38.2,0.36036834210526314
2016-01-26,38.3,0.3354967105263157
2016-01-26,38.4,0.315174743902439
2016-01-26,38.5,0.3277045606060607
2016-01-26,38.6,0.35283855813953485
2016-01-26,38.7,0.35009547619047626
2016-01-26,38.8,0.38127921951219523
2016-01-26,38.9,0.565640268292683
2016-01-26,39.0,0.8948314482758619
2016-01-27,38.5,0.3095960666666666
2016-01-27,38.6,0.30814265714285716
2016-01-27,38.7,0.305274705882353
2016-01-27,38.8,0.3041016470588236
2016-01-27,38.9,0.42739243243243236
2016-01-27,39.0,0.6469278372093025
2016-01-28,37.6,0.30385241176470595
2016-01-28,37.7,0.303424358974359
2016-01-28,37.8,0.29918695000000006
2016-01-28,37.9,0.3023092105263157
2016-01-28,38.0,0.3204210512820513
2016-01-28,38.1,0.3103737105263158
2016-01-28,38.2,0.304310075
2016-01-28,38.3,0.29667884210526313
2016-01-28,38.4,0.3006010769230769
2016-01-28,38.5,0.30455526315789483
2016-01-28,38.6,0.30972925
2016-01-28,38.7,0.31709007499999997
2016-01-28,38.8,0.38941719512195117
2016-01-28,38.9,0.4183333333333334
2016-01-30,37.6,0.3487217142857143
2016-01-30,37.7,0.33576684615384617
2016-01-30,37.8,0.3469645
2016-01-31,37.8,0.3287606486486487
2016-01-31,37.9,0.3282858947368421
2016-01-31,38.0,0.3254073421052632
2016-01-31,38.1,0.3667734324324323
2016-01-31,38.2,0.3890826756756757
2016-01-31,38.3,0.3746753243243243
2016-01-31,38.4,0.3939159729729729
2016-01-31,38.5,0.37428935135135144
2016-01-31,38.6,0.3562798108108108
2016-01-31,38.7,0.32148286842105267
2016-01-31,38.8,0.30217761538461535
2016-01-31,38.9,0.2955402820512821
2016-01-31,39.0,0.45795299999999994
2016-02-01,37.6,0.3219736853932583
2016-02-01,37.7,0.3190477368421053
2016-02-01,37.8,0.30895660256410257
2016-02-01,37.9,0.30576190277777787
2016-02-01,38.0,0.3601317972972973
2016-02-01,38.1,0.36879657534246585
2016-02-01,38.2,0.33153582894736855
2016-02-01,38.3,0.3141642631578946
2016-02-01,38.4,0.31194539473684196
2016-02-01,38.5,0.3133127599999999
2016-02-01,38.6,0.3092050675675676
2016-02-01,38.7,0.3144944285714286
2016-02-01,38.8,0.32455155
2016-02-01,38.9,0.44453025641025634
2016-02-01,39.0,0.5377230476190477
2016-02-02,38.7,0.29988183333333335
2016-02-02,38.8,0.29453715624999993
2016-02-02,38.9,0.2949462121212122
2016-02-02,39.0,0.3720512666666666
2016-02-16,37.6,
2016-02-16,38.1,0.4233475294117647
2016-02-16,38.2,0.29003885714285715
2016-02-16,38.3,0.2832789761904762
2016-02-16,38.4,0.28759759523809525
2016-02-16,38.5,0.2924635
2016-02-16,38.6,0.29229415909090906
2016-02-16,38.7,0.29060011904761907
2016-02-16,38.8,0.29151684999999994
2016-02-16,38.9,0.28904745
2016-02-16,39.0,0.28520706666666673
2016-02-17,38.9,0.4200782702702702
2016-02-17,39.0,0.4422189433962264
2016-02-18,37.6,0.29312975555555554
2016-02-18,37.7,0.3047104
2016-02-18,37.8,0.33999585714285707
2016-02-18,37.9,0.3547226046511627
2016-02-18,38.0,0.32892744186046513
2016-02-18,38.1,0.30253255813953495
2016-02-18,38.2,0.29698471428571427
2016-02-18,38.3,0.29909533333333327
2016-02-18,38.4,0.2965150909090909
2016-02-18,38.5,0.29412029545454543
2016-02-18,38.6,0.30090036363636363
2016-02-18,38.7,0.310745
2016-02-18,38.8,0.35826595
2016-02-18,38.9,0.392507
2016-02-19,37.6,0.3159625405405405
2016-02-19,37.7,0.3192975641025641
2016-02-19,37.8,0.30170174358974355
2016-02-19,37.9,0.31799864102564096
2016-02-19,38.0,0.33522787179487185
2016-02-19,38.1,0.3251418157894737
2016-02-19,38.2,0.31042913157894736
2016-02-19,38.3,0.30282609756097567
2016-02-19,38.4,0.2971201578947369
2016-02-19,38.5,0.29102733333333325
2016-02-19,38.6,0.28866978048780495
2016-02-19,38.7,0.29136440476190467
2016-02-19,38.8,0.29315005128205124
2016-02-19,38.9,0.305671076923077
2016-02-19,39.0,0.3144741428571428
2016-02-21,37.6,0.29070239999999997
2016-02-21,37.7,0.2922531707317073
2016-02-21,37.8,0.3172282558139534
2016-02-21,37.9,0.33643473170731714
2016-02-21,38.0,0.3088538292682928
2016-02-21,38.1,0.29591378048780487
2016-02-21,38.2,0.29392452380952383
2016-02-21,38.3,0.2881261707317073
2016-02-21,38.4,0.28654221951219516
2016-02-21,38.5,0.28300895121951214
2016-02-21,38.6,0.28930124999999995
2016-02-21,38.7,0.29704528947368414
2016-02-21,38.8,0.31730278947368423
2016-02-21,38.9,0.3855069210526315
2016-02-21,39.0,0.4194431454545454
2016-02-22,37.6,0.3371932978723404
2016-02-22,37.7,0.2978758529411765
2016-02-22,37.8,0.2969441428571429
2016-02-22,37.9,0.3178382500000001
2016-02-22,38.0,0.3481364571428571
2016-02-22,38.1,0.3331253055555556
2016-02-22,38.2,0.3248200555555556
2016-02-22,38.3,0.3295804054054054
2016-02-22,38.4,0.4492395675675676
2016-02-22,38.5,0.35565182500000003
2016-02-22,38.6,0.30078333333333335
2016-02-22,38.7,0.2915508205128205
2016-02-22,38.8,0.29288815000000007
2016-02-22,38.9,0.2977175249999999
2016-02-22,39.0,0.30278775
2016-02-23,37.6,0.2949250285714286
2016-02-23,37.7,0.29443860975609754
2016-02-23,37.8,0.3220941707317074
2016-02-23,37.9,0.3497115714285715
2016-02-23,38.0,0.3307790243902439
2016-02-23,38.1,0.31139374999999997
2016-02-23,38.2,0.30145342499999994
2016-02-23,38.3,0.29873967500000004
2016-02-23,38.4,0.29536843589743594
2016-02-23,38.5,0.2917603947368421
2016-02-23,38.6,0.29169641025641024
2016-02-23,38.7,0.2960542631578948
2016-02-23,38.8,0.30646612820512825
2016-02-23,38.9,0.36036420512820516
2016-02-23,39.0,0.41281162745098043
2016-02-24,37.4,0.38551572727272726
2016-02-25,37.6,0.3643161724137932
2016-02-25,37.7,0.381961923076923
2016-02-25,37.8,0.383285972972973
2016-02-25,37.9,0.5688360555555555
2016-02-25,38.0,0.6293798421052632
2016-02-25,38.1,0.5437166944444444
2016-02-25,38.2,0.4505676216216218
2016-02-25,38.3,0.4061380555555555
2016-02-25,38.4,0.4114255945945946
2016-02-25,38.5,0.4117065945945945
2016-02-25,38.6,0.37127656756756755
2016-02-25,38.7,0.34502302702702703
2016-02-25,38.8,0.34761466666666657
2016-02-25,38.9,0.393220054054054
2016-02-25,39.0,0.4754582222222223
2016-03-01,37.6,0.40263299999999996
2016-03-01,37.7,0.40029721052631584
2016-03-01,37.8,0.4845896578947368
2016-03-01,37.9,0.6420865405405405
2016-03-01,38.0,0.6541325925925926
2016-03-01,38.1,0.5033334374999999
2016-03-01,38.2,0.4016621081081082
2016-03-01,38.3,0.38746868421052627
2016-03-01,38.4,0.42711632432432434
2016-03-01,38.5,0.4462800277777778
2016-03-01,38.6,0.40675781818181816
2016-03-02,38.6,0.3700635
2016-03-02,38.7,0.3416364571428571
2016-03-02,38.8,0.3283327714285715
2016-03-02,38.9,0.34313151428571437
2016-03-02,39.0,0.5002773333333335
2016-03-05,37.6,0.4300278095238096
2016-03-05,37.7,0.5732336000000001
2016-03-05,37.8,0.4911545897435897
2016-03-05,37.9,0.5464762051282052
2016-03-05,38.0,0.5838082368421053
2016-03-05,38.1,0.5512053589743591
2016-03-05,38.2,0.5096466153846152
2016-03-05,38.3,0.4686490256410257
2016-03-05,38.4,0.44526287499999995
2016-03-05,38.5,0.42036661538461534
2016-03-05,38.6,0.34783202500000004
2016-03-05,38.7,0.35763005128205133
2016-03-05,38.8,0.451174641025641
2016-03-05,38.9,0.6649384210526316
2016-03-05,39.0,0.742937306122449
2016-03-06,37.6,
2016-03-06,37.7,
2016-03-06,37.8,
2016-03-06,37.9,
2016-03-06,38.0,
2016-03-06,38.1,
2016-03-06,38.2,
2016-03-06,38.3,
2016-03-06,38.4,
2016-03-06,38.5,
2016-03-06,38.6,
2016-03-06,38.7,
2016-03-06,38.8,
2016-03-06,38.9,
2016-03-06,39.0,
2016-03-09,39.0,0.805330981818182
2016-03-10,37.6,0.4748085151515151
2016-03-10,37.7,0.5006503249999998
2016-03-10,37.8,0.33225497499999995
2016-03-10,37.9,0.33955517073170727
2016-03-10,38.0,0.4484318250000001
2016-03-10,38.1,0.48403131707317065
2016-03-10,38.2,0.46193059999999997
2016-03-10,38.3,0.4462196923076924
2016-03-10,38.4,0.41940517948717954
2016-03-10,38.5,0.40911161538461543
2016-03-10,38.6,0.36270843589743584
2016-03-10,38.7,0.3417074615384616
2016-03-10,38.8,0.3892441282051282
2016-03-10,38.9,0.6193986999999999
2016-03-10,39.0,0.8633154000000001
2016-03-13,37.6,0.45241323913043485
2016-03-13,37.7,0.43815347368421054
2016-03-13,37.8,0.3083715
2016-03-13,37.9,0.32901056410256413
2016-03-13,38.0,0.39009207692307696
2016-03-13,38.1,0.4601383076923078
2016-03-13,38.2,0.45481237499999994
2016-03-13,38.3,0.4481399761904761
2016-03-13,38.4,0.4295936829268294
2016-03-13,38.5,0.3977432682926829
2016-03-13,38.6,0.3744305609756097
2016-03-13,38.7,0.3624639756097561
2016-03-13,38.8,0.44204740000000003
2016-03-13,38.9,0.5911511025641025
2016-03-13,39.0,0.7125563877551021
2016-03-14,37.6,0.550834
2016-03-14,37.7,0.5060685428571428
2016-03-14,37.8,0.4326964705882354
2016-03-14,37.9,0.32350873529411767
2016-03-14,38.0,0.32713087878787883
2016-03-14,38.1,0.37461344117647066
2016-03-14,38.2,0.4450245454545453
2016-03-14,38.3,0.4369321515151516
2016-03-14,38.4,0.41420344117647057
2016-03-14,38.5,0.410536
2016-03-14,38.6,0.38574042857142854
2016-03-14,38.7,0.3483302222222222
2016-03-14,38.8,0.3217804857142858
2016-03-14,38.9,0.3614961142857143
2016-03-14,39.0,0.46325073913043474
2016-03-16,37.6,
2016-03-16,37.7,
2016-03-16,37.8,
2016-03-16,37.9,
2016-03-16,38.0,
2016-03-16,38.1,
2016-03-16,38.2,
2016-03-16,38.3,
2016-03-16,38.4,
2016-03-16,38.5,
2016-03-16,38.6,
2016-03-16,38.7,
2016-03-16,38.8,
2016-03-16,38.9,
2016-03-16,39.0,
2016-03-17,37.6,0.5233213548387099
2016-03-17,37.7,0.5213413142857143
2016-03-17,37.8,0.3942985151515152
2016-03-17,37.9,0.31541827272727263
2016-03-17,38.0,0.30140940625
2016-03-17,38.1,0.3250635151515152
2016-03-17,38.2,0.34373571875000003
2016-03-17,38.3,0.3398721818181818
2016-03-17,38.4,0.3300740000000001
2016-03-17,38.5,0.32997890625000004
2016-03-17,38.6,0.32897548484848477
2016-03-17,38.7,0.31950409374999994
2016-03-17,38.8,0.3106046363636364
2016-03-17,38.9,0.30136906060606067
2016-03-17,39.0,0.3125338888888889
2016-03-18,38.4,0.318759888888889
2016-03-18,38.5,0.32538184210526316
2016-03-18,38.6,0.32073842105263156
2016-03-18,38.7,0.33011864102564104
2016-03-18,38.8,0.3558146315789474
2016-03-18,38.9,0.45693080487804877
2016-03-18,39.0,0.5343760357142856
2016-03-19,37.5,0.5290596999999998
2016-03-19,37.6,0.3746292368421052
2016-03-19,37.7,0.274786282051282
2016-03-19,37.8,0.27458071794871797
2016-03-19,37.9,0.283768825
2016-03-19,38.0,0.31171707692307693
2016-03-19,38.1,0.34585207692307685
2016-03-19,38.2,0.3333943157894737
2016-03-19,38.3,0.3152966578947368
2016-03-19,38.4,0.3143810909090909
2016-03-21,37.6,0.4013600270270271
2016-03-21,37.7,0.3278475142857143
2016-03-21,37.8,0.2843834242424243
2016-03-21,37.9,0.2755883428571429
2016-03-21,38.0,0.27855178787878787
2016-03-21,38.1,0.2997591764705882
2016-03-21,38.2,0.31461170588235293
2016-03-21,38.3,0.30463481818181815
2016-03-21,38.4,0.2986165588235295
2016-03-21,38.5,0.3106580909090909
2016-03-21,38.6,0.3171261764705883
2016-03-21,38.7,0.31755418181818185
2016-03-21,38.8,0.31673114705882355
2016-03-21,38.9,0.33444712121212117
2016-03-21,39.0,0.45469183870967733
2016-03-23,37.6,0.4327284482758621
2016-03-23,37.7,0.364735425
2016-03-23,37.8,0.28231230769230775
2016-03-23,37.9,0.29937585
2016-03-23,38.0,0.34320069230769235
2016-03-23,38.1,0.4112648250000001
2016-03-23,38.2,0.368879875
2016-03-23,38.3,0.32629317499999994
2016-03-23,38.4,0.34682818421052647
2016-03-23,38.5,0.34804402564102566
2016-03-23,38.6,0.3360501891891892
2016-03-23,38.7,0.3301183243243243
2016-03-23,38.8,0.38707535135135135
2016-03-23,38.9,0.5325658249999999
2016-03-23,39.0,0.5829153478260871
2016-03-25,37.6,0.3963915454545454
2016-03-25,37.7,0.3583402222222222
2016-03-25,37.8,0.2979407714285714
2016-03-25,37.9,0.29289224999999997
2016-03-25,38.0,0.3021673428571428
2016-03-25,38.1,0.41109927027027016
2016-03-25,38.2,0.5446020277777777
2016-03-25,38.3,0.5751792972972972
2016-03-25,38.4,0.34536072222222225
2016-03-25,38.5,0.2904445675675675
2016-03-25,38.6,0.27749322222222234
2016-03-25,38.7,0.2741440571428571
2016-03-25,38.8,0.2707836
2016-03-25,38.9,0.27178020588235297
2016-03-25,39.0,0.29748687499999993
2016-03-26,37.6,0.3659673142857143
2016-03-26,37.7,0.30009425
2016-03-26,37.8,0.283042875
2016-03-26,37.9,0.29433080000000006
2016-03-26,38.0,0.3151228717948718
2016-03-26,38.1,0.3362705641025641
2016-03-26,38.2,0.33164365
2016-03-26,38.3,0.3137282195121951
2016-03-26,38.4,0.31158442499999994
2016-03-26,38.5,0.3481793749999999
2016-03-26,38.6,0.4012815609756096
2016-03-26,38.7,0.3369647209302326
2016-03-26,38.8,0.37789776190476193
2016-03-26,38.9,0.4825349523809524
2016-03-26,39.0,0.557713612244898
2016-04-01,37.6,0.2996291944444444
2016-04-01,37.7,0.2831244523809524
2016-04-01,37.8,0.2876392558139535
2016-04-01,37.9,0.2927920000000001
2016-04-01,38.0,0.28646564285714277
2016-04-01,38.1,0.2863093571428572
2016-04-01,38.2,0.28796339024390244
2016-04-01,38.3,0.29035356097560977
2016-04-01,38.4,0.2949705609756098
2016-04-01,38.5,0.3167494523809524
2016-04-01,38.6,0.37651519999999994
2016-04-01,38.7,0.3624960238095238
2016-04-01,38.8,0.3567721666666666
2016-04-01,38.9,0.42577062790697656
2016-04-01,39.0,0.4573538157894737
2016-04-03,37.6,0.3731519393939394
2016-04-03,37.7,0.28622082857142844
2016-04-03,37.8,0.2781034411764706
2016-04-03,37.9,0.2787167222222222
2016-04-03,38.0,0.27483171428571423
2016-04-03,38.1,0.27366370588235295
2016-04-03,38.2,0.27182370588235294
2016-04-03,38.3,0.27174643243243246
2016-04-03,38.4,0.27405987878787874
2016-04-03,38.5,0.2737640294117647
2016-04-03,38.6,0.2769093823529412
2016-04-03,38.7,0.2846185142857143
2016-04-03,38.8,0.3029927142857144
2016-04-03,38.9,0.312213742857143
2016-04-03,39.0,0.346892125
2016-04-04,37.6,0.3144760416666666
2016-04-04,37.7,0.3055491136363636
2016-04-04,37.8,0.31784948837209304
2016-04-04,37.9,0.3139556046511628
2016-04-04,38.0,0.31244675609756106
2016-04-04,38.1,0.31072635000000004
2016-04-04,38.2,0.30880510000000005
2016-04-04,38.3,0.31215867499999994
2016-04-04,38.4,0.3141896666666666
2016-04-04,38.5,0.32301959999999996
2016-04-04,38.6,0.3290840256410257
2016-04-04,38.7,0.3837958536585366
2016-04-04,38.8,0.4194585238095238
2016-04-04,38.9,0.48210745454545445
2016-04-04,39.0,0.5864895454545455
2016-04-05,37.6,0.3158142250000001
2016-04-05,37.7,0.29171423529411766
2016-04-05,37.8,0.2981907714285715
2016-04-05,37.9,0.31047288235294124
2016-04-05,38.0,0.3114127058823528
2016-04-05,38.1,0.3047623939393939
2016-04-05,38.2,0.29893233333333336
2016-04-05,38.3,0.30000193939393943
2016-04-05,38.4,0.30258097058823535
2016-04-05,38.5,0.3012937647058823
2016-04-05,38.6,0.29940532352941185
2016-04-05,38.7,0.3205897714285715
2016-04-05,38.8,0.34828265714285706
2016-04-05,38.9,0.39200465714285726
2016-04-05,39.0,0.43005360000000004
2016-04-09,37.6,0.2920973225806452
2016-04-09,37.7,0.2934414102564102
2016-04-09,37.8,0.3063867948717948
2016-04-09,37.9,0.29929378048780486
2016-04-09,38.0,0.29720946341463417
2016-04-09,38.1,0.29849875000000003
2016-04-09,38.2,0.2980177804878049
2016-04-09,38.3,0.29179992500000007
2016-04-09,38.4,0.29395523809523805
2016-04-09,38.5,0.30068269047619056
2016-04-09,38.6,0.3063710232558139
2016-04-09,38.7,0.32398834883720934
2016-04-09,38.8,0.43347214285714264
2016-04-09,38.9,0.6346346097560976
2016-04-09,39.0,0.9508017647058824
2016-04-10,37.6,0.3641501388888889
2016-04-11,37.6,0.33927700000000005
2016-04-11,37.7,0.3102905609756098
2016-04-11,37.8,0.28841492682926834
2016-04-11,37.9,0.2918611219512195
2016-04-11,38.0,0.30493371794871793
2016-04-11,38.1,0.29286187179487183
2016-04-11,38.2,0.27866042105263156
2016-04-11,38.3,0.27856518421052634
2016-04-11,38.4,0.27868736111111114
2016-04-11,38.5,0.31570827777777777
2016-04-11,38.6,0.28172835000000007
2016-04-11,38.7,0.282587947368421
2016-04-11,38.8,0.27993157894736836
2016-04-11,38.9,0.34797886842105263
2016-04-11,39.0,0.42108790909090915
2016-04-14,37.6,0.32091025
2016-04-14,37.7,0.3073500238095239
2016-04-14,37.8,0.34010743902439033
2016-04-14,37.9,0.3410154523809523
2016-04-14,38.0,0.32310351219512196
2016-04-14,38.1,0.2966256428571428
2016-04-14,38.2,0.29066485000000003
2016-04-14,38.3,0.2954247857142858
2016-04-14,38.4,0.2904859000000001
2016-04-14,38.5,0.2903975384615383
2016-04-14,38.6,0.28856302564102565
2016-04-14,38.7,0.28745631578947367
2016-04-14,38.8,0.3007439999999999
2016-04-14,38.9,0.33269224324324326
2016-04-14,39.0,0.4244688857142857
2016-04-15,37.6,0.37048892857142857
2016-04-15,37.7,0.3511121470588236
2016-04-15,37.8,0.3122297142857142
2016-04-15,37.9,0.3211873235294117
2016-04-15,38.0,0.36166466666666663
2016-04-15,38.1,0.34617419444444436
2016-04-15,38.2,0.3052942352941177
2016-04-22,38.9,0.33110258536585363
2016-04-22,39.0,0.3498942222222221
2016-04-25,37.6,0.3840004736842104
2016-04-25,37.7,0.3147247500000001
2016-04-25,37.8,0.2784202857142857
2016-04-25,37.9,0.2699070285714285
2016-04-25,38.0,0.26771680000000003
2016-04-25,38.1,0.2683358285714285
2016-04-25,38.2,0.2781907142857142
2016-04-25,38.3,0.2857143142857143
2016-04-25,38.4,0.28628131249999994
2016-04-25,38.5,0.28665584848484854
2016-04-25,38.6,0.29208245454545456
2016-04-25,38.7,0.28896569696969704
2016-04-25,38.8,0.27980734374999994
2016-04-25,38.9,0.34226451351351345
2016-04-28,39.0,0.302014
2016-05-06,38.9,0.2891603703703703
2016-05-06,39.0,0.28421715384615387
2016-05-09,37.6,0.3497134531250002
2016-05-09,37.7,0.30070277142857144
2016-05-09,37.8,0.28755470731707317
2016-05-09,37.9,0.29156294285714285
2016-05-09,38.0,0.2845790588235294
2016-05-09,38.1,0.2800025428571429
2016-05-09,38.2,0.2843365588235294
2016-05-09,38.3,0.29062820000000006
2016-05-09,38.4,0.3060315454545455
2016-05-09,38.5,0.333862588235294
2016-05-09,38.6,0.3260692352941177
2016-05-09,38.7,0.3199965588235294
2016-05-09,38.8,0.29409547058823526
2016-05-09,38.9,0.2924120303030303
2016-05-09,39.0,0.29103599999999996
2016-05-11,37.6,0.31791814285714287
2016-05-11,37.7,0.31343141304347827
2016-05-11,37.8,0.32069777083333323
2016-05-11,37.9,0.2900366808510638
2016-05-11,38.0,0.2822610869565217
2016-05-11,38.1,0.284569088888889
2016-05-11,38.2,0.2863587674418605
2016-05-11,38.3,0.2902502619047618
2016-05-11,38.4,0.28679226829268295
2016-05-11,38.5,0.27988839024390244
2016-05-11,38.6,0.280423
2016-05-11,38.7,0.28138395000000005
2016-05-11,38.8,0.28801617647058836
2016-05-11,38.9,0.29490310000000003
2016-05-11,39.0,0.3106015
2016-05-17,38.8,0.28528400000000004
2016-05-17,38.9,0.29290685000000005
2016-05-17,39.0,0.3039823220338982
2016-05-18,37.6,0.3213694418604652
2016-05-18,37.7,0.2804835365853659
2016-05-18,37.8,0.27507943589743594
2016-05-18,37.9,0.27693487804878053
2016-05-18,38.0,0.27782704878048786
2016-05-18,38.1,0.2793710731707317
2016-05-18,38.2,0.2815338536585366
2016-05-18,38.3,0.2867191463414635
2016-05-18,38.4,0.2866193902439024
2016-05-18,38.5,0.28356020000000004
2016-05-18,38.6,0.2774825897435897
2016-05-18,38.7,0.2798323846153845
2016-05-18,38.8,0.2839633103448276
2016-05-20,38.8,0.30266544444444443
2016-05-20,38.9,0.36202675609756096
2016-05-20,39.0,0.4668798378378379
2016-05-21,37.6,0.3066234857142857
2016-05-21,37.7,0.284710119047619
2016-05-21,37.8,0.2770876585365854
2016-05-21,37.9,0.2804413488372093
2016-05-21,38.0,0.2817985365853659
2016-05-21,38.1,0.28333055
2016-05-21,38.2,0.2814613902439026
2016-05-21,38.3,0.28300932500000003
2016-05-21,38.4,0.28476
2016-05-21,38.5,0.28621207692307693
2016-05-21,38.6,0.2872798
2016-05-21,38.7,0.2864053846153846
2016-05-21,38.8,0.2952339545454546
2016-05-23,37.4,0.539332923076923
2016-05-23,37.5,0.42818401960784325
2016-05-23,37.6,0.3903896486486486
2016-05-23,37.7,0.3748185263157894
2016-05-23,37.8,0.3581485833333333
2016-05-23,37.9,0.3405388947368421
2016-05-23,38.0,0.33410345945945946
2016-05-23,38.1,0.3365997948717948
2016-05-23,38.2,0.34177372500000003
2016-05-23,38.3,0.3397104318181819
2016-05-23,38.4,0.3405826756756758
2016-05-23,38.5,0.34837692105263157
2016-05-23,38.6,0.3501736578947368
2016-05-23,38.7,0.3486322777777778
2016-05-23,38.8,0.33929757142857137
2016-05-23,38.9,0.34305274285714293
2016-05-23,39.0,0.3758897368421053
2016-05-24,39.0,0.30638
2016-05-25,38.9,0.3535144117647059
2016-05-25,39.0,0.4180310000000001
2016-05-26,37.6,0.35002287931034476
2016-05-26,37.7,0.3039172405063292
2016-05-26,37.8,0.28735343421052645
2016-05-26,37.9,0.2786212435897434
2016-05-26,38.0,0.2778825064935064
2016-05-26,38.1,0.2761932933333333
2016-05-26,38.2,0.27585195945945945
2016-05-26,38.3,0.2754886666666667
2016-05-26,38.4,0.27535625333333336
2016-05-26,38.5,0.27820976923076923
2016-05-26,38.6,0.27755303658536595
2016-05-26,38.7,0.272753738095238
2016-05-26,38.8,0.2929432093023256
2016-05-26,38.9,0.3224778275862068
2016-05-27,38.6,0.2841285
2016-05-27,38.7,0.28008172727272723
2016-05-27,38.8,0.27639591176470585
2016-05-27,38.9,0.2815245882352941
2016-05-27,39.0,0.28748575
2016-05-29,37.6,
2016-05-29,37.7,
2016-05-29,37.8,
2016-05-29,37.9,
2016-05-29,38.0,
2016-05-29,38.1,
2016-05-29,38.2,
2016-05-29,38.3,
2016-05-29,38.4,
2016-05-29,38.5,
2016-05-29,38.6,
2016-05-29,38.7,
2016-05-29,38.8,
2016-05-29,38.9,
2016-05-29,39.0,
2016-06-01,37.6,0.3812686842105264
2016-06-01,37.7,0.3044154615384616
2016-06-01,37.8,0.2941910512820512
2016-06-01,37.9,0.2867524571428572
2016-06-01,38.0,0.2863156111111111
2016-06-01,38.1,0.28231528571428577
2016-06-01,38.2,0.27914294444444443
2016-06-01,38.3,0.28042355882352943
2016-06-01,38.4,0.27899465714285715
2016-06-01,38.5,0.278948294117647
2016-06-01,38.6,0.2800141428571428
2016-06-01,38.7,0.2782966176470588
2016-06-01,38.8,0.28044211764705884
2016-06-01,38.9,0.28941223529411764
2016-06-01,39.0,0.2980800454545455
2016-06-02,37.6,0.2885753749999999
2016-06-02,37.7,0.29303197619047616
2016-06-02,37.8,0.2860387560975609
2016-06-02,37.9,0.28381882500000005
2016-06-02,38.0,0.28192451282051284
2016-06-02,38.1,0.28214521052631586
2016-06-02,38.2,0.2815166666666667
2016-06-02,38.3,0.28176120512820513
2016-06-02,38.4,0.2830851
2016-06-02,38.5,0.28311036585365856
2016-06-02,38.6,0.2835793333333333
2016-06-02,38.7,0.28411272093023265
2016-06-02,38.8,0.2932356428571429
2016-06-02,38.9,0.30920527906976747
2016-06-02,39.0,0.4215823921568626
2016-06-05,37.6,0.38622097674418604
2016-06-05,37.7,0.3145174285714286
2016-06-05,37.8,0.29666155555555557
2016-06-05,37.9,0.29224845945945943
2016-06-05,38.0,0.2899189444444445
2016-06-05,38.1,0.28730311904761896
2016-06-05,38.2,0.28402582500000007
2016-06-05,38.3,0.27945797297297303
2016-06-05,38.4,0.2791614054054054
2016-06-05,38.5,0.27922425000000006
2016-06-05,38.6,0.2781318055555555
2016-06-05,38.7,0.27806288888888897
2016-06-05,38.8,0.28077845945945945
2016-06-05,38.9,0.29072519999999996
2016-06-05,39.0,0.3171337826086956
2016-06-09,39.0,
2016-06-13,37.6,0.34711016666666666
2016-06-13,37.7,0.3000398571428571
2016-06-13,37.8,0.2933177777777778
2016-06-13,37.9,0.2908102972972972
2016-06-13,38.0,0.2915033333333333
2016-06-13,38.1,0.29103868421052637
2016-06-13,38.2,0.28483405405405404
2016-06-13,38.3,0.2822735945945946
2016-06-13,38.4,0.28304566666666675
2016-06-13,38.5,0.28415637837837837
2016-06-13,38.6,0.2824861666666666
2016-06-13,38.7,0.28119726315789473
2016-06-13,38.8,0.2843911578947369
2016-06-13,38.9,0.2873422432432432
2016-06-13,39.0,0.2858227894736842
2016-06-29,38.9,0.399943
2016-06-29,39.0,0.5046728
2016-06-30,37.6,
2016-06-30,37.7,
2016-06-30,37.8,
2016-06-30,37.9,
2016-06-30,38.0,
2016-06-30,38.1,
2016-06-30,38.2,
2016-06-30,38.3,
2016-06-30,38.4,
2016-06-30,38.5,
2016-06-30,38.6,
2016-06-30,38.7,
2016-06-30,38.8,
2016-06-30,38.9,
2016-07-14,37.6,0.33557217021276586
2016-07-14,37.7,0.32839492682926824
2016-07-14,37.8,0.3248314102564103
2016-07-14,37.9,0.3212828780487804
2016-07-14,38.0,0.3217406153846154
2016-07-14,38.1,0.3202770243902438
2016-07-14,38.2,0.32751462500000006
2016-07-14,38.3,0.31630478048780486
2016-07-14,38.4,0.3188176976744186
2016-07-14,38.5,0.3191687317073171
2016-07-14,38.6,0.33845620000000004
2016-07-14,38.7,0.37903782500000005
2016-07-14,38.8,0.4620277692307691
2016-07-14,38.9,0.4798325897435898
2016-07-14,39.0,0.5673104444444443
2016-07-16,37.6,0.41728461363636365
2016-07-16,37.7,0.37172719512195124
2016-07-16,37.8,0.36147375609756094
2016-07-16,37.9,0.3662765
2016-07-16,38.0,0.3665355476190476
2016-07-16,38.1,0.38601658139534883
2016-07-16,38.2,0.3627419047619049
2016-07-16,38.3,0.333047775
2016-07-16,38.4,0.3581197631578947
2016-07-16,38.5,0.35783916216216216
2016-07-16,38.6,0.35474048648648643
2016-07-16,38.7,0.34416258333333327
2016-07-16,38.8,0.3434131142857142
2016-07-16,38.9,0.3927530285714286
2016-07-16,39.0,0.5344681176470588
2016-07-22,38.9,1.304575
2016-07-22,39.0,0.8365085714285713
2016-08-03,37.6,0.528956125
2016-08-03,37.7,0.4471263611111111
2016-08-03,37.8,0.39223336111111107
2016-08-03,37.9,0.35863322222222227
2016-08-03,38.0,0.36896763888888895
2016-08-03,38.1,0.37618064864864864
2016-08-03,38.2,0.3779706315789474
2016-08-03,38.3,0.3661213333333333
2016-08-03,38.4,0.36187466666666673
2016-08-03,38.5,0.36096977142857156
2016-08-03,38.6,0.35981785714285713
2016-08-03,38.7,0.3659644857142858
2016-08-03,38.8,0.37667234285714285
2016-08-03,38.9,0.4175785882352942
2016-08-03,39.0,0.501280375
2016-08-04,39.0,0.51139
2016-08-05,38.9,0.5463205624999999
2016-08-05,39.0,0.5511220625
2016-08-06,37.6,0.3652565263157894
2016-08-06,37.7,0.3279598604651163
2016-08-06,37.8,0.33476806976744183
2016-08-06,37.9,0.3227489302325582
2016-08-06,38.0,0.334260725
2016-08-06,38.1,0.3140052750000001
2016-08-06,38.2,0.31910190000000005
2016-08-06,38.3,0.30777665
2016-08-06,38.4,0.29961570000000004
2016-08-06,38.5,0.31056970731707323
2016-08-06,38.6,0.32802830000000005
2016-08-06,38.7,0.36813183720930237
2016-08-06,38.8,0.4163566818181818
2016-08-06,38.9,0.5244770333333333
2016-08-08,37.6,0.5356134482758621
2016-08-08,37.7,0.5287065714285712
2016-08-08,37.8,0.45357434285714293
2016-08-08,37.9,0.43970375000000006
2016-08-08,38.0,0.4150858857142857
2016-08-08,38.1,0.39909361111111114
2016-08-08,38.2,0.37353311428571434
2016-08-08,38.3,0.37103330555555547
2016-08-08,38.4,0.36939205714285717
2016-08-08,38.5,0.36388908333333336
2016-08-08,38.6,0.36758744117647063
2016-08-08,38.7,0.38253108333333335
2016-08-08,38.8,0.4025017368421053
2016-08-08,38.9,0.51779875
2016-08-08,39.0,0.5704971666666667
2016-08-11,38.9,0.47292332142857146
2016-08-11,39.0,0.5561474499999999
2016-08-12,37.6,0.3758991025641025
2016-08-12,37.7,0.34426004651162784
2016-08-12,37.8,0.35483782926829277
2016-08-12,37.9,0.3580551162790697
2016-08-12,38.0,0.3539196976744186
2016-08-12,38.1,0.3498326904761904
2016-08-12,38.2,0.335722511627907
2016-08-12,38.3,0.3305912558139534
2016-08-12,38.4,0.32484199999999996
2016-08-12,38.5,0.3229831739130435
2016-08-12,38.6,0.3192501818181817
2016-08-12,38.7,0.3500215714285713
2016-08-12,38.8,0.446362825
2016-08-12,38.9,0.4563040000000001
2016-08-14,37.4,0.6699395714285714
2016-08-14,37.5,0.6783894150943398
2016-08-14,37.6,0.4685974736842106
2016-08-14,37.7,0.370323945945946
2016-08-14,37.8,0.3538556486486486
2016-08-14,37.9,0.34708389189189204
2016-08-14,38.0,0.3675752894736842
2016-08-14,38.1,0.35883738461538445
2016-08-14,38.2,0.3506639487179487
2016-08-14,38.3,0.34486571052631587
2016-08-14,38.4,0.342601027027027
2016-08-14,38.5,0.3393364054054054
2016-08-14,38.6,0.3366701578947368
2016-08-14,38.7,0.33775997368421057
2016-08-14,38.8,0.34880500000000003
2016-08-14,38.9,0.39438383783783787
2016-08-14,39.0,0.4563214444444444
2016-09-03,37.6,0.4062565714285714
2016-09-03,37.7,0.4155154666666666
2016-09-04,37.7,0.4113075
2016-09-04,37.8,0.4155480277777777
2016-09-04,37.9,0.39260858333333337
2016-09-04,38.0,0.38977422222222236
2016-09-04,38.1,0.3833090810810812
2016-09-04,38.2,0.3851362702702702
2016-09-04,38.3,0.3819922222222221
2016-09-04,38.4,0.37376451428571433
2016-09-04,38.5,0.3722065000000001
2016-09-04,38.6,0.37254213513513523
2016-09-04,38.7,0.3711229166666667
2016-09-04,38.8,0.37011362857142854
2016-09-04,38.9,0.37350951428571416
2016-09-04,39.0,0.3753112400000001
2016-09-05,38.9,0.41111103448275854
2016-09-05,39.0,0.41641282608695646
2016-09-06,37.6,0.43844306451612913
2016-09-06,37.7,0.42683774418604653
2016-09-06,37.8,0.43231072093023265
2016-09-06,37.9,0.4342074418604653
2016-09-06,38.0,0.4280995238095238
2016-09-06,38.1,0.42585495
2016-09-06,38.2,0.41534957142857143
2016-09-06,38.3,0.42084256097560974
2016-09-06,38.4,0.4121741463414634
2016-09-06,38.5,0.4052601951219511
2016-09-06,38.6,0.4039434186046511
2016-09-06,38.7,0.4060478095238096
2016-09-06,38.8,0.41119445652173914
2016-09-06,38.9,0.4210908461538461
2016-09-20,37.6,0.5176467368421053
2016-09-20,37.7,0.392969
2016-09-20,37.8,0.39078635135135137
2016-09-20,37.9,0.3923334054054054
2016-09-20,38.0,0.3958030789473684
2016-09-20,38.1,0.39076878378378377
2016-09-20,38.2,0.38619686486486493
2016-09-20,38.3,0.3809440810810812
2016-09-20,38.4,0.3813027499999999
2016-09-20,38.5,0.38409131249999995
2016-09-21,38.5,0.38403825
2016-09-21,38.6,0.3799339444444445
2016-09-21,38.7,0.38041353658536586
2016-09-21,38.8,0.38045074999999984
2016-09-21,38.9,0.4176536578947369
2016-09-21,39.0,0.45195008333333325
2016-09-23,39.0,
2016-09-28,37.6,0.3929630232558139
2016-09-28,37.7,0.3918759090909092
2016-09-28,37.8,0.39430727906976737
2016-09-28,37.9,0.39361190697674425
2016-09-28,38.0,0.39332935555555565
2016-09-28,38.1,0.39471953658536596
2016-09-28,38.2,0.3995617857142857
2016-09-28,38.3,0.4025377380952382
2016-09-28,38.4,0.40316560465116275
2016-09-28,38.5,0.4019824374999999
2016-09-28,38.6,0.40509446666666654
2016-09-28,38.7,0.40551609090909085
2016-09-28,38.8,0.41099043181818185
2016-09-28,38.9,0.41245265909090906
2016-09-28,39.0,0.42003738461538465
2016-10-08,38.9,0.34729515384615384
2016-10-08,39.0,0.4844996666666666
2016-10-09,37.6,0.3520604166666666
2016-10-09,37.7,0.3591672222222222
2016-10-09,37.8,0.3551057111111111
2016-10-09,37.9,0.35707859090909083
2016-10-09,38.0,0.3505894318181818
2016-10-09,38.1,0.34478754347826085
2016-10-09,38.2,0.3468380681818183
2016-10-09,38.3,0.34750073913043467
2016-10-09,38.4,0.3470731063829788
2016-10-09,38.5,0.34858238297872346
2016-10-09,38.6,0.3476428750000001
2016-10-09,38.7,0.34643831914893625
2016-10-09,38.8,0.3472146818181818
2016-10-09,38.9,0.34941756250000006
2016-10-10,37.6,0.5404907247706422
2016-10-10,37.7,0.3882536511627907
2016-10-10,37.8,0.3881325238095239
2016-10-10,37.9,0.38644430232558147
2016-10-10,38.0,0.3850312380952381
2016-10-10,38.1,0.3745444285714286
2016-10-10,38.2,0.3661068139534883
2016-10-10,38.3,0.36793389473684207
2016-10-11,38.3,0.37123019999999995
2016-10-11,38.4,0.3704911860465116
2016-10-11,38.5,0.36938254761904754
2016-10-11,38.6,0.367529525
2016-10-11,38.7,0.36514036585365844
2016-10-11,38.8,0.3661614102564103
2016-10-11,38.9,0.36835615
2016-10-11,39.0,0.38630219512195124
