Date,Latitude,pH
2015-10-14,37.5,8.063186138613867
2015-10-15,37.6,8.074158181818179
2015-10-15,37.7,8.147021999999998
2015-10-15,37.8,8.161391666666665
2015-10-15,37.9,8.177703448275862
2015-10-16,39.0,8.1209
2015-10-17,38.1,8.180928571428572
2015-10-17,38.2,8.197773333333332
2015-10-17,38.3,8.214969230769231
2015-10-17,38.4,8.235594545454546
2015-10-17,38.5,8.219170895522392
2015-10-17,38.6,8.217518518518386
2015-10-17,38.7,8.19866126230457
2015-10-17,38.8,8.192146363636352
2015-10-18,37.6,7.952466666666666
2015-10-18,37.7,8.072257142857142
2015-10-19,37.8,8.103370000000002
2015-10-19,37.9,8.131339622641509
2015-10-19,38.0,8.156305555555555
2015-10-19,38.1,8.16231886792453
2015-10-19,38.2,8.168774545454548
2015-10-19,38.3,8.205750909090911
2015-10-19,38.4,8.208119642857143
2015-10-19,38.5,8.2061649122807
2015-10-19,38.6,8.2026125
2015-10-19,38.7,8.195998245614035
2015-10-19,38.8,8.114196363636363
2015-10-19,38.9,8.030254716981128
2015-10-19,39.0,8.052932258064518
2015-10-24,38.4,8.21724
2015-10-24,38.5,8.218582456140348
2015-10-24,38.6,8.224335000000002
2015-10-24,38.7,8.205838596491226
2015-10-24,38.8,8.174801754385964
2015-10-24,38.9,8.104713333333331
2015-10-24,39.0,8.0098
2015-10-25,37.6,8.083086440677967
2015-10-25,37.7,8.135991379310344
2015-10-25,37.8,8.14551525423729
2015-10-25,37.9,8.139810169491525
2015-10-25,38.0,8.13625
2015-10-25,38.1,8.142156140350876
2015-10-25,38.2,8.159227586206894
2015-10-25,38.3,8.17375
2015-10-25,38.4,8.215089189189186
2015-11-09,37.6,7.976163716814158
2015-11-10,37.6,8.1799
2015-11-10,37.7,8.18152741935484
2015-11-10,37.8,8.149444067796606
2015-11-10,37.9,8.147457627118644
2015-11-10,38.0,8.143739285714286
2015-11-10,38.1,8.12312037037037
2015-11-10,38.2,8.115163461538462
2015-11-10,38.3,8.115054901960786
2015-11-10,38.4,8.1444
2015-11-10,38.5,8.136347916666667
2015-11-10,38.6,8.109968750000002
2015-11-10,38.7,8.071159574468084
2015-11-10,38.8,8.064458333333334
2015-11-10,38.9,8.058355102040816
2015-11-10,39.0,8.04223023255814
2015-11-11,37.6,8.173766666666664
2015-11-11,37.7,8.187400000000002
2015-11-11,37.8,8.197820754716979
2015-11-11,37.9,8.154149056603774
2015-11-11,38.0,8.146409803921568
2015-11-11,38.1,8.13487924528302
2015-11-11,38.2,8.126063461538463
2015-11-11,38.3,8.131643137254903
2015-11-11,38.4,8.157475999999997
2015-11-11,38.5,8.156695833333332
2015-11-11,38.6,8.126089583333334
2015-11-11,38.7,8.10265652173913
2015-11-11,38.8,8.109812765957447
2015-11-11,38.9,8.0704
2015-11-11,39.0,7.954200000000001
2015-11-12,37.6,8.091270000000002
2015-11-12,37.7,8.186009615384616
2015-11-12,37.8,8.197958181818182
2015-11-12,37.9,8.151918867924527
2015-11-12,38.0,8.145179629629629
2015-11-12,38.1,8.130511320754717
2015-11-12,38.2,8.12508679245283
2015-11-12,38.3,8.120015094339623
2015-11-12,38.4,8.135164912280702
2015-11-12,38.5,8.12834814814815
2015-11-12,38.6,8.115290909090907
2015-11-12,38.7,8.078692592592594
2015-11-12,38.8,8.069550877192981
2015-11-12,38.9,8.058368518518519
2015-11-12,39.0,8.0563
2015-11-13,37.6,8.172611428571429
2015-11-13,37.7,8.194247058823526
2015-11-13,37.8,8.20498431372549
2015-11-13,37.9,8.167984615384619
2015-11-13,38.0,8.143794444444445
2015-11-13,38.1,8.137655769230772
2015-11-13,38.2,8.134801886792452
2015-11-13,38.3,8.139715094339625
2015-11-13,38.4,8.151152830188678
2015-11-13,38.5,8.144979245283022
2015-11-13,38.6,8.137240384615383
2015-11-13,38.7,8.103578846153848
2015-11-13,38.8,8.111380392156866
2015-11-13,38.9,8.0951
2015-11-14,37.6,8.05711052631579
2015-11-14,37.7,8.191867391304347
2015-11-14,37.8,8.173606382978724
2015-11-14,37.9,8.154933333333336
2015-11-14,38.0,8.150831250000001
2015-11-14,38.1,8.13811489361702
2015-11-14,38.2,8.131253061224488
2015-11-14,38.3,8.128859183673471
2015-11-14,38.4,8.145337735849056
2015-11-14,38.5,8.146505999999999
2015-11-14,38.6,8.117952000000002
2015-11-14,38.7,8.0839
2015-11-14,38.8,8.07267966101695
2015-11-14,38.9,8.066156097560976
2015-11-19,38.8,7.7159320000000005
2015-11-19,38.9,7.956767032967033
2015-11-19,39.0,7.9968724137931035
2015-11-20,37.6,8.098932432432433
2015-11-20,37.7,8.173046808510634
2015-11-20,37.8,8.16821182795699
2015-11-20,37.9,8.16797052631579
2015-11-20,38.0,8.161962000000003
2015-11-20,38.1,8.14605612244898
2015-11-20,38.2,8.13108585858586
2015-11-20,38.3,8.137684782608698
2015-11-20,38.4,8.158722916666667
2015-11-20,38.5,8.135780392156862
2015-11-20,38.6,8.130808
2015-11-20,38.7,8.111479591836734
2015-11-20,38.8,8.096706382978722
2015-11-20,38.9,8.0864125
2015-11-21,38.3,8.13585
2015-11-21,38.4,8.135144444444444
2015-11-21,38.5,8.112112857142856
2015-11-21,38.6,8.12111756756757
2015-11-21,38.7,8.109663380281688
2015-11-21,38.8,8.101906451612907
2015-11-21,38.9,8.095167307692309
2015-11-21,39.0,8.091682142857145
2015-11-24,39.0,7.545344444444443
2015-11-25,39.0,8.016036666666668
2015-11-26,38.9,8.077965625000001
2015-11-26,39.0,7.7379999999999995
2015-11-27,37.6,8.1623125
2015-11-27,37.7,8.176936734693879
2015-11-27,37.8,8.158932653061225
2015-11-27,37.9,8.160723076923079
2015-11-27,38.0,8.152215686274507
2015-11-27,38.1,8.130760784313726
2015-11-27,38.2,8.12204081632653
2015-11-27,38.3,8.105336000000001
2015-11-27,38.4,8.116844680851063
2015-11-27,38.5,8.126057446808508
2015-11-27,38.6,8.134335555555554
2015-11-27,38.7,8.127082222222223
2015-11-27,38.8,8.121693617021279
2015-11-27,38.9,8.112582352941176
2015-11-29,37.6,7.999910256410257
2015-11-29,37.7,8.169674137931036
2015-11-29,37.8,8.17480344827586
2015-11-29,37.9,8.179525423728816
2015-11-29,38.0,8.169510769230769
2015-11-29,38.1,8.147405633802814
2015-11-29,38.2,8.128276811594207
2015-11-29,38.3,8.105870588235293
2015-11-29,38.4,8.09732957746479
2015-11-29,38.5,8.120747761194032
2015-11-29,38.6,8.1156
2015-11-29,38.7,8.111026666666666
2015-11-29,38.8,8.110515517241378
2015-11-29,38.9,8.107944444444444
2015-11-29,39.0,8.111728571428571
2015-12-04,38.7,8.138502040816325
2015-12-04,38.8,8.137393413173653
2015-12-04,38.9,8.117848701298696
2015-12-04,39.0,7.9273266666666675
2015-12-05,37.6,8.204978571428573
2015-12-05,37.7,8.194908333333336
2015-12-05,37.8,8.186736734693877
2015-12-05,37.9,8.180146938775513
2015-12-05,38.0,8.177219230769232
2015-12-05,38.1,8.149368
2015-12-05,38.2,8.128627450980392
2015-12-05,38.3,8.125307843137255
2015-12-05,38.4,8.149257692307692
2015-12-05,38.5,8.149537735849053
2015-12-05,38.6,8.147020408163263
2015-12-05,38.7,8.1462
2015-12-06,37.6,8.009456756756759
2015-12-06,37.7,8.059709090909093
2015-12-06,37.8,8.076342857142857
2015-12-06,37.9,8.093457142857144
2015-12-06,38.0,8.104618604651165
2015-12-06,38.1,8.099127906976744
2015-12-06,38.2,8.086950000000002
2015-12-06,38.3,8.076327906976742
2015-12-06,38.4,8.109213636363636
2015-12-06,38.5,8.111234090909093
2015-12-06,38.6,8.114918181818183
2015-12-06,38.7,8.114722222222223
2015-12-06,38.8,8.108340909090908
2015-12-06,38.9,8.124568181818184
2015-12-06,39.0,8.037745454545455
2015-12-08,37.6,8.147436363636361
2015-12-08,37.7,8.190486363636365
2015-12-08,37.8,8.180122727272728
2015-12-08,37.9,8.175562222222224
2015-12-08,38.0,8.172293478260869
2015-12-08,38.1,8.154711363636364
2015-12-08,38.2,8.140213636363638
2015-12-08,38.3,8.12255909090909
2015-12-08,38.4,8.141982222222222
2015-12-08,38.5,8.14319318181818
2015-12-08,38.6,8.145508510638297
2015-12-08,38.7,8.140410869565217
2015-12-08,38.8,8.134402222222223
2015-12-08,38.9,8.14768222222222
2015-12-08,39.0,8.14505
2015-12-09,38.3,8.125799999999996
2015-12-09,38.4,8.144523529411762
2015-12-09,38.5,8.152101886792455
2015-12-09,38.6,8.15183148148148
2015-12-09,38.7,8.143569642857141
2015-12-09,38.8,8.130799999999999
2015-12-09,38.9,8.129985185185186
2015-12-09,39.0,7.907941463414635
2015-12-10,37.6,8.192473437500002
2015-12-10,37.7,8.20740204081633
2015-12-10,37.8,8.192347999999999
2015-12-10,37.9,8.186191836734691
2015-12-10,38.0,8.170129999999999
2015-12-10,38.1,8.148143750000003
2015-12-10,38.2,8.146206122448984
2015-12-10,38.3,8.134179999999999
2015-12-12,37.4,7.826718181818181
2015-12-12,37.5,8.149278461538463
2015-12-12,37.6,8.184997959183672
2015-12-12,37.7,8.178945833333332
2015-12-12,37.8,8.176066666666665
2015-12-12,37.9,8.178581249999999
2015-12-12,38.0,8.17694255319149
2015-12-12,38.1,8.153289361702129
2015-12-12,38.2,8.134531372549018
2015-12-12,38.3,8.120011538461538
2015-12-12,38.4,8.140022448979591
2015-12-12,38.5,8.145930188679246
2015-12-12,38.6,8.135171153846155
2015-12-12,38.7,8.138225925925925
2015-12-12,38.8,8.126592982456138
2015-12-12,38.9,8.145430769230769
2015-12-12,39.0,8.076720512820513
2015-12-13,37.6,8.197277192982456
2015-12-13,37.7,8.194185714285712
2015-12-13,37.8,8.189114583333332
2015-12-13,37.9,8.1868693877551
2015-12-13,38.0,8.18160625
2015-12-13,38.1,8.165508163265304
2015-12-13,38.2,8.153250000000002
2015-12-13,38.3,8.140979166666666
2015-12-13,38.4,8.135870588235292
2015-12-13,38.5,8.149215686274509
2015-12-13,38.6,8.146657692307691
2015-12-13,38.7,8.142299999999999
2015-12-13,38.8,8.129658823529411
2015-12-13,38.9,8.130675
2015-12-13,39.0,7.9303550000000005
2015-12-14,37.6,8.131413043478265
2015-12-14,37.7,8.181283606557374
2015-12-14,37.8,8.18008666666667
2015-12-14,37.9,8.181779661016948
2015-12-14,38.0,8.175716949152541
2015-12-14,38.1,8.160240350877196
2015-12-14,38.2,8.142345762711864
2015-12-14,38.3,8.135514754098358
2015-12-14,38.4,8.133440322580645
2015-12-14,38.5,8.151438805970146
2015-12-14,38.6,8.154546376811592
2015-12-14,38.7,8.14839841269841
2015-12-14,38.8,8.145976666666666
2015-12-14,38.9,8.150765517241378
2015-12-14,39.0,8.157871428571429
2015-12-18,37.6,8.157500000000013
2015-12-18,37.7,8.157500000000011
2015-12-18,37.8,8.15750000000001
2015-12-18,37.9,8.15750000000001
2015-12-18,38.0,8.15750000000001
2015-12-18,38.1,8.15750000000001
2015-12-18,38.2,8.15750000000001
2015-12-18,38.3,8.15750000000001
2015-12-18,38.4,8.15750000000001
2015-12-18,38.5,8.157500000000011
2015-12-18,38.6,8.157500000000011
2015-12-18,38.7,8.157500000000011
2015-12-18,38.8,8.15750000000001
2015-12-18,38.9,8.15750000000001
2015-12-18,39.0,8.15750000000001
2015-12-21,37.6,7.772045692883898
2015-12-21,37.7,8.185408888888889
2015-12-21,37.8,8.178756
2015-12-21,37.9,8.183199999999998
2015-12-21,38.0,8.175545652173911
2015-12-21,38.1,8.136600000000001
2015-12-21,38.2,8.121148888888891
2015-12-21,38.3,8.132773333333335
2015-12-21,38.4,8.140806521739131
2015-12-21,38.5,8.132153333333333
2015-12-21,38.6,8.122217777777777
2015-12-21,38.7,8.119599999999998
2015-12-21,38.8,8.137086363636366
2015-12-21,38.9,8.146546511627905
2015-12-21,39.0,8.146780000000001
2015-12-28,37.6,8.068836363636363
2016-01-14,37.8,7.959904166666667
2016-01-14,37.9,8.132020512820512
2016-01-14,38.0,8.1833
2016-01-14,38.1,8.177410256410257
2016-01-14,38.2,8.164963414634144
2016-01-14,38.3,8.159810256410257
2016-01-14,38.4,8.154571794871798
2016-01-14,38.5,8.155297297297297
2016-01-14,38.6,8.165154054054055
2016-01-14,38.7,8.161737142857143
2016-01-14,38.8,8.169738235294117
2016-01-14,38.9,8.17086
2016-01-14,39.0,8.151884615384615
2016-01-15,37.6,8.208718181818183
2016-01-15,37.7,8.207017948717947
2016-01-15,37.8,8.20373333333333
2016-01-15,37.9,8.204220512820513
2016-01-15,38.0,8.183369230769232
2016-01-15,38.1,8.161268421052633
2016-01-15,38.2,8.158458974358972
2016-01-15,38.3,8.15525641025641
2016-01-15,38.4,8.147020512820513
2016-01-15,38.5,8.159522499999998
2016-01-15,38.6,8.164265853658536
2016-01-15,38.7,8.172515
2016-01-15,38.8,8.183072499999998
2016-01-15,38.9,8.206834146341464
2016-01-15,39.0,8.221089655172415
2016-01-20,37.6,8.064555555555554
2016-01-20,37.7,8.168818421052633
2016-01-20,37.8,8.182048648648648
2016-01-20,37.9,8.190902631578947
2016-01-20,38.0,8.196242105263158
2016-01-20,38.1,8.18975675675676
2016-01-20,38.2,8.169356756756757
2016-01-20,38.3,8.158799999999998
2016-01-20,38.4,8.16331842105263
2016-01-20,38.5,8.174
2016-01-20,38.6,8.183242105263158
2016-01-20,38.7,8.186380555555553
2016-01-20,38.8,8.188944444444443
2016-01-20,38.9,8.195128571428569
2016-01-20,39.0,8.192623076923077
2016-01-21,37.6,8.23188775510204
2016-01-21,37.7,8.229185000000001
2016-01-21,37.8,8.228619512195118
2016-01-21,37.9,8.228439999999999
2016-01-21,38.0,8.219665000000003
2016-01-21,38.1,8.188935897435895
2016-01-21,38.2,8.17832564102564
2016-01-21,38.3,8.166292307692308
2016-01-21,38.4,8.175218421052632
2016-01-21,38.5,8.179356756756757
2016-01-21,38.6,8.19298648648649
2016-01-21,38.7,8.195941666666663
2016-01-21,38.8,8.195155555555555
2016-01-21,38.9,8.189072222222222
2016-01-21,39.0,8.156374999999999
2016-01-25,37.6,8.07525
2016-01-25,37.7,8.187305263157896
2016-01-25,37.8,8.189302631578947
2016-01-25,37.9,8.198802631578948
2016-01-25,38.0,8.209428947368421
2016-01-25,38.1,8.210438888888888
2016-01-25,38.2,8.204641666666667
2016-01-25,38.3,8.190959459459458
2016-01-25,38.4,8.1806
2016-01-25,38.5,8.198165714285713
2016-01-25,38.6,8.206742857142856
2016-01-25,38.7,8.209294117647058
2016-01-25,38.8,8.213858823529412
2016-01-25,38.9,8.2126
2016-01-25,39.0,8.185114285714286
2016-01-26,37.6,8.18806764705882
2016-01-26,37.7,8.20471408450704
2016-01-26,37.8,8.202852000000002
2016-01-26,37.9,8.205987837837842
2016-01-26,38.0,8.20801447368421
2016-01-26,38.1,8.19669473684211
2016-01-26,38.2,8.195003947368424
2016-01-26,38.3,8.187787012987013
2016-01-26,38.4,8.186228048780489
2016-01-26,38.5,8.197863636363639
2016-01-26,38.6,8.20157441860465
2016-01-26,38.7,8.20360714285714
2016-01-26,38.8,8.206729268292682
2016-01-26,38.9,8.240014634146343
2016-01-26,39.0,8.185586206896554
2016-01-27,38.5,8.210079999999998
2016-01-27,38.6,8.21090857142857
2016-01-27,38.7,8.211782352941178
2016-01-27,38.8,8.212973529411766
2016-01-27,38.9,8.234313513513513
2016-01-27,39.0,8.107488636363634
2016-01-28,37.6,8.234511764705882
2016-01-28,37.7,8.235241025641024
2016-01-28,37.8,8.229932499999999
2016-01-28,37.9,8.229010256410257
2016-01-28,38.0,8.22666923076923
2016-01-28,38.1,8.211571052631578
2016-01-28,38.2,8.203117500000001
2016-01-28,38.3,8.185097368421053
2016-01-28,38.4,8.189279487179489
2016-01-28,38.5,8.202139473684209
2016-01-28,38.6,8.203777500000001
2016-01-28,38.7,8.2066725
2016-01-28,38.8,8.219653658536586
2016-01-28,38.9,8.219683333333334
2016-01-30,37.6,8.00683611111111
2016-01-30,37.7,8.17196153846154
2016-01-30,37.8,8.192
2016-01-31,37.8,8.191524324324325
2016-01-31,37.9,8.194405263157897
2016-01-31,38.0,8.198284210526316
2016-01-31,38.1,8.215894594594593
2016-01-31,38.2,8.215548648648651
2016-01-31,38.3,8.205375675675674
2016-01-31,38.4,8.196459459459458
2016-01-31,38.5,8.185045945945946
2016-01-31,38.6,8.197205405405404
2016-01-31,38.7,8.207805263157892
2016-01-31,38.8,8.21354871794872
2016-01-31,38.9,8.212653846153845
2016-01-31,39.0,8.20379655172414
2016-02-01,37.6,8.155573333333331
2016-02-01,37.7,8.207573684210526
2016-02-01,37.8,8.211803846153847
2016-02-01,37.9,8.212302777777778
2016-02-01,38.0,8.21590135135135
2016-02-01,38.1,8.217120547945202
2016-02-01,38.2,8.211298684210522
2016-02-01,38.3,8.201103947368424
2016-02-01,38.4,8.186602631578948
2016-02-01,38.5,8.187916000000001
2016-02-01,38.6,8.203690540540538
2016-02-01,38.7,8.21205306122449
2016-02-01,38.8,8.213597500000004
2016-02-01,38.9,8.241425641025643
2016-02-01,39.0,8.10302380952381
2016-02-02,38.7,8.215958333333331
2016-02-02,38.8,8.2163875
2016-02-02,38.9,8.216203030303031
2016-02-02,39.0,8.16444516129032
2016-02-16,37.6,7.3947
2016-02-16,38.1,7.201717647058825
2016-02-16,38.2,7.340586046511627
2016-02-16,38.3,7.396028571428571
2016-02-16,38.4,7.4011047619047625
2016-02-16,38.5,7.379352380952381
2016-02-16,38.6,7.588813636363634
2016-02-16,38.7,8.154054761904762
2016-02-16,38.8,8.14886
2016-02-16,38.9,8.0367175
2016-02-16,39.0,7.839663333333332
2016-02-17,38.9,8.264875675675677
2016-02-17,39.0,8.152483333333334
2016-02-18,37.6,8.222828888888891
2016-02-18,37.7,8.235890000000001
2016-02-18,37.8,8.26350238095238
2016-02-18,37.9,8.274474418604653
2016-02-18,38.0,8.262602325581396
2016-02-18,38.1,8.237293023255814
2016-02-18,38.2,8.221114285714286
2016-02-18,38.3,8.21092619047619
2016-02-18,38.4,8.204345454545454
2016-02-18,38.5,8.204577272727274
2016-02-18,38.6,8.214897727272728
2016-02-18,38.7,8.228333333333333
2016-02-18,38.8,8.249625000000002
2016-02-18,38.9,8.265966666666667
2016-02-19,37.6,8.097238461538463
2016-02-19,37.7,8.179946153846153
2016-02-19,37.8,8.19788205128205
2016-02-19,37.9,8.233902564102562
2016-02-19,38.0,8.27675641025641
2016-02-19,38.1,8.286194736842106
2016-02-19,38.2,8.26525
2016-02-19,38.3,8.242268292682926
2016-02-19,38.4,8.232615789473684
2016-02-19,38.5,8.223058974358974
2016-02-19,38.6,8.224109756097558
2016-02-19,38.7,8.236902380952383
2016-02-19,38.8,8.251346153846153
2016-02-19,38.9,8.259261538461539
2016-02-19,39.0,8.258635714285715
2016-02-21,37.6,8.23462
2016-02-21,37.7,8.244714634146343
2016-02-21,37.8,8.28242093023256
2016-02-21,37.9,8.319148780487804
2016-02-21,38.0,8.296873170731704
2016-02-21,38.1,8.26321707317073
2016-02-21,38.2,8.233383333333332
2016-02-21,38.3,8.2236243902439
2016-02-21,38.4,8.214536585365854
2016-02-21,38.5,8.214163414634148
2016-02-21,38.6,8.2196175
2016-02-21,38.7,8.23560263157895
2016-02-21,38.8,8.255994736842103
2016-02-21,38.9,8.282713157894737
2016-02-21,39.0,8.077019642857142
2016-02-22,37.6,8.1111
2016-02-22,37.7,8.183988571428571
2016-02-22,37.8,8.207262857142856
2016-02-22,37.9,8.250200000000001
2016-02-22,38.0,8.297291428571429
2016-02-22,38.1,8.29595
2016-02-22,38.2,8.259908333333334
2016-02-22,38.3,8.222216216216216
2016-02-22,38.4,8.23392162162162
2016-02-22,38.5,8.22536
2016-02-22,38.6,8.224905128205128
2016-02-22,38.7,8.232130769230771
2016-02-22,38.8,8.247775
2016-02-22,38.9,8.259905
2016-02-22,39.0,8.2649
2016-02-23,37.6,8.22821714285714
2016-02-23,37.7,8.24295609756098
2016-02-23,37.8,8.287564285714286
2016-02-23,37.9,8.309240476190476
2016-02-23,38.0,8.289160975609756
2016-02-23,38.1,8.2620575
2016-02-23,38.2,8.236475000000002
2016-02-23,38.3,8.227210000000001
2016-02-23,38.4,8.219676923076923
2016-02-23,38.5,8.219405263157892
2016-02-23,38.6,8.226315384615384
2016-02-23,38.7,8.235742105263158
2016-02-23,38.8,8.250720512820514
2016-02-23,38.9,8.304253846153847
2016-02-23,39.0,8.192607692307693
2016-02-24,37.4,7.924708333333332
2016-02-25,37.6,8.146494915254236
2016-02-25,37.7,8.23148717948718
2016-02-25,37.8,8.236005405405404
2016-02-25,37.9,8.285424324324323
2016-02-25,38.0,8.337057894736843
2016-02-25,38.1,8.32355
2016-02-25,38.2,8.29943243243243
2016-02-25,38.3,8.278177777777778
2016-02-25,38.4,8.2636
2016-02-25,38.5,8.249654054054055
2016-02-25,38.6,8.231527027027028
2016-02-25,38.7,8.225059459459459
2016-02-25,38.8,8.236659459459458
2016-02-25,38.9,8.257735135135135
2016-02-25,39.0,8.277233333333335
2016-03-01,37.6,8.0700075
2016-03-01,37.7,8.19538157894737
2016-03-01,37.8,8.252526315789472
2016-03-01,37.9,8.358478378378377
2016-03-01,38.0,8.365163333333333
2016-03-01,38.1,8.313726315789474
2016-03-01,38.2,8.285299999999998
2016-03-01,38.3,8.276531578947367
2016-03-01,38.4,8.277294594594593
2016-03-01,38.5,8.279088888888891
2016-03-01,38.6,8.269336363636363
2016-03-02,38.6,8.26185
2016-03-02,38.7,8.260554285714285
2016-03-02,38.8,8.268411428571428
2016-03-02,38.9,8.279745714285713
2016-03-02,39.0,8.3363
2016-03-05,37.6,8.292533333333331
2016-03-05,37.7,8.395912499999998
2016-03-05,37.8,8.433543589743591
2016-03-05,37.9,8.410599999999999
2016-03-05,38.0,8.381678947368423
2016-03-05,38.1,8.368200000000002
2016-03-05,38.2,8.341841025641028
2016-03-05,38.3,8.325058974358978
2016-03-05,38.4,8.313439999999998
2016-03-05,38.5,8.299643589743589
2016-03-05,38.6,8.26376
2016-03-05,38.7,8.2698641025641
2016-03-05,38.8,8.28775128205128
2016-03-05,38.9,8.308655263157897
2016-03-05,39.0,8.162351999999997
2016-03-06,37.6,8.278900000000004
2016-03-06,37.7,8.278899999999998
2016-03-06,37.8,8.2789
2016-03-06,37.9,8.2789
2016-03-06,38.0,8.2789
2016-03-06,38.1,8.278899999999998
2016-03-06,38.2,8.2789
2016-03-06,38.3,8.2789
2016-03-06,38.4,8.278899999999998
2016-03-06,38.5,8.278899999999998
2016-03-06,38.6,8.2789
2016-03-06,38.7,8.278899999999998
2016-03-06,38.8,8.2789
2016-03-06,38.9,8.2789
2016-03-06,39.0,8.278899999999997
2016-03-09,39.0,8.229294642857145
2016-03-10,37.6,8.33211515151515
2016-03-10,37.7,8.422179999999997
2016-03-10,37.8,8.4549775
2016-03-10,37.9,8.423195121951219
2016-03-10,38.0,8.40189
2016-03-10,38.1,8.377885365853661
2016-03-10,38.2,8.364400000000002
2016-03-10,38.3,8.345902564102564
2016-03-10,38.4,8.326979487179488
2016-03-10,38.5,8.3095
2016-03-10,38.6,8.276679487179488
2016-03-10,38.7,8.27058717948718
2016-03-10,38.8,8.28675641025641
2016-03-10,38.9,8.3302275
2016-03-10,39.0,8.353699999999998
2016-03-13,37.6,8.346947826086955
2016-03-13,37.7,8.437094736842102
2016-03-13,37.8,8.44194210526316
2016-03-13,37.9,8.425417948717946
2016-03-13,38.0,8.414602564102564
2016-03-13,38.1,8.380556410256409
2016-03-13,38.2,8.371179999999995
2016-03-13,38.3,8.377216666666667
2016-03-13,38.4,8.364429268292684
2016-03-13,38.5,8.330514634146342
2016-03-13,38.6,8.294804878048785
2016-03-13,38.7,8.28839268292683
2016-03-13,38.8,8.322065
2016-03-13,38.9,8.357810256410254
2016-03-13,39.0,8.267788235294118
2016-03-14,37.6,8.231856818181818
2016-03-14,37.7,8.30206857142857
2016-03-14,37.8,8.39349411764706
2016-03-14,37.9,8.418985294117647
2016-03-14,38.0,8.415587878787877
2016-03-14,38.1,8.41369411764706
2016-03-14,38.2,8.386139393939397
2016-03-14,38.3,8.37308787878788
2016-03-14,38.4,8.377229411764706
2016-03-14,38.5,8.3705
2016-03-14,38.6,8.348662857142859
2016-03-14,38.7,8.318627777777778
2016-03-14,38.8,8.294640000000001
2016-03-14,38.9,8.310725714285713
2016-03-14,39.0,8.349195652173913
2016-03-16,37.6,8.354702040816328
2016-03-16,37.7,8.447145238095239
2016-03-16,37.8,8.432110000000002
2016-03-16,37.9,8.423632500000002
2016-03-16,38.0,8.416412820512823
2016-03-16,38.1,8.404638461538463
2016-03-16,38.2,8.401500000000002
2016-03-16,38.3,8.390485000000002
2016-03-16,38.4,8.370445238095238
2016-03-16,38.5,8.356278571428573
2016-03-16,38.6,8.324181818181817
2016-03-16,38.7,8.29646590909091
2016-03-16,38.8,8.317052272727272
2016-03-16,38.9,8.395043181818183
2016-03-16,39.0,8.2510875
2016-03-17,37.6,8.262715625
2016-03-17,37.7,8.322434285714287
2016-03-17,37.8,8.384133333333333
2016-03-17,37.9,8.39360606060606
2016-03-17,38.0,8.395965625
2016-03-17,38.1,8.392593939393938
2016-03-17,38.2,8.368271875000001
2016-03-17,38.3,8.372806060606061
2016-03-17,38.4,8.37830625
2016-03-17,38.5,8.371259374999998
2016-03-17,38.6,8.357503030303029
2016-03-17,38.7,8.333271875
2016-03-17,38.8,8.305078787878784
2016-03-17,38.9,8.304845454545454
2016-03-17,39.0,8.313699999999999
2016-03-18,38.4,8.384644444444445
2016-03-18,38.5,8.36131842105263
2016-03-18,38.6,8.327276315789476
2016-03-18,38.7,8.30568717948718
2016-03-18,38.8,8.31926666666667
2016-03-18,38.9,8.352936585365857
2016-03-18,39.0,8.253514285714283
2016-03-19,37.5,8.46735
2016-03-19,37.6,8.428568421052631
2016-03-19,37.7,8.446458974358972
2016-03-19,37.8,8.422512820512821
2016-03-19,37.9,8.427355000000002
2016-03-19,38.0,8.418648717948715
2016-03-19,38.1,8.394994871794871
2016-03-19,38.2,8.400099999999998
2016-03-19,38.3,8.400613157894737
2016-03-19,38.4,8.394481818181818
2016-03-21,37.6,8.164918421052633
2016-03-21,37.7,8.350991428571426
2016-03-21,37.8,8.394957575757575
2016-03-21,37.9,8.386197142857144
2016-03-21,38.0,8.392624242424244
2016-03-21,38.1,8.400176470588237
2016-03-21,38.2,8.409685294117647
2016-03-21,38.3,8.401151515151513
2016-03-21,38.4,8.399179411764706
2016-03-21,38.5,8.39458787878788
2016-03-21,38.6,8.379320588235295
2016-03-21,38.7,8.35594545454545
2016-03-21,38.8,8.332494117647057
2016-03-21,38.9,8.337090909090909
2016-03-21,39.0,8.409632258064516
2016-03-23,37.6,8.381041379310343
2016-03-23,37.7,8.438529999999998
2016-03-23,37.8,8.437520512820512
2016-03-23,37.9,8.427837499999999
2016-03-23,38.0,8.44297948717949
2016-03-23,38.1,8.432780000000001
2016-03-23,38.2,8.408319512195122
2016-03-23,38.3,8.405299999999999
2016-03-23,38.4,8.393642105263158
2016-03-23,38.5,8.355343589743589
2016-03-23,38.6,8.328110810810811
2016-03-23,38.7,8.313567567567569
2016-03-23,38.8,8.341208108108109
2016-03-23,38.9,8.403267500000004
2016-03-23,39.0,8.291655999999998
2016-03-25,37.6,8.240443478260872
2016-03-25,37.7,8.343375675675675
2016-03-25,37.8,8.380191428571429
2016-03-25,37.9,8.374445945945947
2016-03-25,38.0,8.38498
2016-03-25,38.1,8.406783783783784
2016-03-25,38.2,8.427666666666669
2016-03-25,38.3,8.422570270270272
2016-03-25,38.4,8.44283611111111
2016-03-25,38.5,8.414072972972974
2016-03-25,38.6,8.379436111111112
2016-03-25,38.7,8.350828571428574
2016-03-25,38.8,8.321320000000002
2016-03-25,38.9,8.301111428571428
2016-03-25,39.0,8.29956
2016-03-26,37.6,8.416494285714284
2016-03-26,37.7,8.433935000000002
2016-03-26,37.8,8.423925
2016-03-26,37.9,8.441475
2016-03-26,38.0,8.459217948717948
2016-03-26,38.1,8.4555641025641
2016-03-26,38.2,8.43178
2016-03-26,38.3,8.41629024390244
2016-03-26,38.4,8.415274999999998
2016-03-26,38.5,8.418655
2016-03-26,38.6,8.428175609756092
2016-03-26,38.7,8.358009302325579
2016-03-26,38.8,8.383757142857144
2016-03-26,38.9,8.43228095238095
2016-03-26,39.0,8.350526530612248
2016-04-01,37.6,8.427155555555554
2016-04-01,37.7,8.424257142857144
2016-04-01,37.8,8.41203953488372
2016-04-01,37.9,8.421583333333334
2016-04-01,38.0,8.44722380952381
2016-04-01,38.1,8.453104761904761
2016-04-01,38.2,8.434265853658536
2016-04-01,38.3,8.4178
2016-04-01,38.4,8.41691951219512
2016-04-01,38.5,8.418199999999999
2016-04-01,38.6,8.427060975609756
2016-04-01,38.7,8.408919047619047
2016-04-01,38.8,8.403350000000001
2016-04-01,38.9,8.430851162790697
2016-04-01,39.0,8.42152051282051
2016-04-03,37.6,8.170296969696969
2016-04-03,37.7,8.35182285714286
2016-04-03,37.8,8.378117647058822
2016-04-03,37.9,8.386255555555554
2016-04-03,38.0,8.386751428571428
2016-04-03,38.1,8.409805882352941
2016-04-03,38.2,8.423791176470589
2016-04-03,38.3,8.408829729729728
2016-04-03,38.4,8.394327272727274
2016-04-03,38.5,8.38745294117647
2016-04-03,38.6,8.387711764705882
2016-04-03,38.7,8.403851428571429
2016-04-03,38.8,8.410042857142859
2016-04-03,38.9,8.397499999999999
2016-04-03,39.0,8.402912500000001
2016-04-04,37.6,8.421531250000001
2016-04-04,37.7,8.407770454545455
2016-04-04,37.8,8.404818604651165
2016-04-04,37.9,8.411397674418609
2016-04-04,38.0,8.43760731707317
2016-04-04,38.1,8.448624390243905
2016-04-04,38.2,8.431557499999998
2016-04-04,38.3,8.4134475
2016-04-04,38.4,8.409251282051283
2016-04-04,38.5,8.414412500000001
2016-04-04,38.6,8.428535897435898
2016-04-04,38.7,8.428075609756098
2016-04-04,38.8,8.40825238095238
2016-04-04,38.9,8.424647727272726
2016-04-04,39.0,8.34881515151515
2016-04-05,37.6,8.305552380952381
2016-04-05,37.7,8.369294117647058
2016-04-05,37.8,8.382122857142855
2016-04-05,37.9,8.38295294117647
2016-04-05,38.0,8.382014705882353
2016-04-05,38.1,8.396899999999999
2016-04-05,38.2,8.418057575757574
2016-04-05,38.3,8.424063636363636
2016-04-05,38.4,8.414538235294119
2016-04-05,38.5,8.408564705882354
2016-04-05,38.6,8.41049705882353
2016-04-05,38.7,8.43902857142857
2016-04-05,38.8,8.437345714285714
2016-04-05,38.9,8.420025714285718
2016-04-05,39.0,8.41996
2016-04-09,37.6,8.400193548387097
2016-04-09,37.7,8.397351282051284
2016-04-09,37.8,8.4005725
2016-04-09,37.9,8.407043902439026
2016-04-09,38.0,8.423270731707317
2016-04-09,38.1,8.441010000000002
2016-04-09,38.2,8.43510975609756
2016-04-09,38.3,8.411340000000001
2016-04-09,38.4,8.407404761904761
2016-04-09,38.5,8.41697142857143
2016-04-09,38.6,8.423181395348838
2016-04-09,38.7,8.3998511627907
2016-04-09,38.8,8.388514285714285
2016-04-09,38.9,8.401590243902437
2016-04-09,39.0,8.266551428571429
2016-04-10,37.6,8.272108333333335
2016-04-11,37.6,8.346100000000002
2016-04-11,37.7,8.372287804878047
2016-04-11,37.8,8.394448780487807
2016-04-11,37.9,8.397340476190477
2016-04-11,38.0,8.398905128205126
2016-04-11,38.1,8.413335897435896
2016-04-11,38.2,8.438960526315787
2016-04-11,38.3,8.448068421052632
2016-04-11,38.4,8.438786111111112
2016-04-11,38.5,8.431213157894737
2016-04-11,38.6,8.431349999999998
2016-04-11,38.7,8.437202631578948
2016-04-11,38.8,8.427963157894737
2016-04-11,38.9,8.418326315789475
2016-04-11,39.0,8.420772727272727
2016-04-14,37.6,8.412149999999999
2016-04-14,37.7,8.406688095238092
2016-04-14,37.8,8.411448780487808
2016-04-14,37.9,8.418330952380948
2016-04-14,38.0,8.41439268292683
2016-04-14,38.1,8.433511904761907
2016-04-14,38.2,8.4460625
2016-04-14,38.3,8.441250000000002
2016-04-14,38.4,8.423595
2016-04-14,38.5,8.410389999999998
2016-04-14,38.6,8.410923076923078
2016-04-14,38.7,8.40088947368421
2016-04-14,38.8,8.383381578947368
2016-04-14,38.9,8.358856756756758
2016-04-14,39.0,8.186529729729727
2016-04-15,37.6,8.265128571428574
2016-04-15,37.7,8.37295588235294
2016-04-15,37.8,8.3833
2016-04-15,37.9,8.388199999999998
2016-04-15,38.0,8.382427777777776
2016-04-15,38.1,8.393633333333332
2016-04-15,38.2,8.416552941176473
2016-04-22,38.9,8.32309024390244
2016-04-22,39.0,8.161391304347829
2016-04-25,37.6,8.114015384615389
2016-04-25,37.7,8.335686111111109
2016-04-25,37.8,8.327797142857143
2016-04-25,37.9,8.333788571428572
2016-04-25,38.0,8.33696285714286
2016-04-25,38.1,8.345134285714284
2016-04-25,38.2,8.350877142857142
2016-04-25,38.3,8.38425142857143
2016-04-25,38.4,8.390051515151514
2016-04-25,38.5,8.386439393939394
2016-04-25,38.6,8.385066666666667
2016-04-25,38.7,8.390039393939393
2016-04-25,38.8,8.385665625
2016-04-25,38.9,8.399443243243244
2016-04-28,39.0,7.8447
2016-05-06,38.9,8.292592592592591
2016-05-06,39.0,8.170032499999998
2016-05-09,37.6,8.1654671875
2016-05-09,37.7,8.358682857142858
2016-05-09,37.8,8.363207317073172
2016-05-09,37.9,8.405265714285719
2016-05-09,38.0,8.41165
2016-05-09,38.1,8.39785142857143
2016-05-09,38.2,8.39889411764706
2016-05-09,38.3,8.40402
2016-05-09,38.4,8.405772727272728
2016-05-09,38.5,8.396320588235296
2016-05-09,38.6,8.39685
2016-05-09,38.7,8.39935588235294
2016-05-09,38.8,8.36859705882353
2016-05-09,38.9,8.358354545454546
2016-05-09,39.0,8.349440000000001
2016-05-11,37.6,8.420831818181819
2016-05-11,37.7,8.421760869565217
2016-05-11,37.8,8.461472916666667
2016-05-11,37.9,8.460663829787233
2016-05-11,38.0,8.437204347826087
2016-05-11,38.1,8.437000000000001
2016-05-11,38.2,8.425976744186045
2016-05-11,38.3,8.404183333333334
2016-05-11,38.4,8.405370731707317
2016-05-11,38.5,8.40319024390244
2016-05-11,38.6,8.388299999999997
2016-05-11,38.7,8.367535
2016-05-11,38.8,8.34851714285714
2016-05-11,38.9,8.308312499999998
2016-05-11,39.0,8.185092307692308
2016-05-17,38.8,8.333166666666667
2016-05-17,38.9,8.297552500000002
2016-05-17,39.0,8.151106666666665
2016-05-18,37.6,8.39140465116279
2016-05-18,37.7,8.385856097560973
2016-05-18,37.8,8.445441025641024
2016-05-18,37.9,8.477714634146343
2016-05-18,38.0,8.461648780487806
2016-05-18,38.1,8.42981463414634
2016-05-18,38.2,8.42072682926829
2016-05-18,38.3,8.402821951219511
2016-05-18,38.4,8.397360975609756
2016-05-18,38.5,8.38535
2016-05-18,38.6,8.36866153846154
2016-05-18,38.7,8.346107692307694
2016-05-18,38.8,8.330248275862068
2016-05-20,38.8,8.373083333333334
2016-05-20,38.9,8.39081219512195
2016-05-20,39.0,8.272813157894738
2016-05-21,37.6,8.370299999999993
2016-05-21,37.7,8.370299999999991
2016-05-21,37.8,8.370299999999991
2016-05-21,37.9,8.370299999999991
2016-05-21,38.0,8.370299999999991
2016-05-21,38.1,8.370299999999991
2016-05-21,38.2,8.370299999999991
2016-05-21,38.3,8.370299999999991
2016-05-21,38.4,8.370299999999991
2016-05-21,38.5,8.370299999999991
2016-05-21,38.6,8.370299999999991
2016-05-21,38.7,8.370299999999991
2016-05-21,38.8,8.370299999999997
2016-05-23,37.4,8.172807692307693
2016-05-23,37.5,8.37143846153846
2016-05-23,37.6,8.37956756756757
2016-05-23,37.7,8.373618421052631
2016-05-23,37.8,8.363647222222221
2016-05-23,37.9,8.373142105263158
2016-05-23,38.0,8.429207894736845
2016-05-23,38.1,8.427851282051282
2016-05-23,38.2,8.409787500000002
2016-05-23,38.3,8.400329545454547
2016-05-23,38.4,8.386202702702704
2016-05-23,38.5,8.379482051282054
2016-05-23,38.6,8.372115789473682
2016-05-23,38.7,8.366347222222222
2016-05-23,38.8,8.34851142857143
2016-05-23,38.9,8.345334285714284
2016-05-23,39.0,8.388394736842102
2016-05-24,39.0,8.444
2016-05-25,38.9,8.390305882352942
2016-05-25,39.0,8.333283333333332
2016-05-26,37.6,8.315073846153846
2016-05-26,37.7,8.349001265822785
2016-05-26,37.8,8.347580263157896
2016-05-26,37.9,8.378457692307691
2016-05-26,38.0,8.384706493506494
2016-05-26,38.1,8.365317333333332
2016-05-26,38.2,8.365297297297294
2016-05-26,38.3,8.348486842105261
2016-05-26,38.4,8.335161333333332
2016-05-26,38.5,8.347108974358974
2016-05-26,38.6,8.347285365853658
2016-05-26,38.7,8.345416666666667
2016-05-26,38.8,8.36124418604651
2016-05-26,38.9,8.360396551724138
2016-05-27,38.6,8.3462
2016-05-27,38.7,8.338951515151516
2016-05-27,38.8,8.338076470588234
2016-05-27,38.9,8.349702941176469
2016-05-27,39.0,8.356175
2016-05-29,37.6,8.362888372093025
2016-05-29,37.7,8.35395238095238
2016-05-29,37.8,8.359880952380951
2016-05-29,37.9,8.386078571428568
2016-05-29,38.0,8.38001951219512
2016-05-29,38.1,8.37771707317073
2016-05-29,38.2,8.391556097560974
2016-05-29,38.3,8.348176923076922
2016-05-29,38.4,8.325143333333333
2016-05-29,38.5,8.339413157894734
2016-05-29,38.6,8.337743589743589
2016-05-29,38.7,8.334157142857142
2016-05-29,38.8,8.338726315789476
2016-05-29,38.9,8.313856097560977
2016-05-29,39.0,8.155286842105264
2016-06-01,37.6,8.223974358974361
2016-06-01,37.7,8.305494871794874
2016-06-01,37.8,8.31363846153846
2016-06-01,37.9,8.330511428571429
2016-06-01,38.0,8.345908333333334
2016-06-01,38.1,8.341931428571428
2016-06-01,38.2,8.346183333333336
2016-06-01,38.3,8.360508823529415
2016-06-01,38.4,8.364228571428573
2016-06-01,38.5,8.361438235294122
2016-06-01,38.6,8.343377142857141
2016-06-01,38.7,8.329020588235295
2016-06-01,38.8,8.313657142857144
2016-06-01,38.9,8.324873529411763
2016-06-01,39.0,8.34785909090909
2016-06-02,37.6,8.344720833333334
2016-06-02,37.7,8.350316666666668
2016-06-02,37.8,8.365748780487806
2016-06-02,37.9,8.373247499999998
2016-06-02,38.0,8.37768717948718
2016-06-02,38.1,8.378597368421053
2016-06-02,38.2,8.404815384615386
2016-06-02,38.3,8.392266666666668
2016-06-02,38.4,8.381725
2016-06-02,38.5,8.364617073170733
2016-06-02,38.6,8.350509523809524
2016-06-02,38.7,8.345511627906978
2016-06-02,38.8,8.358342857142858
2016-06-02,38.9,8.333165116279071
2016-06-02,39.0,8.268077358490567
2016-06-05,37.6,8.191890697674419
2016-06-05,37.7,8.314897142857141
2016-06-05,37.8,8.313566666666667
2016-06-05,37.9,8.309464864864866
2016-06-05,38.0,8.3272
2016-06-05,38.1,8.323400000000001
2016-06-05,38.2,8.320345
2016-06-05,38.3,8.315848648648647
2016-06-05,38.4,8.324375675675675
2016-06-05,38.5,8.333522222222223
2016-06-05,38.6,8.325911111111113
2016-06-05,38.7,8.318949999999997
2016-06-05,38.8,8.321337837837838
2016-06-05,38.9,8.343674285714286
2016-06-05,39.0,8.386978260869563
2016-06-09,39.0,8.398799999999998
2016-06-13,37.6,8.069147619047621
2016-06-13,37.7,8.198066666666668
2016-06-13,37.8,8.220943243243243
2016-06-13,37.9,8.242008108108106
2016-06-13,38.0,8.201913888888889
2016-06-13,38.1,8.188178947368423
2016-06-13,38.2,8.191345945945946
2016-06-13,38.3,8.190800000000001
2016-06-13,38.4,8.18565833333333
2016-06-13,38.5,8.181972972972972
2016-06-13,38.6,8.181963888888886
2016-06-13,38.7,8.188544736842102
2016-06-13,38.8,8.164163157894738
2016-06-13,38.9,8.18991081081081
2016-06-13,39.0,8.234063157894736
2016-06-29,38.9,8.4366
2016-06-29,39.0,8.4366
2016-06-30,37.6,8.4366
2016-06-30,37.7,8.4366
2016-06-30,37.8,8.4366
2016-06-30,37.9,8.4366
2016-06-30,38.0,8.4366
2016-06-30,38.1,8.4366
2016-06-30,38.2,8.4366
2016-06-30,38.3,8.4366
2016-06-30,38.4,8.4366
2016-06-30,38.5,8.4366
2016-06-30,38.6,8.4366
2016-06-30,38.7,8.4366
2016-06-30,38.8,8.4366
2016-06-30,38.9,8.4366
2016-07-14,37.6,8.318672340425534
2016-07-14,37.7,8.338907317073168
2016-07-14,37.8,8.336548717948716
2016-07-14,37.9,8.346443902439026
2016-07-14,38.0,8.354315384615385
2016-07-14,38.1,8.3493
2016-07-14,38.2,8.3457025
2016-07-14,38.3,8.330170731707316
2016-07-14,38.4,8.333558139534883
2016-07-14,38.5,8.329192682926829
2016-07-14,38.6,8.330835
2016-07-14,38.7,8.336599999999997
2016-07-14,38.8,8.32948717948718
2016-07-14,38.9,8.308630769230769
2016-07-14,39.0,8.22613043478261
2016-07-16,37.6,8.145235555555558
2016-07-16,37.7,8.27731463414634
2016-07-16,37.8,8.314363414634146
2016-07-16,37.9,8.335045
2016-07-16,38.0,8.347423809523812
2016-07-16,38.1,8.350381395348835
2016-07-16,38.2,8.352757142857142
2016-07-16,38.3,8.348182500000002
2016-07-16,38.4,8.356305263157896
2016-07-16,38.5,8.354424324324322
2016-07-16,38.6,8.353481081081082
2016-07-16,38.7,8.350549999999998
2016-07-16,38.8,8.345534285714285
2016-07-16,38.9,8.330522857142858
2016-07-16,39.0,8.349016666666667
2016-07-22,38.9,8.3795
2016-07-22,39.0,8.379500000000004
2016-08-03,37.6,7.948543750000002
2016-08-03,37.7,7.998611111111111
2016-08-03,37.8,8.006669444444443
2016-08-03,37.9,8.03661388888889
2016-08-03,38.0,8.058891666666668
2016-08-03,38.1,8.088383783783781
2016-08-03,38.2,8.092807894736842
2016-08-03,38.3,8.095752777777777
2016-08-03,38.4,8.096563888888888
2016-08-03,38.5,8.106954285714286
2016-08-03,38.6,8.110662857142856
2016-08-03,38.7,8.112965714285714
2016-08-03,38.8,8.117971428571428
2016-08-03,38.9,8.115973529411763
2016-08-03,39.0,8.1157875
2016-08-04,39.0,8.1203
2016-08-05,38.9,8.198925000000003
2016-08-05,39.0,8.088813846153846
2016-08-06,37.6,8.124020512820511
2016-08-06,37.7,8.11596976744186
2016-08-06,37.8,8.117746511627907
2016-08-06,37.9,8.145276744186047
2016-08-06,38.0,8.175097500000003
2016-08-06,38.1,8.1615275
2016-08-06,38.2,8.160225000000002
2016-08-06,38.3,8.14873
2016-08-06,38.4,8.136360000000002
2016-08-06,38.5,8.138970731707316
2016-08-06,38.6,8.138075609756097
2016-08-06,38.7,8.15583023255814
2016-08-06,38.8,8.166295454545455
2016-08-06,38.9,8.157846666666668
2016-08-08,37.6,7.819103448275863
2016-08-08,37.7,8.015768571428573
2016-08-08,37.8,8.075408571428573
2016-08-08,37.9,8.06686388888889
2016-08-08,38.0,8.08605142857143
2016-08-08,38.1,8.118069444444444
2016-08-08,38.2,8.115482857142856
2016-08-08,38.3,8.123325000000001
2016-08-08,38.4,8.13206
2016-08-08,38.5,8.122263888888888
2016-08-08,38.6,8.123945714285714
2016-08-08,38.7,8.134691666666669
2016-08-08,38.8,8.153605263157893
2016-08-08,38.9,8.237605555555556
2016-08-08,39.0,8.266566666666668
2016-08-11,38.9,8.118882142857142
2016-08-11,39.0,8.197897499999998
2016-08-12,37.6,8.043417948717948
2016-08-12,37.7,8.025769767441862
2016-08-12,37.8,8.032764285714286
2016-08-12,37.9,8.064579069767442
2016-08-12,38.0,8.106639534883717
2016-08-12,38.1,8.107409523809524
2016-08-12,38.2,8.089790697674417
2016-08-12,38.3,8.076386046511622
2016-08-12,38.4,8.061188636363635
2016-08-12,38.5,8.045634782608696
2016-08-12,38.6,8.032636363636364
2016-08-12,38.7,8.066738095238096
2016-08-12,38.8,8.093092500000001
2016-08-12,38.9,8.079841666666667
2016-08-14,37.4,7.729514285714286
2016-08-14,37.5,8.109683333333333
2016-08-14,37.6,8.038147368421054
2016-08-14,37.7,8.016827027027029
2016-08-14,37.8,8.018913513513514
2016-08-14,37.9,8.02347027027027
2016-08-14,38.0,8.16381842105263
2016-08-14,38.1,8.182569230769232
2016-08-14,38.2,8.142920512820512
2016-08-14,38.3,8.10567894736842
2016-08-14,38.4,8.08975135135135
2016-08-14,38.5,8.0774
2016-08-14,38.6,8.065915789473683
2016-08-14,38.7,8.062586842105262
2016-08-14,38.8,8.092013157894735
2016-08-14,38.9,8.068586486486486
2016-08-14,39.0,8.102755555555555
2016-09-03,37.6,7.72530909090909
2016-09-03,37.7,7.828026666666667
2016-09-04,37.7,7.86545
2016-09-04,37.8,7.872302777777779
2016-09-04,37.9,7.922647222222221
2016-09-04,38.0,7.92886388888889
2016-09-04,38.1,7.9643594594594616
2016-09-04,38.2,7.963210810810811
2016-09-04,38.3,7.969730555555554
2016-09-04,38.4,7.99236
2016-09-04,38.5,7.9913500000000015
2016-09-04,38.6,7.99570810810811
2016-09-04,38.7,7.996974999999998
2016-09-04,38.8,7.97503142857143
2016-09-04,38.9,7.949522857142855
2016-09-04,39.0,7.92224
2016-09-05,38.9,7.841541379310345
2016-09-05,39.0,7.697537499999999
2016-09-06,37.6,7.955258064516128
2016-09-06,37.7,7.942288372093024
2016-09-06,37.8,7.935872093023256
2016-09-06,37.9,7.943997674418608
2016-09-06,38.0,7.963454761904764
2016-09-06,38.1,7.974882500000001
2016-09-06,38.2,7.988433333333332
2016-09-06,38.3,7.981187804878049
2016-09-06,38.4,7.99551219512195
2016-09-06,38.5,7.988868292682928
2016-09-06,38.6,7.9603418604651175
2016-09-06,38.7,7.936266666666667
2016-09-06,38.8,7.927647826086956
2016-09-06,38.9,7.908607692307693
2016-09-20,37.6,7.572484210526315
2016-09-20,37.7,7.7725375
2016-09-20,37.8,7.825043243243244
2016-09-20,37.9,7.859964864864863
2016-09-20,38.0,7.875602631578947
2016-09-20,38.1,7.9343540540540545
2016-09-20,38.2,7.966145945945944
2016-09-20,38.3,7.966043243243243
2016-09-20,38.4,7.968869444444443
2016-09-20,38.5,7.970162499999999
2016-09-21,38.5,7.969099999999999
2016-09-21,38.6,7.969199999999999
2016-09-21,38.7,7.9849707317073175
2016-09-21,38.8,7.991750000000001
2016-09-21,38.9,7.949244736842104
2016-09-21,39.0,7.932558333333333
2016-09-23,39.0,7.567973333333333
2016-09-28,37.6,7.849648837209304
2016-09-28,37.7,7.853229545454545
2016-09-28,37.8,7.867339534883722
2016-09-28,37.9,7.899851162790696
2016-09-28,38.0,7.937931111111113
2016-09-28,38.1,7.945670731707318
2016-09-28,38.2,7.960842857142859
2016-09-28,38.3,7.955588095238095
2016-09-28,38.4,7.9567744186046525
2016-09-28,38.5,7.9629875000000006
2016-09-28,38.6,7.96659111111111
2016-09-28,38.7,7.9097
2016-09-28,38.8,7.878486363636363
2016-09-28,38.9,7.820359090909091
2016-09-28,39.0,7.571129629629631
2016-10-08,38.9,7.727046153846155
2016-10-08,39.0,7.510783333333333
2016-10-09,37.6,7.866719444444444
2016-10-09,37.7,7.927084444444445
2016-10-09,37.8,7.914822222222223
2016-10-09,37.9,7.9060477272727265
2016-10-09,38.0,7.90384318181818
2016-10-09,38.1,7.9156434782608684
2016-10-09,38.2,7.934281818181821
2016-10-09,38.3,7.941206521739132
2016-10-09,38.4,7.938327659574467
2016-10-09,38.5,7.93605319148936
2016-10-09,38.6,7.927952083333332
2016-10-09,38.7,7.881172340425532
2016-10-09,38.8,7.817679545454547
2016-10-09,38.9,7.77104375
2016-10-10,37.6,7.565062574850296
2016-10-10,37.7,8.507400000000002
2016-10-10,37.8,8.507400000000002
2016-10-10,37.9,8.507400000000002
2016-10-10,38.0,8.507400000000002
2016-10-10,38.1,8.507400000000002
2016-10-10,38.2,8.507400000000002
2016-10-10,38.3,8.5074
2016-10-11,38.3,8.5074
2016-10-11,38.4,8.507400000000002
2016-10-11,38.5,8.507400000000002
2016-10-11,38.6,8.5074
2016-10-11,38.7,8.507400000000002
2016-10-11,38.8,8.5074
2016-10-11,38.9,8.5074
2016-10-11,39.0,8.188521951219506
