Date,Latitude,Salinity
2015-10-17,38.1,31.80316186
2015-10-17,38.2,31.82625873
2015-10-17,38.3,31.92246146
2015-10-17,38.4,31.9878394
2015-10-17,38.5,31.92802456
2015-10-17,38.6,31.92550637
2015-10-17,38.7,31.81960973
2015-10-17,38.8,31.83712494
2015-10-19,37.8,31.3452968
2015-10-19,37.9,31.47837166
2015-10-19,38,31.59006294
2015-10-19,38.1,31.71854655
2015-10-19,38.2,31.81756662
2015-10-19,38.3,31.92157155
2015-10-19,38.4,31.94106311
2015-10-19,38.5,31.99287428
2015-10-19,38.6,31.99377263
2015-10-19,38.7,31.96893867
2015-10-19,38.8,31.87425451
2015-10-19,38.9,31.72517489
2015-10-19,39,31.66295274
2015-10-24,38.4,31.9298167
2015-10-24,38.5,31.93757953
2015-10-24,38.6,31.97637725
2015-10-24,38.7,32.01412281
2015-10-24,38.8,31.894862
2015-10-24,38.9,31.73824368
2015-10-24,39,31.64727453
2015-10-25,37.6,30.94392707
2015-10-25,37.7,31.08007476
2015-10-25,37.8,31.2404339
2015-10-25,37.9,31.49620225
2015-10-25,38,31.6487
2015-10-25,38.1,31.72378126
2015-10-25,38.2,31.7670345
2015-10-25,38.3,31.8078512
2015-10-25,38.4,31.94965216
2015-11-10,37.6,30.935633
2015-11-10,37.7,31.02714024
2015-11-10,37.8,31.46269037
2015-11-10,37.9,31.50987293
2015-11-10,38,31.59094109
2015-11-10,38.1,31.80336789
2015-11-10,38.2,31.8901051
2015-11-10,38.3,31.86871963
2015-11-10,38.4,31.89610982
2015-11-10,38.5,32.06651252
2015-11-10,38.6,32.06021529
2015-11-10,38.7,31.9620454
2015-11-10,38.8,31.95000004
2015-11-10,38.9,31.88956537
2015-11-10,39,31.85216977
2015-11-11,37.6,30.72198329
2015-11-11,37.7,30.79507773
2015-11-11,37.8,31.00054774
2015-11-11,37.9,31.51252702
2015-11-11,38,31.63821955
2015-11-11,38.1,31.79847355
2015-11-11,38.2,31.87340963
2015-11-11,38.3,31.88188429
2015-11-11,38.4,31.95856934
2015-11-11,38.5,32.02979579
2015-11-11,38.6,32.04464998
2015-11-11,38.7,32.01519496
2015-11-11,38.8,32.04189783
2015-11-11,38.9,31.9360717
2015-11-11,39,31.78303632
2015-11-12,37.6,30.7494692
2015-11-12,37.7,30.85304165
2015-11-12,37.8,31.06808307
2015-11-12,37.9,31.48106417
2015-11-12,38,31.59841481
2015-11-12,38.1,31.79718358
2015-11-12,38.2,31.84942328
2015-11-12,38.3,31.87149185
2015-11-12,38.4,31.92027728
2015-11-12,38.5,31.96001415
2015-11-12,38.6,32.04216362
2015-11-12,38.7,31.98037037
2015-11-12,38.8,31.94506779
2015-11-12,38.9,31.87879694
2015-11-12,39,31.84594043
2015-11-13,37.6,30.79918669
2015-11-13,37.7,30.83519539
2015-11-13,37.8,30.86949537
2015-11-13,37.9,31.44836154
2015-11-13,38,31.69490313
2015-11-13,38.1,31.8223846
2015-11-13,38.2,31.86432015
2015-11-13,38.3,31.87992511
2015-11-13,38.4,31.90787726
2015-11-13,38.5,31.95747421
2015-11-13,38.6,31.99740258
2015-11-13,38.7,31.99405129
2015-11-13,38.8,32.0317282
2015-11-13,38.9,32.0061165
2015-11-14,37.6,30.79507225
2015-11-14,37.7,30.94351093
2015-11-14,37.8,31.30622196
2015-11-14,37.9,31.46599302
2015-11-14,38,31.57439027
2015-11-14,38.1,31.74139362
2015-11-14,38.2,31.82954357
2015-11-14,38.3,31.87423265
2015-11-14,38.4,31.86955287
2015-11-14,38.5,31.88926732
2015-11-14,38.6,31.97468872
2015-11-14,38.7,31.96642807
2015-11-14,38.8,31.89794688
2015-11-14,38.9,31.86811707
2015-11-20,37.6,30.7800057
2015-11-20,37.7,31.02524115
2015-11-20,37.8,31.33726199
2015-11-20,37.9,31.49210208
2015-11-20,38,31.5781453
2015-11-20,38.1,31.71120474
2015-11-20,38.2,31.84482256
2015-11-20,38.3,31.8616931
2015-11-20,38.4,31.89840133
2015-11-20,38.5,31.98297122
2015-11-20,38.6,32.03073538
2015-11-20,38.7,31.99200067
2015-11-20,38.8,31.97150221
2015-11-20,38.9,31.96746463
2015-11-21,38.3,31.85724167
2015-11-21,38.4,31.8887164
2015-11-21,38.5,32.01853047
2015-11-21,38.6,32.04362432
2015-11-21,38.7,32.00764982
2015-11-21,38.8,31.99217256
2015-11-21,38.9,31.96099938
2015-11-21,39,31.93755354
2015-11-27,37.6,31.02441764
2015-11-27,37.7,31.60899386
2015-11-27,37.8,31.75796463
2015-11-27,37.9,31.71206604
2015-11-27,38,31.81809347
2015-11-27,38.1,31.90729806
2015-11-27,38.2,31.94776186
2015-11-27,38.3,31.98790868
2015-11-27,38.4,32.068083
2015-11-27,38.5,32.10034611
2015-11-27,38.6,32.10908518
2015-11-27,38.7,32.0989252
2015-11-27,38.8,32.1092766
2015-11-27,38.9,32.1083
2015-11-29,37.6,31.15354659
2015-11-29,37.7,31.60672302
2015-11-29,37.8,31.7310241
2015-11-29,37.9,31.69884803
2015-11-29,38,31.81293742
2015-11-29,38.1,31.91065583
2015-11-29,38.2,31.96717388
2015-11-29,38.3,31.99969703
2015-11-29,38.4,32.09686854
2015-11-29,38.5,32.04870649
2015-11-29,38.6,32.02246984
2015-11-29,38.7,31.98081225
2015-11-29,38.8,31.98439426
2015-11-29,38.9,32.00754813
2015-11-29,39,32.02820157
2015-12-04,38.7,32.01889932
2015-12-04,38.8,32.00733393
2015-12-04,38.9,32.02732581
2015-12-04,39,32.00118244
2015-12-05,37.6,31.28007067
2015-12-05,37.7,31.73044027
2015-12-05,37.8,31.92412588
2015-12-05,37.9,31.94732857
2015-12-05,38,31.94546923
2015-12-05,38.1,31.9785701
2015-12-05,38.2,32.02229935
2015-12-05,38.3,32.0940131
2015-12-05,38.4,32.07629229
2015-12-05,38.5,32.13683272
2015-12-05,38.6,32.09553131
2015-12-05,38.7,32.0612
2015-12-06,37.6,31.24816011
2015-12-06,37.7,31.68477045
2015-12-06,37.8,31.9258016
2015-12-06,37.9,31.950458
2015-12-06,38,31.95188835
2015-12-06,38.1,31.97436977
2015-12-06,38.2,32.02023604
2015-12-06,38.3,32.09935505
2015-12-06,38.4,32.05467423
2015-12-06,38.5,32.11006595
2015-12-06,38.6,32.11652877
2015-12-06,38.7,32.08014884
2015-12-06,38.8,32.08184311
2015-12-06,38.9,32.0235303
2015-12-06,39,31.93127682
2015-12-08,37.6,31.17727515
2015-12-08,37.7,31.56246511
2015-12-08,37.8,31.91343557
2015-12-08,37.9,31.94009847
2015-12-08,38,31.9477493
2015-12-08,38.1,31.97179623
2015-12-08,38.2,32.02948336
2015-12-08,38.3,32.11420993
2015-12-08,38.4,32.0615296
2015-12-08,38.5,32.08505607
2015-12-08,38.6,32.11865389
2015-12-08,38.7,32.08643478
2015-12-08,38.8,32.07428142
2015-12-08,38.9,32.01492816
2015-12-08,39,31.96487022
2015-12-09,38.3,32.0878773
2015-12-09,38.4,32.08050976
2015-12-09,38.5,32.0871377
2015-12-09,38.6,32.12298578
2015-12-09,38.7,32.08493511
2015-12-09,38.8,32.07251874
2015-12-09,38.9,32.00833769
2015-12-09,39,31.90561066
2015-12-10,37.6,31.21947558
2015-12-10,37.7,31.39650337
2015-12-10,37.8,31.86931594
2015-12-10,37.9,31.9138619
2015-12-10,38,31.955584
2015-12-10,38.1,31.98871042
2015-12-10,38.2,32.01767824
2015-12-10,38.3,32.0590532
2015-12-12,37.4,31.01899882
2015-12-12,37.5,31.2242672
2015-12-12,37.6,31.30349937
2015-12-12,37.7,31.707384
2015-12-12,37.8,31.9305854
2015-12-12,37.9,31.94179852
2015-12-12,38,31.93424753
2015-12-12,38.1,31.97374821
2015-12-12,38.2,32.01632557
2015-12-12,38.3,32.08775194
2015-12-12,38.4,32.1144408
2015-12-12,38.5,32.11611762
2015-12-12,38.6,32.13857756
2015-12-12,38.7,32.12411296
2015-12-12,38.8,32.1083134
2015-12-12,38.9,32.04726794
2015-12-12,39,31.94984021
2015-12-13,37.6,31.31179239
2015-12-13,37.7,31.72286259
2015-12-13,37.8,31.92991673
2015-12-13,37.9,31.94558508
2015-12-13,38,31.95709931
2015-12-13,38.1,31.96994627
2015-12-13,38.2,31.99788615
2015-12-13,38.3,32.0584674
2015-12-13,38.4,32.10694314
2015-12-13,38.5,32.07084435
2015-12-13,38.6,32.12333846
2015-12-13,38.7,32.10574124
2015-12-13,38.8,32.08879094
2015-12-13,38.9,32.01857358
2015-12-13,39,31.87131902
2015-12-14,37.6,31.290139
2015-12-14,37.7,31.72632133
2015-12-14,37.8,31.92905783
2015-12-14,37.9,31.93844407
2015-12-14,38,31.95304686
2015-12-14,38.1,31.96403567
2015-12-14,38.2,32.00364407
2015-12-14,38.3,32.04656556
2015-12-14,38.4,32.09705482
2015-12-14,38.5,32.08304925
2015-12-14,38.6,32.10528739
2015-12-14,38.7,32.11445714
2015-12-14,38.8,32.09885108
2015-12-14,38.9,32.0429431
2015-12-14,39,31.9999111
2015-12-18,37.6,31.31778335
2015-12-18,37.7,31.55983849
2015-12-18,37.8,31.98296337
2015-12-18,37.9,31.99705208
2015-12-18,38,32.00480415
2015-12-18,38.1,32.023398
2015-12-18,38.2,32.0686459
2015-12-18,38.3,32.12117266
2015-12-18,38.4,32.15776873
2015-12-18,38.5,32.15982218
2015-12-18,38.6,32.16053659
2015-12-18,38.7,32.138075
2015-12-18,38.8,32.09152932
2015-12-18,38.9,32.04465578
2015-12-18,39,31.78382983
2015-12-21,37.6,30.84977439
2015-12-21,37.7,31.50070371
2015-12-21,37.8,31.94865926
2015-12-21,37.9,31.99056181
2015-12-21,38,31.99936665
2015-12-21,38.1,32.04881478
2015-12-21,38.2,32.1120844
2015-12-21,38.3,32.12736444
2015-12-21,38.4,32.15029128
2015-12-21,38.5,32.15647027
2015-12-21,38.6,32.15799702
2015-12-21,38.7,32.15371847
2015-12-21,38.8,32.1056318
2015-12-21,38.9,32.06896512
2015-12-21,39,31.9624967
2016-01-14,37.8,31.8392175
2016-01-14,37.9,32.08391454
2016-01-14,38,32.13175445
2016-01-14,38.1,32.10747269
2016-01-14,38.2,32.16103093
2016-01-14,38.3,32.17796328
2016-01-14,38.4,32.18700849
2016-01-14,38.5,32.19618559
2016-01-14,38.6,32.16682251
2016-01-14,38.7,32.1453152
2016-01-14,38.8,32.10823429
2016-01-14,38.9,32.08638094
2016-01-14,39,32.028029
2016-01-15,37.6,31.62804239
2016-01-15,37.7,32.01743764
2016-01-15,37.8,32.1646411
2016-01-15,37.9,32.16672223
2016-01-15,38,32.13638456
2016-01-15,38.1,32.17946666
2016-01-15,38.2,32.20273679
2016-01-15,38.3,32.20905646
2016-01-15,38.4,32.20609738
2016-01-15,38.5,32.18504173
2016-01-15,38.6,32.15407717
2016-01-15,38.7,32.11499075
2016-01-15,38.8,32.06959253
2016-01-15,38.9,32.02632598
2016-01-15,39,31.84963107
2016-01-20,37.6,31.48432733
2016-01-20,37.7,31.69596224
2016-01-20,37.8,32.00570903
2016-01-20,37.9,32.09315882
2016-01-20,38,32.12202103
2016-01-20,38.1,32.13237659
2016-01-20,38.2,32.16487119
2016-01-20,38.3,32.16599921
2016-01-20,38.4,32.19200971
2016-01-20,38.5,32.1883973
2016-01-20,38.6,32.14682545
2016-01-20,38.7,32.11539444
2016-01-20,38.8,32.106075
2016-01-20,38.9,32.09013137
2016-01-20,39,32.08579738
2016-01-21,37.6,31.63169049
2016-01-21,37.7,32.0111341
2016-01-21,37.8,32.15289598
2016-01-21,37.9,32.1649708
2016-01-21,38,32.17258413
2016-01-21,38.1,32.18901972
2016-01-21,38.2,32.21148472
2016-01-21,38.3,32.2072179
2016-01-21,38.4,32.22689997
2016-01-21,38.5,32.21686849
2016-01-21,38.6,32.15784597
2016-01-21,38.7,32.11871292
2016-01-21,38.8,32.10101661
2016-01-21,38.9,32.06810469
2016-01-21,39,31.94547075
2016-01-25,37.6,31.53195743
2016-01-25,37.7,31.58699905
2016-01-25,37.8,31.80201676
2016-01-25,37.9,32.04224037
2016-01-25,38,32.12209995
2016-01-25,38.1,32.13341489
2016-01-25,38.2,32.08631844
2016-01-25,38.3,32.13955127
2016-01-25,38.4,32.18529617
2016-01-25,38.5,32.2046514
2016-01-25,38.6,32.14933617
2016-01-25,38.7,32.10839997
2016-01-25,38.8,32.10057556
2016-01-25,38.9,32.10444569
2016-01-25,39,32.06302861
2016-01-26,37.6,31.54928232
2016-01-26,37.7,31.72743617
2016-01-26,37.8,31.94964756
2016-01-26,37.9,32.07815585
2016-01-26,38,32.130407
2016-01-26,38.1,32.13311489
2016-01-26,38.2,32.11493643
2016-01-26,38.3,32.16649353
2016-01-26,38.4,32.21025691
2016-01-26,38.5,32.19634694
2016-01-26,38.6,32.1429093
2016-01-26,38.7,32.12181183
2016-01-26,38.8,32.10958456
2016-01-26,38.9,32.05789432
2016-01-26,39,31.98631034
2016-01-27,38.5,32.19301773
2016-01-27,38.6,32.18032663
2016-01-27,38.7,32.16660397
2016-01-27,38.8,32.13553629
2016-01-27,38.9,32.08264104
2016-01-27,39,31.94703714
2016-01-31,37.8,31.78402259
2016-01-31,37.9,31.98881937
2016-01-31,38,32.07986739
2016-01-31,38.1,32.12941719
2016-01-31,38.2,32.07982524
2016-01-31,38.3,32.07458468
2016-01-31,38.4,32.11942341
2016-01-31,38.5,32.17956314
2016-01-31,38.6,32.17494411
2016-01-31,38.7,32.15365529
2016-01-31,38.8,32.11788205
2016-01-31,38.9,32.10723251
2016-01-31,39,32.03673914
2016-02-01,37.6,31.51056188
2016-02-01,37.7,31.63027236
2016-02-01,37.8,31.88170042
2016-02-01,37.9,32.06455414
2016-02-01,38,32.10907658
2016-02-01,38.1,32.11827903
2016-02-01,38.2,32.08026793
2016-02-01,38.3,32.09573332
2016-02-01,38.4,32.15726984
2016-02-01,38.5,32.19236979
2016-02-01,38.6,32.1661198
2016-02-01,38.7,32.12778094
2016-02-01,38.8,32.09467332
2016-02-01,38.9,32.0467171
2016-02-01,39,31.93137467
2016-02-16,37.6,31.835118
2016-02-16,38.1,31.31805641
2016-02-16,38.2,31.48593086
2016-02-16,38.3,31.62958976
2016-02-16,38.4,31.65801033
2016-02-16,38.5,31.6576881
2016-02-16,38.6,31.91260755
2016-02-16,38.7,32.16295633
2016-02-16,38.8,32.24926088
2016-02-16,38.9,32.27259418
2016-02-16,39,32.23544443
2016-02-18,37.6,31.72504369
2016-02-18,37.7,32.13997997
2016-02-18,37.8,32.17324288
2016-02-18,37.9,32.14131009
2016-02-18,38,32.07840312
2016-02-18,38.1,32.07345812
2016-02-18,38.2,32.10415948
2016-02-18,38.3,32.14572224
2016-02-18,38.4,32.17616973
2016-02-18,38.5,32.20263934
2016-02-18,38.6,32.18283257
2016-02-18,38.7,32.10418724
2016-02-18,38.8,32.0367691
2016-02-18,38.9,31.99988867
2016-02-19,37.6,31.33685236
2016-02-19,37.7,31.4365991
2016-02-19,37.8,31.80670849
2016-02-19,37.9,32.06405133
2016-02-19,38,32.08898721
2016-02-19,38.1,32.05671316
2016-02-19,38.2,32.05959647
2016-02-19,38.3,32.08163744
2016-02-19,38.4,32.10143861
2016-02-19,38.5,32.12540346
2016-02-19,38.6,32.16827151
2016-02-19,38.7,32.1832746
2016-02-19,38.8,32.11470603
2016-02-19,38.9,32.06462738
2016-02-19,39,32.05748571
2016-02-21,37.6,31.6499734
2016-02-21,37.7,31.86677961
2016-02-21,37.8,32.17009219
2016-02-21,37.9,32.14269761
2016-02-21,38,32.08556507
2016-02-21,38.1,32.08921629
2016-02-21,38.2,32.13144214
2016-02-21,38.3,32.16323339
2016-02-21,38.4,32.19193739
2016-02-21,38.5,32.20783737
2016-02-21,38.6,32.19338085
2016-02-21,38.7,32.10282987
2016-02-21,38.8,32.03378595
2016-02-21,38.9,31.97653511
2016-02-21,39,31.83814689
2016-02-22,37.6,31.27237657
2016-02-22,37.7,31.54651814
2016-02-22,37.8,31.93023806
2016-02-22,37.9,32.07043517
2016-02-22,38,32.05580471
2016-02-22,38.1,32.00509725
2016-02-22,38.2,31.93624908
2016-02-22,38.3,31.89139281
2016-02-22,38.4,32.07067741
2016-02-22,38.5,32.14801588
2016-02-22,38.6,32.18763249
2016-02-22,38.7,32.19040172
2016-02-22,38.8,32.12477245
2016-02-22,38.9,32.0506176
2016-02-22,39,32.02739975
2016-02-23,37.6,31.5277714
2016-02-23,37.7,31.76835776
2016-02-23,37.8,32.14475874
2016-02-23,37.9,32.12213252
2016-02-23,38,32.064822
2016-02-23,38.1,32.06682423
2016-02-23,38.2,32.10772755
2016-02-23,38.3,32.14416173
2016-02-23,38.4,32.18228887
2016-02-23,38.5,32.19503942
2016-02-23,38.6,32.17146323
2016-02-23,38.7,32.11195089
2016-02-23,38.8,32.04593595
2016-02-23,38.9,31.97408885
2016-02-23,39,31.82211381
2016-02-25,37.6,31.3464342
2016-02-25,37.7,31.52896072
2016-02-25,37.8,31.80107662
2016-02-25,37.9,32.10611619
2016-02-25,38,32.11320263
2016-02-25,38.1,32.08580181
2016-02-25,38.2,32.06601441
2016-02-25,38.3,32.06773511
2016-02-25,38.4,32.10969365
2016-02-25,38.5,32.15101273
2016-02-25,38.6,32.19438735
2016-02-25,38.7,32.22794673
2016-02-25,38.8,32.19779103
2016-02-25,38.9,32.11923605
2016-02-25,39,32.08321844
2016-03-01,37.6,31.38454995
2016-03-01,37.7,31.50753861
2016-03-01,37.8,31.78476845
2016-03-01,37.9,32.05814681
2016-03-01,38,32.080063
2016-03-01,38.1,32.06128863
2016-03-01,38.2,32.05248197
2016-03-01,38.3,32.05904037
2016-03-01,38.4,32.093118
2016-03-01,38.5,32.12524358
2016-03-01,38.6,32.1623015
2016-03-05,37.6,31.61419157
2016-03-05,37.7,32.10541247
2016-03-05,37.8,32.13169577
2016-03-05,37.9,32.07501623
2016-03-05,38,32.05291661
2016-03-05,38.1,32.07698121
2016-03-05,38.2,32.11690254
2016-03-05,38.3,32.14005895
2016-03-05,38.4,32.1481525
2016-03-05,38.5,32.15994097
2016-03-05,38.6,32.1855325
2016-03-05,38.7,32.137888
2016-03-05,38.8,32.04890846
2016-03-05,38.9,31.98724834
2016-03-05,39,31.87863044
2016-03-06,37.6,31.37432139
2016-03-06,37.7,31.52691617
2016-03-06,37.8,31.97207027
2016-03-06,37.9,32.08080359
2016-03-06,38,32.06241944
2016-03-06,38.1,32.04134763
2016-03-06,38.2,32.04483047
2016-03-06,38.3,32.04786025
2016-03-06,38.4,32.06532097
2016-03-06,38.5,32.10948009
2016-03-06,38.6,32.16137967
2016-03-06,38.7,32.21331323
2016-03-06,38.8,32.20784808
2016-03-06,38.9,32.11916389
2016-03-06,39,32.06979485
2016-03-10,37.6,31.72045561
2016-03-10,37.7,32.06064503
2016-03-10,37.8,32.17202083
2016-03-10,37.9,32.10499995
2016-03-10,38,32.06350915
2016-03-10,38.1,32.06355693
2016-03-10,38.2,32.08223337
2016-03-10,38.3,32.12330174
2016-03-10,38.4,32.15911021
2016-03-10,38.5,32.18906008
2016-03-10,38.6,32.21435718
2016-03-10,38.7,32.17714879
2016-03-10,38.8,32.09141885
2016-03-10,38.9,31.98318993
2016-03-10,39,31.896165
2016-03-13,37.6,31.73183622
2016-03-13,37.7,32.06262537
2016-03-13,37.8,32.15911671
2016-03-13,37.9,32.08849997
2016-03-13,38,32.06382479
2016-03-13,38.1,32.0544829
2016-03-13,38.2,32.05382163
2016-03-13,38.3,32.07380236
2016-03-13,38.4,32.11614063
2016-03-13,38.5,32.16896005
2016-03-13,38.6,32.21348049
2016-03-13,38.7,32.18785937
2016-03-13,38.8,32.06484585
2016-03-13,38.9,31.99646667
2016-03-13,39,31.85178824
2016-03-14,37.6,31.4658443
2016-03-14,37.7,31.62628386
2016-03-14,37.8,31.98033138
2016-03-14,37.9,32.11391565
2016-03-14,38,32.08093936
2016-03-14,38.1,32.05958926
2016-03-14,38.2,32.04637867
2016-03-14,38.3,32.03693624
2016-03-14,38.4,32.04602844
2016-03-14,38.5,32.07675888
2016-03-14,38.6,32.12805803
2016-03-14,38.7,32.18026019
2016-03-14,38.8,32.20401337
2016-03-14,38.9,32.11205526
2016-03-14,39,32.0446753
2016-03-16,37.6,31.67341124
2016-03-16,37.7,32.0772841
2016-03-16,37.8,32.15973005
2016-03-16,37.9,32.08826755
2016-03-16,38,32.05627954
2016-03-16,38.1,32.05187264
2016-03-16,38.2,32.06199405
2016-03-16,38.3,32.08350085
2016-03-16,38.4,32.12103657
2016-03-16,38.5,32.14548729
2016-03-16,38.6,32.18893941
2016-03-16,38.7,32.20161139
2016-03-16,38.8,32.09653495
2016-03-16,38.9,31.94432802
2016-03-16,39,31.84845728
2016-03-17,37.6,31.42723125
2016-03-17,37.7,31.54187617
2016-03-17,37.8,31.90748682
2016-03-17,37.9,32.03976873
2016-03-17,38,32.043851
2016-03-17,38.1,32.03561712
2016-03-17,38.2,32.02744588
2016-03-17,38.3,32.02157476
2016-03-17,38.4,32.03053122
2016-03-17,38.5,32.05645528
2016-03-17,38.6,32.09405958
2016-03-17,38.7,32.14062819
2016-03-17,38.8,32.17624545
2016-03-17,38.9,32.11709691
2016-03-17,39,32.07729267
2016-03-18,38.4,32.10338763
2016-03-18,38.5,32.144636
2016-03-18,38.6,32.18332187
2016-03-18,38.7,32.18354105
2016-03-18,38.8,32.08382313
2016-03-18,38.9,31.97993902
2016-03-18,39,31.76011591
2016-03-19,37.5,31.5782546
2016-03-19,37.6,31.77887637
2016-03-19,37.7,32.09330341
2016-03-19,37.8,32.10039408
2016-03-19,37.9,32.07100245
2016-03-19,38,32.05805128
2016-03-19,38.1,32.04928721
2016-03-19,38.2,32.04641492
2016-03-19,38.3,32.06279916
2016-03-19,38.4,32.08145473
2016-03-21,37.6,31.50152713
2016-03-21,37.7,31.79513809
2016-03-21,37.8,32.06544342
2016-03-21,37.9,32.09529617
2016-03-21,38,32.06457879
2016-03-21,38.1,32.05506962
2016-03-21,38.2,32.04811179
2016-03-21,38.3,32.033403
2016-03-21,38.4,32.04786174
2016-03-21,38.5,32.08242727
2016-03-21,38.6,32.133544
2016-03-21,38.7,32.17282024
2016-03-21,38.8,32.18470879
2016-03-21,38.9,32.11205248
2016-03-21,39,32.00166781
2016-03-23,37.6,31.78978507
2016-03-23,37.7,32.0773908
2016-03-23,37.8,32.17291792
2016-03-23,37.9,32.091025
2016-03-23,38,32.06121362
2016-03-23,38.1,32.06253998
2016-03-23,38.2,32.05260071
2016-03-23,38.3,32.07242248
2016-03-23,38.4,32.12311584
2016-03-23,38.5,32.16307431
2016-03-23,38.6,32.18246841
2016-03-23,38.7,32.16680178
2016-03-23,38.8,32.06783519
2016-03-23,38.9,31.99755918
2016-03-23,39,31.94632536
2016-03-25,37.6,31.60618852
2016-03-25,37.7,31.71144243
2016-03-25,37.8,32.03433043
2016-03-25,37.9,32.05906408
2016-03-25,38,32.01170857
2016-03-25,38.1,32.02276935
2016-03-25,38.2,32.04439075
2016-03-25,38.3,31.82639281
2016-03-25,38.4,31.60560372
2016-03-25,38.5,31.62562611
2016-03-25,38.6,31.66210192
2016-03-25,38.7,31.7310742
2016-03-25,38.8,31.78966389
2016-03-25,38.9,31.83519237
2016-03-25,39,31.88999415
2016-03-26,37.6,31.76670009
2016-03-26,37.7,32.09314325
2016-03-26,37.8,32.12045828
2016-03-26,37.9,32.06085423
2016-03-26,38,32.05715723
2016-03-26,38.1,32.05666751
2016-03-26,38.2,32.04964335
2016-03-26,38.3,32.04888861
2016-03-26,38.4,32.09870007
2016-03-26,38.5,32.1320091
2016-03-26,38.6,32.15816017
2016-03-26,38.7,32.12084649
2016-03-26,38.8,32.03262217
2016-03-26,38.9,31.9819706
2016-03-26,39,31.89443267
2016-04-01,37.6,31.85979264
2016-04-01,37.7,32.09710317
2016-04-01,37.8,32.15096974
2016-04-01,37.9,32.07868333
2016-04-01,38,32.06309276
2016-04-01,38.1,32.05999519
2016-04-01,38.2,32.05370971
2016-04-01,38.3,32.05201461
2016-04-01,38.4,32.08617724
2016-04-01,38.5,32.12146033
2016-04-01,38.6,32.15051712
2016-04-01,38.7,32.09086112
2016-04-01,38.8,32.03106114
2016-04-01,38.9,31.97932402
2016-04-01,39,31.87168367
2016-04-03,37.6,31.51986203
2016-04-03,37.7,31.8905466
2016-04-03,37.8,32.07422065
2016-04-03,37.9,32.07000092
2016-04-03,38,32.05801423
2016-04-03,38.1,32.05293532
2016-04-03,38.2,32.04993232
2016-04-03,38.3,32.03744327
2016-04-03,38.4,32.04287882
2016-04-03,38.5,32.0710285
2016-04-03,38.6,32.10028815
2016-04-03,38.7,32.13740471
2016-04-03,38.8,32.09774477
2016-04-03,38.9,32.04789991
2016-04-03,39,32.0216
2016-04-04,37.6,31.90756454
2016-04-04,37.7,32.12860386
2016-04-04,37.8,32.08541628
2016-04-04,37.9,32.06587991
2016-04-04,38,32.06203251
2016-04-04,38.1,32.05883332
2016-04-04,38.2,32.0533892
2016-04-04,38.3,32.0576542
2016-04-04,38.4,32.08331459
2016-04-04,38.5,32.10220908
2016-04-04,38.6,32.13235038
2016-04-04,38.7,32.06802115
2016-04-04,38.8,32.02266907
2016-04-04,38.9,31.95954007
2016-04-04,39,31.89259855
2016-04-05,37.6,31.4203841
2016-04-05,37.7,31.73448532
2016-04-05,37.8,31.9322248
2016-04-05,37.9,31.95353335
2016-04-05,38,31.93501076
2016-04-05,38.1,31.95005652
2016-04-05,38.2,31.94525258
2016-04-05,38.3,31.94032312
2016-04-05,38.4,31.96358924
2016-04-05,38.5,31.99876365
2016-04-05,38.6,32.03088626
2016-04-05,38.7,32.01426951
2016-04-05,38.8,31.98117711
2016-04-05,38.9,31.90019054
2016-04-05,39,31.9389798
2016-04-09,37.6,31.99800213
2016-04-09,37.7,32.12244356
2016-04-09,37.8,32.08568755
2016-04-09,37.9,32.07345605
2016-04-09,38,32.06494307
2016-04-09,38.1,32.05997583
2016-04-09,38.2,32.05993168
2016-04-09,38.3,32.06102408
2016-04-09,38.4,32.0882056
2016-04-09,38.5,32.12333574
2016-04-09,38.6,32.127793
2016-04-09,38.7,32.05312719
2016-04-09,38.8,32.0132905
2016-04-09,38.9,31.94647237
2016-04-09,39,31.8313606
2016-04-11,37.6,31.78784757
2016-04-11,37.7,31.91451056
2016-04-11,37.8,32.09501705
2016-04-11,37.9,32.12072533
2016-04-11,38,32.09185638
2016-04-11,38.1,32.07030336
2016-04-11,38.2,32.06406142
2016-04-11,38.3,32.05661579
2016-04-11,38.4,32.05315089
2016-04-11,38.5,32.05053995
2016-04-11,38.6,32.08555838
2016-04-11,38.7,32.12572542
2016-04-11,38.8,32.10641147
2016-04-11,38.9,32.05613508
2016-04-11,39,32.03156364
2016-04-14,37.6,32.00185696
2016-04-14,37.7,32.12498248
2016-04-14,37.8,32.09193815
2016-04-14,37.9,32.07846274
2016-04-14,38,32.06581627
2016-04-14,38.1,32.06260555
2016-04-14,38.2,32.05029415
2016-04-14,38.3,32.05059443
2016-04-14,38.4,32.05821668
2016-04-14,38.5,32.07402168
2016-04-14,38.6,32.10662823
2016-04-14,38.7,32.07389739
2016-04-14,38.8,32.02196147
2016-04-14,38.9,31.94987027
2016-04-14,39,31.80550235
2016-04-15,37.6,31.68857876
2016-04-15,37.7,31.85343226
2016-04-15,37.8,32.02760283
2016-04-15,37.9,32.07629897
2016-04-15,38,32.06447961
2016-04-15,38.1,32.05693886
2016-04-15,38.2,32.05086859
2016-04-25,37.6,31.79507185
2016-04-25,37.7,31.90503889
2016-04-25,37.8,31.9379086
2016-04-25,37.9,31.92127623
2016-04-25,38,31.87159709
2016-04-25,38.1,31.84146386
2016-04-25,38.2,31.72240286
2016-04-25,38.3,31.73460949
2016-04-25,38.4,31.81221712
2016-04-25,38.5,31.83792118
2016-04-25,38.6,31.87283745
2016-04-25,38.7,31.90096267
2016-04-25,38.8,31.89734591
2016-04-25,38.9,31.79144681
2016-05-09,37.6,31.76939686
2016-05-09,37.7,31.7982866
2016-05-09,37.8,31.90475044
2016-05-09,37.9,32.01702291
2016-05-09,38,32.02449026
2016-05-09,38.1,32.01713526
2016-05-09,38.2,31.99503532
2016-05-09,38.3,31.98396474
2016-05-09,38.4,31.97998079
2016-05-09,38.5,32.00786276
2016-05-09,38.6,32.03845888
2016-05-09,38.7,32.05126962
2016-05-09,38.8,31.86589315
2016-05-09,38.9,31.86907573
2016-05-09,39,31.8679266
2016-05-11,37.6,31.91741055
2016-05-11,37.7,32.02286739
2016-05-11,37.8,32.11541181
2016-05-11,37.9,32.09391281
2016-05-11,38,32.08695726
2016-05-11,38.1,32.07320224
2016-05-11,38.2,32.06205577
2016-05-11,38.3,32.07926662
2016-05-11,38.4,32.08378856
2016-05-11,38.5,32.07402441
2016-05-11,38.6,32.0439725
2016-05-11,38.7,31.94500995
2016-05-11,38.8,31.90701983
2016-05-11,38.9,31.84791835
2016-05-11,39,31.702159
2016-05-18,37.6,31.81044728
2016-05-18,37.7,31.94200732
2016-05-18,37.8,32.00370518
2016-05-18,37.9,31.98787237
2016-05-18,38,31.99909185
2016-05-18,38.1,32.00353815
2016-05-18,38.2,32.01777154
2016-05-18,38.3,32.03444956
2016-05-18,38.4,32.03082595
2016-05-18,38.5,31.9704591
2016-05-18,38.6,31.84369397
2016-05-18,38.7,31.61529482
2016-05-18,38.8,31.57697124
2016-05-21,37.6,31.78495149
2016-05-21,37.7,31.86331752
2016-05-21,37.8,31.98930415
2016-05-21,37.9,32.00064802
2016-05-21,38,32.00717729
2016-05-21,38.1,32.00615002
2016-05-21,38.2,32.01128302
2016-05-21,38.3,32.01608998
2016-05-21,38.4,32.01515753
2016-05-21,38.5,32.0078479
2016-05-21,38.6,31.93163498
2016-05-21,38.7,31.69292905
2016-05-21,38.8,31.64038632
2016-05-23,37.4,31.73362177
2016-05-23,37.5,31.69292427
2016-05-23,37.6,31.73542968
2016-05-23,37.7,31.77211492
2016-05-23,37.8,31.74966008
2016-05-23,37.9,31.91288855
2016-05-23,38,31.99492274
2016-05-23,38.1,32.01885895
2016-05-23,38.2,32.02368998
2016-05-23,38.3,32.02467387
2016-05-23,38.4,32.03481268
2016-05-23,38.5,32.04191959
2016-05-23,38.6,32.0344895
2016-05-23,38.7,31.9441945
2016-05-23,38.8,31.57132286
2016-05-23,38.9,31.55441329
2016-05-23,39,31.58760516
2016-05-26,37.6,31.71482718
2016-05-26,37.7,31.778011
2016-05-26,37.8,31.89771228
2016-05-26,37.9,31.98201201
2016-05-26,38,32.01654632
2016-05-26,38.1,32.01738359
2016-05-26,38.2,32.00233914
2016-05-26,38.3,31.90710093
2016-05-26,38.4,31.9233178
2016-05-26,38.5,32.00815814
2016-05-26,38.6,31.94300491
2016-05-26,38.7,31.57366514
2016-05-26,38.8,31.59676426
2016-05-26,38.9,31.711877
2016-05-27,38.6,32.008917
2016-05-27,38.7,31.88756867
2016-05-27,38.8,31.53008426
2016-05-27,38.9,31.61358329
2016-05-27,39,31.68916675
2016-05-29,37.6,31.76197051
2016-05-29,37.7,31.90162069
2016-05-29,37.8,32.02196912
2016-05-29,37.9,32.03338974
2016-05-29,38,32.02531541
2016-05-29,38.1,32.03012846
2016-05-29,38.2,32.00347649
2016-05-29,38.3,31.88148626
2016-05-29,38.4,31.87559333
2016-05-29,38.5,31.96734297
2016-05-29,38.6,31.84844867
2016-05-29,38.7,31.4618921
2016-05-29,38.8,31.4958565
2016-05-29,38.9,31.67073168
2016-05-29,39,31.62924384
2016-06-01,37.6,31.72180851
2016-06-01,37.7,31.76780082
2016-06-01,37.8,31.84936062
2016-06-01,37.9,31.98694094
2016-06-01,38,32.02044919
2016-06-01,38.1,32.02089337
2016-06-01,38.2,32.02204081
2016-06-01,38.3,32.02100679
2016-06-01,38.4,32.02346103
2016-06-01,38.5,32.01190976
2016-06-01,38.6,32.00471906
2016-06-01,38.7,31.87187859
2016-06-01,38.8,31.59093523
2016-06-01,38.9,31.50710197
2016-06-01,39,31.58739241
2016-06-02,37.6,31.798161
2016-06-02,37.7,31.84232071
2016-06-02,37.8,32.02322595
2016-06-02,37.9,32.02676502
2016-06-02,38,32.01736746
2016-06-02,38.1,31.98246053
2016-06-02,38.2,32.0322171
2016-06-02,38.3,32.00573756
2016-06-02,38.4,31.98820328
2016-06-02,38.5,31.96733659
2016-06-02,38.6,31.8354365
2016-06-02,38.7,31.54665109
2016-06-02,38.8,31.39889755
2016-06-02,38.9,31.5337566
2016-06-02,39,31.63447672
2016-06-05,37.6,31.71058119
2016-06-05,37.7,31.7038886
2016-06-05,37.8,31.6876315
2016-06-05,37.9,31.81774322
2016-06-05,38,31.98941483
2016-06-05,38.1,31.98659364
2016-06-05,38.2,31.88545758
2016-06-05,38.3,31.81627568
2016-06-05,38.4,31.87497649
2016-06-05,38.5,31.94901761
2016-06-05,38.6,31.94186028
2016-06-05,38.7,31.558112
2016-06-05,38.8,31.36409192
2016-06-05,38.9,31.43641626
2016-06-05,39,31.53756226
2016-06-13,37.6,31.7182975
2016-06-13,37.7,31.78393261
2016-06-13,37.8,31.92712349
2016-06-13,37.9,31.98237295
2016-06-13,38,31.94592781
2016-06-13,38.1,31.88435432
2016-06-13,38.2,31.90008108
2016-06-13,38.3,31.90017478
2016-06-13,38.4,31.89465547
2016-06-13,38.5,31.9077397
2016-06-13,38.6,31.92887686
2016-06-13,38.7,31.88547724
2016-06-13,38.8,31.55889479
2016-06-13,38.9,31.37459819
2016-06-13,39,31.37054563
2016-06-30,37.6,31.65703327
2016-06-30,37.7,31.67735083
2016-06-30,37.8,31.60723805
2016-06-30,37.9,31.48532356
2016-06-30,38,31.37747096
2016-06-30,38.1,31.32921471
2016-06-30,38.2,31.33308652
2016-06-30,38.3,31.41865532
2016-06-30,38.4,31.56252123
2016-06-30,38.5,31.52471443
2016-06-30,38.6,31.17433113
2016-06-30,38.7,30.825386
2016-06-30,38.8,30.87668672
2016-06-30,38.9,31.01252692
2016-07-14,37.6,31.6774766
2016-07-14,37.7,31.57490085
2016-07-14,37.8,31.34913156
2016-07-14,37.9,31.17150895
2016-07-14,38,31.22758713
2016-07-14,38.1,31.36252927
2016-07-14,38.2,31.25088748
2016-07-14,38.3,31.40729676
2016-07-14,38.4,31.28358523
2016-07-14,38.5,31.33276261
2016-07-14,38.6,31.41329752
2016-07-14,38.7,30.99245418
2016-07-14,38.8,30.57987782
2016-07-14,38.9,30.66964277
2016-07-14,39,30.77211322
2016-07-16,37.6,31.59232473
2016-07-16,37.7,31.63309749
2016-07-16,37.8,31.60815773
2016-07-16,37.9,31.5062842
2016-07-16,38,31.17985002
2016-07-16,38.1,30.9652783
2016-07-16,38.2,31.2374896
2016-07-16,38.3,31.26607507
2016-07-16,38.4,31.22802279
2016-07-16,38.5,31.34292076
2016-07-16,38.6,31.37210722
2016-07-16,38.7,31.50231847
2016-07-16,38.8,31.52609043
2016-07-16,38.9,31.02516006
2016-07-16,39,30.75670744
2016-08-03,37.6,31.17907156
2016-08-03,37.7,31.33408794
2016-08-03,37.8,31.43083144
2016-08-03,37.9,31.41079819
2016-08-03,38,31.25033983
2016-08-03,38.1,31.16411357
2016-08-03,38.2,31.08568416
2016-08-03,38.3,30.911887
2016-08-03,38.4,30.99494811
2016-08-03,38.5,31.04720286
2016-08-03,38.6,31.0510058
2016-08-03,38.7,31.27036294
2016-08-03,38.8,31.20427143
2016-08-03,38.9,30.762749
2016-08-03,39,30.74214163
2016-08-06,37.6,31.38086413
2016-08-06,37.7,31.42009926
2016-08-06,37.8,31.43737442
2016-08-06,37.9,31.25909228
2016-08-06,38,31.095564
2016-08-06,38.1,31.10231247
2016-08-06,38.2,31.01707662
2016-08-06,38.3,30.90282167
2016-08-06,38.4,31.00025505
2016-08-06,38.5,31.098196
2016-08-06,38.6,31.06064876
2016-08-06,38.7,30.46033886
2016-08-06,38.8,30.19152118
2016-08-06,38.9,30.57474997
2016-08-08,37.6,31.1751351
2016-08-08,37.7,31.16495714
2016-08-08,37.8,30.95819237
2016-08-08,37.9,30.95734356
2016-08-08,38,31.19752383
2016-08-08,38.1,31.14487489
2016-08-08,38.2,31.2061266
2016-08-08,38.3,31.25523703
2016-08-08,38.4,31.0880468
2016-08-08,38.5,30.96069447
2016-08-08,38.6,31.1015362
2016-08-08,38.7,30.97024997
2016-08-08,38.8,30.59794642
2016-08-08,38.9,30.35583614
2016-08-08,39,30.4231555
2016-08-12,37.6,31.06745049
2016-08-12,37.7,31.10290856
2016-08-12,37.8,31.11201031
2016-08-12,37.9,31.12757519
2016-08-12,38,30.89040151
2016-08-12,38.1,30.9699056
2016-08-12,38.2,30.95347209
2016-08-12,38.3,30.88751328
2016-08-12,38.4,31.04305684
2016-08-12,38.5,31.16235507
2016-08-12,38.6,31.20075909
2016-08-12,38.7,30.79761983
2016-08-12,38.8,30.0347009
2016-08-12,38.9,30.08763608
2016-08-14,37.4,31.15824643
2016-08-14,37.5,31.19883783
2016-08-14,37.6,31.178557
2016-08-14,37.7,31.06120989
2016-08-14,37.8,31.03402073
2016-08-14,37.9,31.14977654
2016-08-14,38,30.78162371
2016-08-14,38.1,30.65508715
2016-08-14,38.2,30.82463249
2016-08-14,38.3,30.80676926
2016-08-14,38.4,30.96266932
2016-08-14,38.5,31.0660243
2016-08-14,38.6,31.16484832
2016-08-14,38.7,31.05438503
2016-08-14,38.8,30.47974208
2016-08-14,38.9,30.30866205
2016-08-14,39,30.28937033
2016-09-04,37.7,30.97027233
2016-09-04,37.8,31.03158142
2016-09-04,37.9,31.21461661
2016-09-04,38,31.01344717
2016-09-04,38.1,31.27030627
2016-09-04,38.2,31.179
2016-09-04,38.3,31.17652869
2016-09-04,38.4,31.31734194
2016-09-04,38.5,31.38352964
2016-09-04,38.6,31.43703419
2016-09-04,38.7,31.42899622
2016-09-04,38.8,31.06470189
2016-09-04,38.9,31.047901
2016-09-04,39,31.04840132
2016-09-06,37.6,31.23515374
2016-09-06,37.7,31.31006667
2016-09-06,37.8,31.29373726
2016-09-06,37.9,31.24663484
2016-09-06,38,31.36054364
2016-09-06,38.1,31.3723408
2016-09-06,38.2,31.48971986
2016-09-06,38.3,31.3332301
2016-09-06,38.4,31.49706741
2016-09-06,38.5,31.48759349
2016-09-06,38.6,31.18791553
2016-09-06,38.7,30.88251505
2016-09-06,38.8,30.9599587
2016-09-06,38.9,30.91004854
2016-09-20,37.6,31.07721232
2016-09-20,37.7,31.16702502
2016-09-20,37.8,31.25895503
2016-09-20,37.9,31.32989465
2016-09-20,38,31.35787629
2016-09-20,38.1,31.39229995
2016-09-20,38.2,31.44641162
2016-09-20,38.3,31.43004238
2016-09-20,38.4,31.43524169
2016-09-20,38.5,31.47320522
2016-09-21,38.5,31.4833415
2016-09-21,38.6,31.48692592
2016-09-21,38.7,31.43584556
2016-09-21,38.8,31.38031737
2016-09-21,38.9,31.03659382
2016-09-21,39,31.00109442
2016-09-28,37.6,31.33482637
2016-09-28,37.7,31.40009702
2016-09-28,37.8,31.40551156
2016-09-28,37.9,31.41518753
2016-09-28,38,31.41963256
2016-09-28,38.1,31.46207717
2016-09-28,38.2,31.45818814
2016-09-28,38.3,31.49406907
2016-09-28,38.4,31.53306053
2016-09-28,38.5,31.51285208
2016-09-28,38.6,31.4178712
2016-09-28,38.7,31.3032925
2016-09-28,38.8,31.11826218
2016-09-28,38.9,31.07226968
2016-09-28,39,30.92141937
2016-10-09,37.6,31.41230283
2016-10-09,37.7,31.45475698
2016-10-09,37.8,31.47197478
2016-10-09,37.9,31.46910232
2016-10-09,38,31.476478
2016-10-09,38.1,31.50225293
2016-10-09,38.2,31.58380527
2016-10-09,38.3,31.64988478
2016-10-09,38.4,31.65585464
2016-10-09,38.5,31.66694615
2016-10-09,38.6,31.66059375
2016-10-09,38.7,31.51678796
2016-10-09,38.8,31.33473484
2016-10-09,38.9,31.2436605
2016-10-10,37.6,31.59655935
2016-10-10,37.7,31.44584809
2016-10-10,37.8,31.49403176
2016-10-10,37.9,31.50361633
2016-10-10,38,31.50335393
2016-10-10,38.1,31.49908414
2016-10-10,38.2,31.48477365
2016-10-10,38.3,31.49796137
2016-10-11,38.3,31.5096934
2016-10-11,38.4,31.54486277
2016-10-11,38.5,31.648231
2016-10-11,38.6,31.71658753
2016-10-11,38.7,31.74077717
2016-10-11,38.8,31.76813674
2016-10-11,38.9,31.62339333
2016-10-11,39,31.56482759
