Date,Latitude,Saturation
2015-10-14,37.5,86.76859325742576
2015-10-15,37.6,52.73500388034193
2015-10-15,37.7,
2015-10-15,37.8,
2015-10-15,37.9,
2015-10-16,39.0,
2015-10-17,38.1,
2015-10-17,38.2,
2015-10-17,38.3,
2015-10-17,38.4,
2015-10-17,38.5,
2015-10-17,38.6,
2015-10-17,38.7,92.99270833333331
2015-10-17,38.8,91.17761041818167
2015-10-18,37.6,
2015-10-18,37.7,
2015-10-19,37.8,
2015-10-19,37.9,
2015-10-19,38.0,
2015-10-19,38.1,
2015-10-19,38.2,
2015-10-19,38.3,
2015-10-19,38.4,
2015-10-19,38.5,
2015-10-19,38.6,
2015-10-19,38.7,
2015-10-19,38.8,
2015-10-19,38.9,
2015-10-19,39.0,
2015-10-24,38.4,
2015-10-24,38.5,
2015-10-24,38.6,
2015-10-24,38.7,
2015-10-24,38.8,
2015-10-24,38.9,
2015-10-24,39.0,
2015-10-25,37.6,
2015-10-25,37.7,
2015-10-25,37.8,
2015-10-25,37.9,
2015-10-25,38.0,
2015-10-25,38.1,
2015-10-25,38.2,
2015-10-25,38.3,
2015-10-25,38.4,
2015-11-09,37.6,
2015-11-10,37.6,
2015-11-10,37.7,
2015-11-10,37.8,
2015-11-10,37.9,
2015-11-10,38.0,
2015-11-10,38.1,
2015-11-10,38.2,
2015-11-10,38.3,
2015-11-10,38.4,
2015-11-10,38.5,
2015-11-10,38.6,
2015-11-10,38.7,
2015-11-10,38.8,
2015-11-10,38.9,
2015-11-10,39.0,
2015-11-11,37.6,
2015-11-11,37.7,
2015-11-11,37.8,
2015-11-11,37.9,
2015-11-11,38.0,
2015-11-11,38.1,
2015-11-11,38.2,
2015-11-11,38.3,
2015-11-11,38.4,
2015-11-11,38.5,
2015-11-11,38.6,
2015-11-11,38.7,
2015-11-11,38.8,
2015-11-11,38.9,
2015-11-11,39.0,
2015-11-12,37.6,
2015-11-12,37.7,
2015-11-12,37.8,
2015-11-12,37.9,
2015-11-12,38.0,
2015-11-12,38.1,
2015-11-12,38.2,
2015-11-12,38.3,
2015-11-12,38.4,
2015-11-12,38.5,
2015-11-12,38.6,
2015-11-12,38.7,
2015-11-12,38.8,
2015-11-12,38.9,
2015-11-12,39.0,
2015-11-13,37.6,
2015-11-13,37.7,
2015-11-13,37.8,
2015-11-13,37.9,
2015-11-13,38.0,
2015-11-13,38.1,
2015-11-13,38.2,
2015-11-13,38.3,
2015-11-13,38.4,
2015-11-13,38.5,
2015-11-13,38.6,
2015-11-13,38.7,
2015-11-13,38.8,
2015-11-13,38.9,
2015-11-14,37.6,
2015-11-14,37.7,
2015-11-14,37.8,
2015-11-14,37.9,
2015-11-14,38.0,
2015-11-14,38.1,
2015-11-14,38.2,
2015-11-14,38.3,
2015-11-14,38.4,
2015-11-14,38.5,
2015-11-14,38.6,
2015-11-14,38.7,
2015-11-14,38.8,
2015-11-14,38.9,
2015-11-19,38.8,
2015-11-19,38.9,
2015-11-19,39.0,
2015-11-20,37.6,
2015-11-20,37.7,
2015-11-20,37.8,
2015-11-20,37.9,
2015-11-20,38.0,
2015-11-20,38.1,
2015-11-20,38.2,
2015-11-20,38.3,
2015-11-20,38.4,
2015-11-20,38.5,
2015-11-20,38.6,
2015-11-20,38.7,
2015-11-20,38.8,
2015-11-20,38.9,
2015-11-21,38.3,
2015-11-21,38.4,
2015-11-21,38.5,
2015-11-21,38.6,
2015-11-21,38.7,
2015-11-21,38.8,
2015-11-21,38.9,
2015-11-21,39.0,
2015-11-24,39.0,
2015-11-25,39.0,
2015-11-26,38.9,
2015-11-26,39.0,
2015-11-27,37.6,
2015-11-27,37.7,
2015-11-27,37.8,
2015-11-27,37.9,
2015-11-27,38.0,
2015-11-27,38.1,
2015-11-27,38.2,
2015-11-27,38.3,
2015-11-27,38.4,
2015-11-27,38.5,
2015-11-27,38.6,
2015-11-27,38.7,
2015-11-27,38.8,
2015-11-27,38.9,
2015-11-29,37.6,
2015-11-29,37.7,
2015-11-29,37.8,
2015-11-29,37.9,
2015-11-29,38.0,
2015-11-29,38.1,
2015-11-29,38.2,
2015-11-29,38.3,
2015-11-29,38.4,
2015-11-29,38.5,
2015-11-29,38.6,
2015-11-29,38.7,
2015-11-29,38.8,
2015-11-29,38.9,
2015-11-29,39.0,
2015-12-04,38.7,
2015-12-04,38.8,
2015-12-04,38.9,
2015-12-04,39.0,
2015-12-05,37.6,
2015-12-05,37.7,
2015-12-05,37.8,
2015-12-05,37.9,
2015-12-05,38.0,
2015-12-05,38.1,
2015-12-05,38.2,
2015-12-05,38.3,
2015-12-05,38.4,
2015-12-05,38.5,
2015-12-05,38.6,
2015-12-05,38.7,
2015-12-06,37.6,
2015-12-06,37.7,
2015-12-06,37.8,
2015-12-06,37.9,
2015-12-06,38.0,
2015-12-06,38.1,
2015-12-06,38.2,
2015-12-06,38.3,
2015-12-06,38.4,
2015-12-06,38.5,
2015-12-06,38.6,
2015-12-06,38.7,
2015-12-06,38.8,
2015-12-06,38.9,
2015-12-06,39.0,
2015-12-08,37.6,
2015-12-08,37.7,
2015-12-08,37.8,
2015-12-08,37.9,
2015-12-08,38.0,
2015-12-08,38.1,
2015-12-08,38.2,
2015-12-08,38.3,
2015-12-08,38.4,
2015-12-08,38.5,
2015-12-08,38.6,
2015-12-08,38.7,
2015-12-08,38.8,
2015-12-08,38.9,
2015-12-08,39.0,
2015-12-09,38.3,
2015-12-09,38.4,
2015-12-09,38.5,
2015-12-09,38.6,
2015-12-09,38.7,
2015-12-09,38.8,
2015-12-09,38.9,
2015-12-09,39.0,
2015-12-10,37.6,
2015-12-10,37.7,
2015-12-10,37.8,
2015-12-10,37.9,
2015-12-10,38.0,
2015-12-10,38.1,
2015-12-10,38.2,
2015-12-10,38.3,
2015-12-12,37.4,
2015-12-12,37.5,
2015-12-12,37.6,
2015-12-12,37.7,
2015-12-12,37.8,
2015-12-12,37.9,
2015-12-12,38.0,
2015-12-12,38.1,
2015-12-12,38.2,
2015-12-12,38.3,
2015-12-12,38.4,
2015-12-12,38.5,
2015-12-12,38.6,
2015-12-12,38.7,
2015-12-12,38.8,
2015-12-12,38.9,
2015-12-12,39.0,
2015-12-13,37.6,
2015-12-13,37.7,
2015-12-13,37.8,
2015-12-13,37.9,
2015-12-13,38.0,
2015-12-13,38.1,
2015-12-13,38.2,
2015-12-13,38.3,
2015-12-13,38.4,
2015-12-13,38.5,
2015-12-13,38.6,
2015-12-13,38.7,
2015-12-13,38.8,
2015-12-13,38.9,
2015-12-13,39.0,
2015-12-14,37.6,
2015-12-14,37.7,
2015-12-14,37.8,
2015-12-14,37.9,
2015-12-14,38.0,
2015-12-14,38.1,
2015-12-14,38.2,
2015-12-14,38.3,
2015-12-14,38.4,
2015-12-14,38.5,
2015-12-14,38.6,
2015-12-14,38.7,
2015-12-14,38.8,
2015-12-14,38.9,
2015-12-14,39.0,
2015-12-18,37.6,
2015-12-18,37.7,
2015-12-18,37.8,
2015-12-18,37.9,
2015-12-18,38.0,
2015-12-18,38.1,
2015-12-18,38.2,
2015-12-18,38.3,
2015-12-18,38.4,
2015-12-18,38.5,
2015-12-18,38.6,
2015-12-18,38.7,
2015-12-18,38.8,
2015-12-18,38.9,
2015-12-18,39.0,
2015-12-21,37.6,27.033327078651695
2015-12-21,37.7,89.23377777777779
2015-12-21,37.8,89.70216663999997
2015-12-21,37.9,90.01989587500002
2015-12-21,38.0,89.93628619565217
2015-12-21,38.1,88.23009257777775
2015-12-21,38.2,88.02288884444444
2015-12-21,38.3,88.34505553333334
2015-12-21,38.4,88.42817034782608
2015-12-21,38.5,88.4557036666667
2015-12-21,38.6,89.05031473333331
2015-12-21,38.7,89.2040370888889
2015-12-21,38.8,89.08214018181816
2015-12-21,38.9,88.82021325581397
2015-12-21,39.0,88.28791665
2015-12-28,37.6,76.32390159090909
2016-01-14,37.8,68.31100008333334
2016-01-14,37.9,86.76773497435896
2016-01-14,38.0,89.07690789473685
2016-01-14,38.1,88.96993592307689
2016-01-14,38.2,88.33786585365854
2016-01-14,38.3,88.54412389743588
2016-01-14,38.4,89.18151705128204
2016-01-14,38.5,89.95948200000001
2016-01-14,38.6,90.33975229729728
2016-01-14,38.7,90.41552385714284
2016-01-14,38.8,89.94455882352943
2016-01-14,38.9,88.17404765714285
2016-01-14,39.0,79.86546630769232
2016-01-15,37.6,89.03104165909092
2016-01-15,37.7,89.14670941025643
2016-01-15,37.8,89.40388887179485
2016-01-15,37.9,89.70373928205129
2016-01-15,38.0,88.8613247948718
2016-01-15,38.1,87.65822371052631
2016-01-15,38.2,87.6342093846154
2016-01-15,38.3,87.44049143589743
2016-01-15,38.4,87.11350425641025
2016-01-15,38.5,86.90097917499997
2016-01-15,38.6,86.71105690243901
2016-01-15,38.7,86.60089582499998
2016-01-15,38.8,87.18699999999997
2016-01-15,38.9,90.8884754878049
2016-01-15,39.0,98.17132175862069
2016-01-20,37.6,74.31822724999999
2016-01-20,37.7,87.43129389473684
2016-01-20,37.8,88.71004505405405
2016-01-20,37.9,89.24177628947369
2016-01-20,38.0,89.58225881578944
2016-01-20,38.1,89.95481981081079
2016-01-20,38.2,89.3247297837838
2016-01-20,38.3,89.19085471794872
2016-01-20,38.4,89.14436400000001
2016-01-20,38.5,88.8731081891892
2016-01-20,38.6,89.1637500263158
2016-01-20,38.7,89.13738425000001
2016-01-20,38.8,88.78648147222222
2016-01-20,38.9,88.53819051428572
2016-01-20,39.0,88.66685899999999
2016-01-21,37.6,88.58962583673467
2016-01-21,37.7,88.25075002500002
2016-01-21,37.8,88.09276426829267
2016-01-21,37.9,87.98656250000002
2016-01-21,38.0,88.09502079999999
2016-01-21,38.1,87.18910256410257
2016-01-21,38.2,87.03670941025642
2016-01-21,38.3,86.96474353846155
2016-01-21,38.4,86.6430043157895
2016-01-21,38.5,86.462973
2016-01-21,38.6,86.46711716216218
2016-01-21,38.7,86.24074066666668
2016-01-21,38.8,85.73113427777781
2016-01-21,38.9,85.99756944444444
2016-01-21,39.0,68.02260425
2016-01-25,37.6,76.42949999999999
2016-01-25,37.7,89.78814473684213
2016-01-25,37.8,89.62973686842106
2016-01-25,37.9,90.76807015789473
2016-01-25,38.0,92.17541668421052
2016-01-25,38.1,92.87439822222223
2016-01-25,38.2,92.71312494444444
2016-01-25,38.3,92.21581083783784
2016-01-25,38.4,91.88633342857146
2016-01-25,38.5,92.39438091428572
2016-01-25,38.6,92.68666677142858
2016-01-25,38.7,92.0919362647059
2016-01-25,38.8,92.60747555882352
2016-01-25,38.9,92.40040474285716
2016-01-25,39.0,84.95079007142856
2016-01-26,37.6,87.53596408823532
2016-01-26,37.7,87.87602112676056
2016-01-26,37.8,87.11882222666667
2016-01-26,37.9,87.05211713513513
2016-01-26,38.0,87.4914034473684
2016-01-26,38.1,87.66855263157893
2016-01-26,38.2,88.22360743421054
2016-01-26,38.3,88.79835501298703
2016-01-26,38.4,89.1251727195122
2016-01-26,38.5,88.73083330303032
2016-01-26,38.6,87.78213183720928
2016-01-26,38.7,87.5840475952381
2016-01-26,38.8,87.36528458536586
2016-01-26,38.9,88.90063014634148
2016-01-26,39.0,90.23833331034483
2016-01-27,38.5,91.66916673333334
2016-01-27,38.6,92.06750002857142
2016-01-27,38.7,92.06759802941174
2016-01-27,38.8,91.79730385294116
2016-01-27,38.9,91.06466216216218
2016-01-27,39.0,85.91857949999998
2016-01-28,37.6,91.13867647058824
2016-01-28,37.7,91.15170941025642
2016-01-28,37.8,90.6996458
2016-01-28,37.9,90.37959399999998
2016-01-28,38.0,90.54557684615385
2016-01-28,38.1,89.5027850789474
2016-01-28,38.2,88.903145775
2016-01-28,38.3,88.56359652631579
2016-01-28,38.4,88.3805128205128
2016-01-28,38.5,88.31701750000002
2016-01-28,38.6,88.05774997500001
2016-01-28,38.7,87.58108335000003
2016-01-28,38.8,88.34465443902438
2016-01-28,38.9,88.39666683333333
2016-01-30,37.6,71.50756108333334
2016-01-30,37.7,82.59241458974358
2016-01-30,37.8,83.8304165
2016-01-31,37.8,84.69412162162162
2016-01-31,37.9,86.57956142105262
2016-01-31,38.0,88.4260527368421
2016-01-31,38.1,90.26648651351353
2016-01-31,38.2,90.29015770270271
2016-01-31,38.3,89.47389635135134
2016-01-31,38.4,89.49177927027029
2016-01-31,38.5,89.09855851351354
2016-01-31,38.6,89.26529272972972
2016-01-31,38.7,89.96708331578947
2016-01-31,38.8,90.55384617948718
2016-01-31,38.9,91.55286325641025
2016-01-31,39.0,88.35350575862068
2016-02-01,37.6,85.52029631111105
2016-02-01,37.7,88.78544955263158
2016-02-01,37.8,88.82313034615385
2016-02-01,37.9,89.081956
2016-02-01,38.0,89.60727477027027
2016-02-01,38.1,90.9618036986301
2016-02-01,38.2,90.90617323684214
2016-02-01,38.3,90.37498905263155
2016-02-01,38.4,89.91968203947367
2016-02-01,38.5,89.47729994666666
2016-02-01,38.6,89.07158785135135
2016-02-01,38.7,88.31644559183673
2016-02-01,38.8,87.55047915
2016-02-01,38.9,89.97021366666664
2016-02-01,39.0,89.73849199999998
2016-02-02,38.7,89.53895837499999
2016-02-02,38.8,89.10419278124999
2016-02-02,38.9,88.85335860606058
2016-02-02,39.0,82.52327958064517
2016-02-16,37.6,0.102857
2016-02-16,38.1,18.276392117647056
2016-02-16,38.2,2.5155703023255818
2016-02-16,38.3,0.16057545238095236
2016-02-16,38.4,0.06371033333333337
2016-02-16,38.5,0.05964288095238098
2016-02-16,38.6,35.452973522727284
2016-02-16,38.7,85.50738092857141
2016-02-16,38.8,83.50406247499998
2016-02-16,38.9,57.2989375
2016-02-16,39.0,25.76855563333334
2016-02-17,38.9,90.92988740540542
2016-02-17,39.0,85.99481487037038
2016-02-18,37.6,90.09161108888885
2016-02-18,37.7,90.6121042
2016-02-18,37.8,92.98585314285712
2016-02-18,37.9,93.89290702325579
2016-02-18,38.0,92.32641474418601
2016-02-18,38.1,90.66310076744186
2016-02-18,38.2,89.84964283333332
2016-02-18,38.3,89.62529759523812
2016-02-18,38.4,88.99723484090909
2016-02-18,38.5,88.37554925
2016-02-18,38.6,88.3548485
2016-02-18,38.7,88.34904764285714
2016-02-18,38.8,89.11083332500002
2016-02-18,38.9,90.27666666666669
2016-02-19,37.6,79.06186812820513
2016-02-19,37.7,85.16431623076924
2016-02-19,37.8,86.7748076923077
2016-02-19,37.9,88.77021376923079
2016-02-19,38.0,92.31660261538461
2016-02-19,38.1,92.30368421052633
2016-02-19,38.2,90.98190789473684
2016-02-19,38.3,90.0155284390244
2016-02-19,38.4,89.87333328947368
2016-02-19,38.5,89.4032691794872
2016-02-19,38.6,89.35469509756096
2016-02-19,38.7,89.97206352380951
2016-02-19,38.8,90.11871799999997
2016-02-19,38.9,90.76034184615385
2016-02-19,39.0,91.20410714285715
2016-02-21,37.6,92.0105002
2016-02-21,37.7,92.37457309756103
2016-02-21,37.8,96.43918604651164
2016-02-21,37.9,100.63747970731706
2016-02-21,38.0,97.9677845609756
2016-02-21,38.1,94.97441065853657
2016-02-21,38.2,92.91646814285716
2016-02-21,38.3,92.17859760975612
2016-02-21,38.4,91.21888209756094
2016-02-21,38.5,90.24642280487807
2016-02-21,38.6,90.03093745
2016-02-21,38.7,90.08901315789474
2016-02-21,38.8,90.94197373684213
2016-02-21,38.9,94.49250002631577
2016-02-21,39.0,87.76087794642855
2016-02-22,37.6,75.39041663829788
2016-02-22,37.7,87.01752382857144
2016-02-22,37.8,88.8138096285714
2016-02-22,37.9,93.11777777777777
2016-02-22,38.0,97.07280957142855
2016-02-22,38.1,95.62030097222224
2016-02-22,38.2,92.18849536111112
2016-02-22,38.3,89.80180183783783
2016-02-22,38.4,92.19963970270268
2016-02-22,38.5,92.60660415000002
2016-02-22,38.6,91.27576925641024
2016-02-22,38.7,90.95852569230769
2016-02-22,38.8,91.11162497499998
2016-02-22,38.9,92.11485414999999
2016-02-22,39.0,92.6304165
2016-02-23,37.6,91.70604765714286
2016-02-23,37.7,91.83794717073172
2016-02-23,37.8,95.64355152380952
2016-02-23,37.9,97.55914678571428
2016-02-23,38.0,95.14396334146343
2016-02-23,38.1,93.100249975
2016-02-23,38.2,91.86093752500001
2016-02-23,38.3,91.20370832500002
2016-02-23,38.4,90.50495728205125
2016-02-23,38.5,89.7416447105263
2016-02-23,38.6,89.34728638461539
2016-02-23,38.7,89.34500005263158
2016-02-23,38.8,89.99318366666662
2016-02-23,38.9,94.720641025641
2016-02-23,39.0,94.02561538461539
2016-02-24,37.4,66.62289350000002
2016-02-25,37.6,77.48091810169493
2016-02-25,37.7,89.82974353846154
2016-02-25,37.8,90.83626127027024
2016-02-25,37.9,95.23970724324322
2016-02-25,38.0,99.64732455263162
2016-02-25,38.1,98.49666661111112
2016-02-25,38.2,96.23972972972975
2016-02-25,38.3,94.65854172222224
2016-02-25,38.4,94.53180175675674
2016-02-25,38.5,94.19650905405406
2016-02-25,38.6,92.54837840540542
2016-02-25,38.7,91.44578824324324
2016-02-25,38.8,91.32662164864864
2016-02-25,38.9,92.2376577027027
2016-02-25,39.0,93.51277766666668
2016-03-01,37.6,75.64087915
2016-03-01,37.7,89.90605265789475
2016-03-01,37.8,92.41151318421049
2016-03-01,37.9,98.44349100000001
2016-03-01,38.0,99.665356
2016-03-01,38.1,95.83078936842105
2016-03-01,38.2,93.2638964324324
2016-03-01,38.3,93.05853065789474
2016-03-01,38.4,93.65975227027026
2016-03-01,38.5,94.3675
2016-03-01,38.6,94.1801135
2016-03-02,38.6,93.34708335714285
2016-03-02,38.7,92.78121420000001
2016-03-02,38.8,92.63688088571429
2016-03-02,38.9,93.21552379999996
2016-03-02,39.0,96.60486111111112
2016-03-05,37.6,97.07255288888886
2016-03-05,37.7,104.43668744999995
2016-03-05,37.8,105.3483974871795
2016-03-05,37.9,104.47673074358971
2016-03-05,38.0,103.18660084210528
2016-03-05,38.1,102.79284192307695
2016-03-05,38.2,101.06318382051283
2016-03-05,38.3,99.58681625641022
2016-03-05,38.4,98.63945835000001
2016-03-05,38.5,97.3747863076923
2016-03-05,38.6,93.27508329999999
2016-03-05,38.7,92.61547007692309
2016-03-05,38.8,93.39352564102562
2016-03-05,38.9,95.79782897368422
2016-03-05,39.0,86.45353336
2016-03-06,37.6,85.97289852173911
2016-03-06,37.7,93.72123811428573
2016-03-06,37.8,99.58148643243241
2016-03-06,37.9,102.27795032432431
2016-03-06,38.0,103.36363430555556
2016-03-06,38.1,102.44802380000002
2016-03-06,38.2,102.20594908333334
2016-03-06,38.3,101.46537030555554
2016-03-06,38.4,101.77021431428575
2016-03-06,38.5,101.83009528571431
2016-03-06,38.6,100.51111108333333
2016-03-06,38.7,96.57476194285715
2016-03-06,38.8,94.6897685
2016-03-06,38.9,95.66937494444447
2016-03-06,39.0,97.12384607692306
2016-03-09,39.0,89.12292085714287
2016-03-10,37.6,98.6774746666667
2016-03-10,37.7,104.33722910000002
2016-03-10,37.8,103.38102082499998
2016-03-10,37.9,102.13752029268294
2016-03-10,38.0,103.30068747500005
2016-03-10,38.1,102.00835365853658
2016-03-10,38.2,100.77108327499998
2016-03-10,38.3,99.34205125641027
2016-03-10,38.4,97.80284187179487
2016-03-10,38.5,96.197375075
2016-03-10,38.6,92.76662397435896
2016-03-10,38.7,91.21967946153846
2016-03-10,38.8,91.93160261538462
2016-03-10,38.9,95.67245835000001
2016-03-10,39.0,99.54652750000001
2016-03-13,37.6,101.09567030434782
2016-03-13,37.7,105.26083331578947
2016-03-13,37.8,101.10184210526316
2016-03-13,37.9,102.04418805128205
2016-03-13,38.0,104.14185894871795
2016-03-13,38.1,102.94245723076924
2016-03-13,38.2,102.12516670000001
2016-03-13,38.3,102.68450397619046
2016-03-13,38.4,101.50689021951217
2016-03-13,38.5,98.33432917073168
2016-03-13,38.6,95.05475612195123
2016-03-13,38.7,93.65912604878048
2016-03-13,38.8,95.85789582499999
2016-03-13,38.9,100.60044876923078
2016-03-13,39.0,99.96469774509802
2016-03-14,37.6,94.50538820454548
2016-03-14,37.7,103.24123802857142
2016-03-14,37.8,104.11936279411763
2016-03-14,37.9,100.73774505882353
2016-03-14,38.0,101.3243434848485
2016-03-14,38.1,104.05321079411766
2016-03-14,38.2,104.02338369696972
2016-03-14,38.3,103.20404039393941
2016-03-14,38.4,103.73865197058825
2016-03-14,38.5,103.23257347058825
2016-03-14,38.6,101.7661668
2016-03-14,38.7,99.54583330555555
2016-03-14,38.8,97.23780954285714
2016-03-14,38.9,97.4951905142857
2016-03-14,39.0,99.81304347826088
2016-03-16,37.6,102.9297278979592
2016-03-16,37.7,107.3091071190476
2016-03-16,37.8,101.61372907499997
2016-03-16,37.9,103.73779167500001
2016-03-16,38.0,106.76585476923076
2016-03-16,38.1,106.65284187179488
2016-03-16,38.2,105.82660253846156
2016-03-16,38.3,104.80391662499999
2016-03-16,38.4,103.50226190476194
2016-03-16,38.5,101.98541664285715
2016-03-16,38.6,98.99268936363636
2016-03-16,38.7,96.16465913636365
2016-03-16,38.8,96.83312504545455
2016-03-16,38.9,104.88767040909092
2016-03-16,39.0,95.72880206250001
2016-03-17,37.6,95.88854165625
2016-03-17,37.7,102.76869042857145
2016-03-17,37.8,101.6916919090909
2016-03-17,37.9,97.92883836363636
2016-03-17,38.0,98.41182296875002
2016-03-17,38.1,100.92199493939395
2016-03-17,38.2,101.62460937499996
2016-03-17,38.3,102.67426769696971
2016-03-17,38.4,103.40867181249999
2016-03-17,38.5,103.15187496874996
2016-03-17,38.6,102.41805557575758
2016-03-17,38.7,100.68981768749998
2016-03-17,38.8,98.22126260606063
2016-03-17,38.9,97.96426751515152
2016-03-17,39.0,99.16092599999999
2016-03-18,38.4,103.60635803703703
2016-03-18,38.5,101.57820184210526
2016-03-18,38.6,98.41164473684206
2016-03-18,38.7,96.39247861538462
2016-03-18,38.8,97.18568374358973
2016-03-18,38.9,102.14341465853657
2016-03-18,39.0,100.06661930357144
2016-03-19,37.5,118.50580002000004
2016-03-19,37.6,111.76057013157896
2016-03-19,37.7,103.86175215384618
2016-03-19,37.8,99.68679484615384
2016-03-19,37.9,102.83783337499997
2016-03-19,38.0,106.08715817948719
2016-03-19,38.1,106.11660256410258
2016-03-19,38.2,105.66532894736842
2016-03-19,38.3,104.8766667105263
2016-03-19,38.4,104.24469709090909
2016-03-21,37.6,85.96344297368422
2016-03-21,37.7,106.79357148571431
2016-03-21,37.8,103.84881315151515
2016-03-21,37.9,100.622119
2016-03-21,38.0,104.04330812121209
2016-03-21,38.1,108.54688729411765
2016-03-21,38.2,112.4855391470588
2016-03-21,38.3,110.34275260606064
2016-03-21,38.4,108.71551473529414
2016-03-21,38.5,108.55858587878788
2016-03-21,38.6,107.4052696176471
2016-03-21,38.7,105.35906563636364
2016-03-21,38.8,102.62801464705885
2016-03-21,38.9,101.77911615151514
2016-03-21,39.0,107.99263432258064
2016-03-23,37.6,105.3090804137931
2016-03-23,37.7,105.40079165
2016-03-23,37.8,101.94893156410257
2016-03-23,37.9,102.40216667499999
2016-03-23,38.0,107.31303417948719
2016-03-23,38.1,108.74849995000002
2016-03-23,38.2,105.82420729268291
2016-03-23,38.3,104.33685412499997
2016-03-23,38.4,104.11916657894739
2016-03-23,38.5,101.28846156410258
2016-03-23,38.6,98.66668924324327
2016-03-23,38.7,97.0736261081081
2016-03-23,38.8,98.58146394594596
2016-03-23,38.9,104.386750025
2016-03-23,39.0,91.08416659999997
2016-03-25,37.6,84.58583334782608
2016-03-25,37.7,103.11932427027028
2016-03-25,37.8,98.71678562857139
2016-03-25,37.9,95.5345721081081
2016-03-25,38.0,98.83211908571428
2016-03-25,38.1,104.05254497297298
2016-03-25,38.2,108.50620380555554
2016-03-25,38.3,96.4795946216216
2016-03-25,38.4,71.65231486111112
2016-03-25,38.5,71.63504502702703
2016-03-25,38.6,71.61733797222222
2016-03-25,38.7,71.51785711428573
2016-03-25,38.8,70.94238102857142
2016-03-25,38.9,70.46654757142856
2016-03-25,39.0,71.68431252500001
2016-03-26,37.6,109.04040488571427
2016-03-26,37.7,103.275270875
2016-03-26,37.8,101.08300002499999
2016-03-26,37.9,105.41597920000001
2016-03-26,38.0,110.55544874358972
2016-03-26,38.1,111.8144872051282
2016-03-26,38.2,109.02050002500002
2016-03-26,38.3,106.29646346341464
2016-03-26,38.4,107.16918752499998
2016-03-26,38.5,109.56466675000001
2016-03-26,38.6,111.69538612195122
2016-03-26,38.7,103.12327520930234
2016-03-26,38.8,103.96119047619047
2016-03-26,38.9,109.9527380238095
2016-03-26,39.0,103.80965985714288
2016-04-01,37.6,106.67914352777777
2016-04-01,37.7,101.46761895238097
2016-04-01,37.8,98.10883716279069
2016-04-01,37.9,100.60767859523808
2016-04-01,38.0,105.46476185714285
2016-04-01,38.1,107.69805559523809
2016-04-01,38.2,106.09083331707322
2016-04-01,38.3,104.01353660975609
2016-04-01,38.4,104.39335358536586
2016-04-01,38.5,106.44742059523809
2016-04-01,38.6,110.08046746341465
2016-04-01,38.7,107.49555559523809
2016-04-01,38.8,106.28565469047622
2016-04-01,38.9,108.46484497674416
2016-04-01,39.0,103.52100730769232
2016-04-03,37.6,79.86967169696969
2016-04-03,37.7,97.56009514285714
2016-04-03,37.8,96.84803914705881
2016-04-03,37.9,96.8353241111111
2016-04-03,38.0,98.01116665714285
2016-04-03,38.1,101.28343141176468
2016-04-03,38.2,104.32051473529411
2016-04-03,38.3,103.99488735135137
2016-04-03,38.4,103.82020199999998
2016-04-03,38.5,104.78585785294118
2016-04-03,38.6,106.01053926470586
2016-04-03,38.7,109.21192860000001
2016-04-03,38.8,110.63616665714288
2016-04-03,38.9,107.93938094285714
2016-04-03,39.0,108.45749974999998
2016-04-04,37.6,106.20942706249998
2016-04-04,37.7,99.39967806818184
2016-04-04,37.8,99.08684109302327
2016-04-04,37.9,100.92399225581393
2016-04-04,38.0,104.80750000000002
2016-04-04,38.1,107.07861790243903
2016-04-04,38.2,105.82918749999999
2016-04-04,38.3,104.11972915000001
2016-04-04,38.4,104.81061958974355
2016-04-04,38.5,106.008791675
2016-04-04,38.6,110.15762823076926
2016-04-04,38.7,110.37993899999998
2016-04-04,38.8,107.12876985714286
2016-04-04,38.9,109.59104161363639
2016-04-04,39.0,95.8933736969697
2016-04-05,37.6,91.8986110952381
2016-04-05,37.7,102.27085779411766
2016-04-05,37.8,99.57076188571429
2016-04-05,37.9,98.97874994117649
2016-04-05,38.0,98.74941179411766
2016-04-05,38.1,99.7530807878788
2016-04-05,38.2,102.39598484848487
2016-04-05,38.3,103.33032833333334
2016-04-05,38.4,102.30720585294115
2016-04-05,38.5,102.38401967647061
2016-04-05,38.6,103.44036761764707
2016-04-05,38.7,108.11059517142857
2016-04-05,38.8,109.4090714
2016-04-05,38.9,105.66269048571431
2016-04-05,39.0,105.9946666
2016-04-09,37.6,104.04303761290322
2016-04-09,37.7,100.48980766666665
2016-04-09,37.8,100.36952077499997
2016-04-09,37.9,101.25985775609756
2016-04-09,38.0,102.56162612195119
2016-04-09,38.1,104.80377087499998
2016-04-09,38.2,104.69191058536585
2016-04-09,38.3,102.67999997500002
2016-04-09,38.4,103.31898809523807
2016-04-09,38.5,105.77825395238096
2016-04-09,38.6,107.70071706976744
2016-04-09,38.7,104.51180234883721
2016-04-09,38.8,104.10986104761903
2016-04-09,38.9,109.78630082926828
2016-04-09,39.0,93.4579694
2016-04-10,37.6,82.10571758333333
2016-04-11,37.6,96.84797614285715
2016-04-11,37.7,99.02528458536584
2016-04-11,37.8,98.55335360975607
2016-04-11,37.9,97.81751988095236
2016-04-11,38.0,98.26773505128206
2016-04-11,38.1,99.234935974359
2016-04-11,38.2,102.32973681578945
2016-04-11,38.3,104.36914478947368
2016-04-11,38.4,104.05560183333331
2016-04-11,38.5,102.90182015789473
2016-04-11,38.6,103.744479125
2016-04-11,38.7,105.40142539473688
2016-04-11,38.8,105.08581147368422
2016-04-11,38.9,103.62260963157892
2016-04-11,39.0,104.30924236363636
2016-04-14,37.6,103.25437487499998
2016-04-14,37.7,99.56412704761905
2016-04-14,37.8,100.3340040487805
2016-04-14,37.9,101.93162697619049
2016-04-14,38.0,101.48117882926829
2016-04-14,38.1,102.69460311904761
2016-04-14,38.2,104.43460407500001
2016-04-14,38.3,104.45113090476191
2016-04-14,38.4,102.85770832500002
2016-04-14,38.5,102.04537502500003
2016-04-14,38.6,103.34318376923073
2016-04-14,38.7,102.85609657894736
2016-04-14,38.8,101.68820173684212
2016-04-14,38.9,100.55038289189189
2016-04-14,39.0,82.68398654054053
2016-04-15,37.6,81.30819088095238
2016-04-15,37.7,98.94397050000002
2016-04-15,37.8,96.7501665714286
2016-04-15,37.9,95.40166664705885
2016-04-15,38.0,94.81097222222223
2016-04-15,38.1,96.92770833333336
2016-04-15,38.2,99.33990200000002
2016-04-22,38.9,95.52325197560975
2016-04-22,39.0,80.06649273913044
2016-04-25,37.6,59.675705153846174
2016-04-25,37.7,91.52412033333331
2016-04-25,37.8,93.19790482857142
2016-04-25,37.9,93.63657142857144
2016-04-25,38.0,95.0030952857143
2016-04-25,38.1,97.95400000000001
2016-04-25,38.2,97.1262143142857
2016-04-25,38.3,98.91992854285714
2016-04-25,38.4,98.97128784848485
2016-04-25,38.5,99.08207075757576
2016-04-25,38.6,99.55315663636367
2016-04-25,38.7,100.40214648484849
2016-04-25,38.8,99.48424487500002
2016-04-25,38.9,102.04853608108108
2016-04-28,39.0,11.9495835
2016-05-06,38.9,85.90080248148149
2016-05-06,39.0,66.54837502500001
2016-05-09,37.6,88.2375000000001
2016-05-09,37.7,88.23750000000004
2016-05-09,37.8,88.23750000000005
2016-05-09,37.9,88.23750000000004
2016-05-09,38.0,88.23750000000004
2016-05-09,38.1,88.23750000000004
2016-05-09,38.2,88.23750000000004
2016-05-09,38.3,88.23750000000004
2016-05-09,38.4,88.23750000000003
2016-05-09,38.5,88.23750000000004
2016-05-09,38.6,88.23750000000004
2016-05-09,38.7,88.23750000000004
2016-05-09,38.8,88.23750000000004
2016-05-09,38.9,88.23750000000003
2016-05-09,39.0,88.2375
2016-05-11,37.6,95.17594704545455
2016-05-11,37.7,96.51005434782611
2016-05-11,37.8,103.91156252083336
2016-05-11,37.9,106.3561170212766
2016-05-11,38.0,103.60367752173916
2016-05-11,38.1,103.44333326666666
2016-05-11,38.2,102.33184106976742
2016-05-11,38.3,102.19166664285714
2016-05-11,38.4,102.0041667073171
2016-05-11,38.5,101.41766253658537
2016-05-11,38.6,100.93625002500002
2016-05-11,38.7,97.72322917499997
2016-05-11,38.8,93.76523805714284
2016-05-11,38.9,89.39704165000002
2016-05-11,39.0,61.147243615384625
2016-05-17,38.8,94.98638877777778
2016-05-17,38.9,91.94414574999999
2016-05-17,39.0,75.2357222
2016-05-18,37.6,95.28000000000009
2016-05-18,37.7,95.28000000000009
2016-05-18,37.8,95.28000000000009
2016-05-18,37.9,95.28000000000009
2016-05-18,38.0,95.28000000000009
2016-05-18,38.1,95.28000000000009
2016-05-18,38.2,95.28000000000009
2016-05-18,38.3,95.28000000000009
2016-05-18,38.4,95.28000000000009
2016-05-18,38.5,95.28000000000009
2016-05-18,38.6,95.28000000000009
2016-05-18,38.7,95.28000000000009
2016-05-18,38.8,95.28000000000004
2016-05-20,38.8,100.69134255555558
2016-05-20,38.9,106.99821136585366
2016-05-20,39.0,99.72563600000001
2016-05-21,37.6,101.01704754285714
2016-05-21,37.7,98.55456357142856
2016-05-21,37.8,101.79898380487805
2016-05-21,37.9,108.49546504651163
2016-05-21,38.0,107.03573170731705
2016-05-21,38.1,102.38189584999999
2016-05-21,38.2,101.65168697560978
2016-05-21,38.3,100.97181250000001
2016-05-21,38.4,99.95231250000002
2016-05-21,38.5,99.5772863076923
2016-05-21,38.6,99.65989579999999
2016-05-21,38.7,100.42521358974359
2016-05-21,38.8,100.24723490909092
2016-05-23,37.4,45.386826923076924
2016-05-23,37.5,88.65783655769226
2016-05-23,37.6,93.3527477027027
2016-05-23,37.7,94.56370618421052
2016-05-23,37.8,93.73034719444446
2016-05-23,37.9,94.58789478947371
2016-05-23,38.0,99.5651317105263
2016-05-23,38.1,99.7484616153846
2016-05-23,38.2,98.41306235
2016-05-23,38.3,98.26370267045459
2016-05-23,38.4,97.83594589189191
2016-05-23,38.5,97.67758546153848
2016-05-23,38.6,97.66611839473684
2016-05-23,38.7,98.06729166666665
2016-05-23,38.8,98.4487856857143
2016-05-23,38.9,98.47326185714284
2016-05-23,39.0,101.76157889473684
2016-05-24,39.0,55.238610833333325
2016-05-25,38.9,105.777647
2016-05-25,39.0,92.88828711111111
2016-05-26,37.6,85.7199999846154
2016-05-26,37.7,94.02313291139244
2016-05-26,37.8,95.71171053947369
2016-05-26,37.9,98.76709406410254
2016-05-26,38.0,99.51162341558441
2016-05-26,38.1,98.64924444
2016-05-26,38.2,98.32498870270273
2016-05-26,38.3,97.24085523684212
2016-05-26,38.4,96.35444445333333
2016-05-26,38.5,96.87053423076921
2016-05-26,38.6,97.24790648780487
2016-05-26,38.7,98.96656752380953
2016-05-26,38.8,100.32999997674416
2016-05-26,38.9,99.8735632413793
2016-05-27,38.6,97.1816665
2016-05-27,38.7,96.92141412121214
2016-05-27,38.8,98.33110291176467
2016-05-27,38.9,99.93007352941174
2016-05-27,39.0,100.60145825000001
2016-05-29,37.6,100.75211241860464
2016-05-29,37.7,98.57865080952381
2016-05-29,37.8,100.57513888095238
2016-05-29,37.9,103.15085316666665
2016-05-29,38.0,103.73416670731706
2016-05-29,38.1,104.43916663414637
2016-05-29,38.2,104.3172764390244
2016-05-29,38.3,100.53861110256409
2016-05-29,38.4,98.43972223333336
2016-05-29,38.5,99.53390357894739
2016-05-29,38.6,99.19805561538462
2016-05-29,38.7,100.1990872857143
2016-05-29,38.8,100.47721492105264
2016-05-29,38.9,97.00380080487805
2016-05-29,39.0,75.36478071052632
2016-06-01,37.6,71.17333335897433
2016-06-01,37.7,89.22333325641026
2016-06-01,37.8,91.28782048717949
2016-06-01,37.9,92.51873811428571
2016-06-01,38.0,94.47023150000001
2016-06-01,38.1,96.25338094285713
2016-06-01,38.2,97.86361108333334
2016-06-01,38.3,99.30127450000002
2016-06-01,38.4,99.40128565714285
2016-06-01,38.5,99.0595098235294
2016-06-01,38.6,98.59888094285719
2016-06-01,38.7,99.19416661764706
2016-06-01,38.8,99.04283331428573
2016-06-01,38.9,100.54470588235296
2016-06-01,39.0,102.2518939090909
2016-06-02,37.6,102.05249999999997
2016-06-02,37.7,102.0524999999999
2016-06-02,37.8,102.0524999999999
2016-06-02,37.9,102.0524999999999
2016-06-02,38.0,102.0524999999999
2016-06-02,38.1,102.0524999999999
2016-06-02,38.2,102.0524999999999
2016-06-02,38.3,102.0524999999999
2016-06-02,38.4,102.0524999999999
2016-06-02,38.5,102.0524999999999
2016-06-02,38.6,102.0524999999999
2016-06-02,38.7,102.05249999999988
2016-06-02,38.8,102.0524999999999
2016-06-02,38.9,102.05249999999988
2016-06-02,39.0,102.05249999999987
2016-06-05,37.6,71.63369188372093
2016-06-05,37.7,90.19871431428571
2016-06-05,37.8,90.75747686111112
2016-06-05,37.9,93.2803152972973
2016-06-05,38.0,95.84893511111109
2016-06-05,38.1,96.14918654761904
2016-06-05,38.2,96.92279165000001
2016-06-05,38.3,97.29177935135134
2016-06-05,38.4,98.30626129729733
2016-06-05,38.5,97.95497691666664
2016-06-05,38.6,97.00085647222225
2016-06-05,38.7,98.65150461111114
2016-06-05,38.8,100.58400902702702
2016-06-05,38.9,102.42926185714283
2016-06-05,39.0,106.93699260869566
2016-06-09,39.0,111.62750000000004
2016-06-13,37.6,69.13334523809525
2016-06-13,37.7,90.54028702777777
2016-06-13,37.8,95.11029275675673
2016-06-13,37.9,99.3318469189189
2016-06-13,38.0,96.95946752777779
2016-06-13,38.1,96.75793857894737
2016-06-13,38.2,96.54518024324324
2016-06-13,38.3,97.69635127027027
2016-06-13,38.4,97.6297221111111
2016-06-13,38.5,96.37594597297297
2016-06-13,38.6,95.33099536111109
2016-06-13,38.7,94.66127194736843
2016-06-13,38.8,95.78947368421056
2016-06-13,38.9,97.25923427027028
2016-06-13,39.0,100.13245621052631
2016-06-29,38.9,73.7916665
2016-06-29,39.0,29.967032512195118
2016-06-30,37.6,74.82333300000002
2016-06-30,37.7,74.82333299999996
2016-06-30,37.8,74.82333299999996
2016-06-30,37.9,74.82333299999996
2016-06-30,38.0,74.82333299999995
2016-06-30,38.1,74.82333299999996
2016-06-30,38.2,74.82333299999996
2016-06-30,38.3,74.82333299999995
2016-06-30,38.4,74.82333299999995
2016-06-30,38.5,74.82333299999995
2016-06-30,38.6,74.82333299999995
2016-06-30,38.7,74.82333299999996
2016-06-30,38.8,74.82333299999996
2016-06-30,38.9,74.82333299999998
2016-07-14,37.6,95.4661525531915
2016-07-14,37.7,97.72189026829271
2016-07-14,37.8,96.1623503846154
2016-07-14,37.9,97.06126019512197
2016-07-14,38.0,94.92420951282052
2016-07-14,38.1,95.27298782926832
2016-07-14,38.2,96.242250025
2016-07-14,38.3,94.28623978048778
2016-07-14,38.4,95.19573637209302
2016-07-14,38.5,94.65042685365856
2016-07-14,38.6,95.26504167500002
2016-07-14,38.7,102.34277085
2016-07-14,38.8,109.23957266666665
2016-07-14,38.9,105.46452992307692
2016-07-14,39.0,76.46335143478261
2016-07-16,37.6,41.25728393333334
2016-07-16,37.7,81.55817080487803
2016-07-16,37.8,88.14571136585364
2016-07-16,37.9,91.02139585000002
2016-07-16,38.0,91.64357140476193
2016-07-16,38.1,92.37500006976744
2016-07-16,38.2,90.6448412142857
2016-07-16,38.3,90.47416672499999
2016-07-16,38.4,90.39471492105265
2016-07-16,38.5,90.62878383783784
2016-07-16,38.6,90.37396386486485
2016-07-16,38.7,90.6684490277778
2016-07-16,38.8,89.02316662857142
2016-07-16,38.9,90.96416665714287
2016-07-16,39.0,94.65657422222222
2016-07-22,38.9,58.380416499999995
2016-07-22,39.0,27.2775595
2016-08-03,37.6,64.56170312500001
2016-08-03,37.7,81.88604166666667
2016-08-03,37.8,83.05310194444444
2016-08-03,37.9,85.0587963611111
2016-08-03,38.0,87.20150455555556
2016-08-03,38.1,85.44060810810811
2016-08-03,38.2,83.83357457894738
2016-08-03,38.3,82.64680555555556
2016-08-03,38.4,81.99789352777778
2016-08-03,38.5,83.18564282857142
2016-08-03,38.6,83.33809522857143
2016-08-03,38.7,84.31983328571434
2016-08-03,38.8,87.78854751428574
2016-08-03,38.9,92.88914217647063
2016-08-03,39.0,92.46833325
2016-08-04,39.0,92.71999999999998
2016-08-05,38.9,111.00958337500002
2016-08-05,39.0,87.10864621538465
2016-08-06,37.6,100.69299138461538
2016-08-06,37.7,98.72432176744185
2016-08-06,37.8,100.49463179069768
2016-08-06,37.9,99.37362406976743
2016-08-06,38.0,97.43106669999999
2016-08-06,38.1,97.34691672500001
2016-08-06,38.2,96.16468749999999
2016-08-06,38.3,90.88050000000001
2016-08-06,38.4,89.261854125
2016-08-06,38.5,90.1914227804878
2016-08-06,38.6,94.2611381707317
2016-08-06,38.7,104.0177326046512
2016-08-06,38.8,110.28178029545455
2016-08-06,38.9,105.68950003333336
2016-08-08,37.6,20.532069
2016-08-08,37.7,74.42338099999999
2016-08-08,37.8,87.51426194285715
2016-08-08,37.9,87.29354158333334
2016-08-08,38.0,89.68666665714287
2016-08-08,38.1,89.59606480555551
2016-08-08,38.2,86.72326191428571
2016-08-08,38.3,85.78476855555557
2016-08-08,38.4,86.68626185714288
2016-08-08,38.5,85.38664347222223
2016-08-08,38.6,84.4874999714286
2016-08-08,38.7,88.22236116666669
2016-08-08,38.8,94.7303070263158
2016-08-08,38.9,112.39731483333334
2016-08-08,39.0,117.10527783333333
2016-08-11,38.9,116.62717253571427
2016-08-11,39.0,81.08103054999995
2016-08-12,37.6,101.32837607692308
2016-08-12,37.7,96.52992253488372
2016-08-12,37.8,100.47099209523809
2016-08-12,37.9,101.51604646511625
2016-08-12,38.0,105.33521323255813
2016-08-12,38.1,103.82325395238095
2016-08-12,38.2,95.26176353488374
2016-08-12,38.3,93.28715120930232
2016-08-12,38.4,90.42808711363637
2016-08-12,38.5,88.80467384782607
2016-08-12,38.6,87.17267043181819
2016-08-12,38.7,93.84507933333335
2016-08-12,38.8,111.488583325
2016-08-12,38.9,113.43048599999999
2016-08-14,37.4,0.15630942857142857
2016-08-14,37.5,94.7587603703704
2016-08-14,37.6,95.06616234210526
2016-08-14,37.7,93.88207202702702
2016-08-14,37.8,92.57069818918919
2016-08-14,37.9,94.47894140540541
2016-08-14,38.0,113.53800434210525
2016-08-14,38.1,116.28987161538463
2016-08-14,38.2,108.3560683076923
2016-08-14,38.3,97.68166660526316
2016-08-14,38.4,93.14002251351354
2016-08-14,38.5,89.5358332702703
2016-08-14,38.6,88.19660081578948
2016-08-14,38.7,88.4348465263158
2016-08-14,38.8,93.9419079210526
2016-08-14,38.9,100.06441440540539
2016-08-14,39.0,103.13333333333335
2016-09-03,37.6,35.9473864090909
2016-09-03,37.7,71.08274990000001
2016-09-04,37.7,73.3869445
2016-09-04,37.8,72.8704629166667
2016-09-04,37.9,76.14784716666668
2016-09-04,38.0,75.6321064722222
2016-09-04,38.1,76.42659916216219
2016-09-04,38.2,77.0700900810811
2016-09-04,38.3,78.23768525000001
2016-09-04,38.4,79.76592857142857
2016-09-04,38.5,80.73469908333331
2016-09-04,38.6,82.05445948648651
2016-09-04,38.7,82.96032402777782
2016-09-04,38.8,83.96288097142855
2016-09-04,38.9,81.72485722857144
2016-09-04,39.0,81.2420666
2016-09-05,38.9,71.49962644827589
2016-09-05,39.0,44.21243058333334
2016-09-06,37.6,94.30637093548388
2016-09-06,37.7,89.40160855813951
2016-09-06,37.8,83.96277134883722
2016-09-06,37.9,85.50288765116278
2016-09-06,38.0,85.30835323809525
2016-09-06,38.1,85.63722914999997
2016-09-06,38.2,84.46494050000004
2016-09-06,38.3,85.90227639024391
2016-09-06,38.4,85.42825202439025
2016-09-06,38.5,83.9839836585366
2016-09-06,38.6,83.444612372093
2016-09-06,38.7,82.95817461904764
2016-09-06,38.8,83.04949273913043
2016-09-06,38.9,80.73544861538461
2016-09-20,37.6,38.48249994736842
2016-09-20,37.7,63.10587500000001
2016-09-20,37.8,68.79686935135136
2016-09-20,37.9,72.7731081081081
2016-09-20,38.0,76.2367104210526
2016-09-20,38.1,80.38418924324324
2016-09-20,38.2,83.14628381081079
2016-09-20,38.3,82.56702700000001
2016-09-20,38.4,82.81810188888889
2016-09-20,38.5,82.95028653125
2016-09-21,38.5,83.095625
2016-09-21,38.6,83.07550922222221
2016-09-21,38.7,85.32219507317073
2016-09-21,38.8,86.7680555
2016-09-21,38.9,88.70982463157894
2016-09-21,39.0,87.78624991666668
2016-09-23,39.0,48.46084846666666
2016-09-28,37.6,76.05468997674419
2016-09-28,37.7,76.6977082954545
2016-09-28,37.8,76.15244186046512
2016-09-28,37.9,77.56135662790696
2016-09-28,38.0,80.40011113333334
2016-09-28,38.1,80.12896343902439
2016-09-28,38.2,81.15047611904762
2016-09-28,38.3,80.16773804761907
2016-09-28,38.4,80.42385660465115
2016-09-28,38.5,80.50713539583332
2016-09-28,38.6,79.6645
2016-09-28,38.7,74.05325756818183
2016-09-28,38.8,71.74244318181817
2016-09-28,38.9,65.2418939318182
2016-09-28,39.0,36.85595685185185
2016-10-08,38.9,34.393044884615385
2016-10-08,39.0,0.09568183333333334
2016-10-09,37.6,80.43027775000002
2016-10-09,37.7,87.21585188888889
2016-10-09,37.8,82.18248146666664
2016-10-09,37.9,79.72244320454544
2016-10-09,38.0,76.97017052272729
2016-10-09,38.1,76.84936595652175
2016-10-09,38.2,76.72270825
2016-10-09,38.3,76.26016304347827
2016-10-09,38.4,75.591773
2016-10-09,38.5,74.53583334042551
2016-10-09,38.6,73.16395831250001
2016-10-09,38.7,67.55973399999998
2016-10-09,38.8,61.855170454545465
2016-10-09,38.9,55.675312437500004
2016-10-10,37.6,73.0505213622754
2016-10-10,37.7,73.20494183720932
2016-10-10,37.8,78.73996026190476
2016-10-10,37.9,79.24926355813955
2016-10-10,38.0,79.39835323809523
2016-10-10,38.1,78.26632928571429
2016-10-10,38.2,78.2838566511628
2016-10-10,38.3,79.19592105263159
2016-10-11,38.3,79.935
2016-10-11,38.4,80.00872099999998
2016-10-11,38.5,80.70003971428571
2016-10-11,38.6,81.07062492499998
2016-10-11,38.7,80.94510163414631
2016-10-11,38.8,81.5034614871795
2016-10-11,38.9,78.31341669999999
2016-10-11,39.0,77.00144314634146
