Date,Latitude,Temperature
2015-10-14,37.5,20.00150614851486
2015-10-15,37.6,24.165782642424197
2015-10-15,37.7,19.634000700000005
2015-10-15,37.8,19.409054229166667
2015-10-15,37.9,19.104359724137932
2015-10-16,39.0,18.97925558333333
2015-10-17,38.1,18.38536657142857
2015-10-17,38.2,18.73026133333333
2015-10-17,38.3,19.201187153846156
2015-10-17,38.4,19.22320183636364
2015-10-17,38.5,19.148255026119426
2015-10-17,38.6,19.127537037037104
2015-10-17,38.7,19.137620729588946
2015-10-17,38.8,19.04405792727272
2015-10-18,37.6,20.322072333333335
2015-10-18,37.7,19.288342785714285
2015-10-19,37.8,18.9750699
2015-10-19,37.9,18.7484427735849
2015-10-19,38.0,18.361148814814808
2015-10-19,38.1,18.047013245283015
2015-10-19,38.2,18.186295745454544
2015-10-19,38.3,18.65353569090909
2015-10-19,38.4,18.584370250000003
2015-10-19,38.5,18.797573087719293
2015-10-19,38.6,18.769884535714286
2015-10-19,38.7,18.749283614035086
2015-10-19,38.8,18.465887890909094
2015-10-19,38.9,18.208835849056605
2015-10-19,39.0,18.093977387096775
2015-10-24,38.4,18.229381699999998
2015-10-24,38.5,18.170771403508773
2015-10-24,38.6,18.121844966666675
2015-10-24,38.7,17.967517543859657
2015-10-24,38.8,17.707307578947365
2015-10-24,38.9,17.062291583333334
2015-10-24,39.0,16.867055235294117
2015-10-25,37.6,19.31837288135593
2015-10-25,37.7,19.33584893103448
2015-10-25,37.8,19.225457644067802
2015-10-25,37.9,18.744966661016953
2015-10-25,38.0,18.266582810344833
2015-10-25,38.1,17.981276017543863
2015-10-25,38.2,17.825023499999997
2015-10-25,38.3,17.78409646428571
2015-10-25,38.4,18.260245054054053
2015-11-09,37.6,14.821131646017694
2015-11-10,37.6,14.113567
2015-11-10,37.7,14.16474806451613
2015-11-10,37.8,14.429844033898306
2015-11-10,37.9,14.606772881355932
2015-11-10,38.0,14.744661303571423
2015-11-10,38.1,14.816246962962964
2015-11-10,38.2,14.373487211538462
2015-11-10,38.3,14.363460764705879
2015-11-10,38.4,14.781458862745094
2015-11-10,38.5,14.644580583333335
2015-11-10,38.6,14.742466687499999
2015-11-10,38.7,14.675445361702119
2015-11-10,38.8,14.738587583333333
2015-11-10,38.9,14.298097346938775
2015-11-10,39.0,13.486714697674417
2015-11-11,37.6,14.021559547619047
2015-11-11,37.7,13.963296705882348
2015-11-11,37.8,13.99623962264151
2015-11-11,37.9,14.44098609433962
2015-11-11,38.0,14.655869921568627
2015-11-11,38.1,14.56839813207547
2015-11-11,38.2,14.278386557692308
2015-11-11,38.3,14.230154882352938
2015-11-11,38.4,14.479724000000001
2015-11-11,38.5,14.444587500000004
2015-11-11,38.6,14.499904166666665
2015-11-11,38.7,14.426354326086956
2015-11-11,38.8,14.449741170212768
2015-11-11,38.9,13.942946765957444
2015-11-11,39.0,13.351673785714288
2015-11-12,37.6,14.350692779999996
2015-11-12,37.7,14.219107115384618
2015-11-12,37.8,14.187464218181823
2015-11-12,37.9,14.560527641509434
2015-11-12,38.0,14.782796888888889
2015-11-12,38.1,14.815605660377356
2015-11-12,38.2,14.616050320754717
2015-11-12,38.3,14.436674849056596
2015-11-12,38.4,14.715897649122812
2015-11-12,38.5,14.595109870370372
2015-11-12,38.6,14.84551329090909
2015-11-12,38.7,14.89515311111111
2015-11-12,38.8,14.762115807017542
2015-11-12,38.9,14.284182703703706
2015-11-12,39.0,13.570139357142859
2015-11-13,37.6,14.104508542857145
2015-11-13,37.7,14.019556156862745
2015-11-13,37.8,13.982350372549018
2015-11-13,37.9,14.418862826923077
2015-11-13,38.0,14.701438833333334
2015-11-13,38.1,14.548232076923076
2015-11-13,38.2,14.431594962264152
2015-11-13,38.3,14.31684528301887
2015-11-13,38.4,14.507326999999995
2015-11-13,38.5,14.399481754716984
2015-11-13,38.6,14.450314730769229
2015-11-13,38.7,14.497375653846156
2015-11-13,38.8,14.41843854901961
2015-11-13,38.9,14.292216499999999
2015-11-14,37.6,14.520084263157894
2015-11-14,37.7,14.422220369565215
2015-11-14,37.8,14.45263689361702
2015-11-14,37.9,14.553550708333331
2015-11-14,38.0,14.806607687499996
2015-11-14,38.1,14.892377999999999
2015-11-14,38.2,14.72528710204082
2015-11-14,38.3,14.614797224489797
2015-11-14,38.4,14.574288037735847
2015-11-14,38.5,14.636308000000001
2015-11-14,38.6,14.636886059999997
2015-11-14,38.7,14.696559471428571
2015-11-14,38.8,14.496132728813556
2015-11-14,38.9,14.170374804878046
2015-11-19,38.8,13.08275596
2015-11-19,38.9,12.817501164835164
2015-11-19,39.0,12.337310017241375
2015-11-20,37.6,13.533618927927929
2015-11-20,37.7,13.594409521276596
2015-11-20,37.8,13.674020430107525
2015-11-20,37.9,13.740907694736839
2015-11-20,38.0,13.966483319999993
2015-11-20,38.1,14.159395581632648
2015-11-20,38.2,13.951369363636363
2015-11-20,38.3,13.78963260869565
2015-11-20,38.4,13.852955604166667
2015-11-20,38.5,13.852896098039214
2015-11-20,38.6,14.075463360000004
2015-11-20,38.7,13.820353755102035
2015-11-20,38.8,13.325015595744679
2015-11-20,38.9,12.809381375000001
2015-11-21,38.3,13.75520283333333
2015-11-21,38.4,13.761106841269834
2015-11-21,38.5,13.980204757142863
2015-11-21,38.6,14.10879998648649
2015-11-21,38.7,14.047744140845069
2015-11-21,38.8,13.683497370967745
2015-11-21,38.9,13.153244846153843
2015-11-21,39.0,12.497465464285716
2015-11-24,39.0,7.47925561111111
2015-11-25,39.0,9.183968866666667
2015-11-26,38.9,9.69255628125
2015-11-26,39.0,8.906704625
2015-11-27,37.6,9.439876819444445
2015-11-27,37.7,9.654151020408165
2015-11-27,37.8,10.231412836734693
2015-11-27,37.9,10.950941057692303
2015-11-27,38.0,11.836332019607843
2015-11-27,38.1,12.014294098039219
2015-11-27,38.2,11.807364
2015-11-27,38.3,11.665169359999995
2015-11-27,38.4,11.953910553191488
2015-11-27,38.5,12.292763191489364
2015-11-27,38.6,12.004254799999996
2015-11-27,38.7,11.781895644444441
2015-11-27,38.8,11.634084425531917
2015-11-27,38.9,10.935272647058824
2015-11-29,37.6,9.067203051282052
2015-11-29,37.7,9.313491344827586
2015-11-29,37.8,9.874702931034482
2015-11-29,37.9,10.598641796610172
2015-11-29,38.0,11.474423061538465
2015-11-29,38.1,11.790814098591548
2015-11-29,38.2,11.607569594202904
2015-11-29,38.3,11.464341176470594
2015-11-29,38.4,11.752097211267605
2015-11-29,38.5,11.845859104477606
2015-11-29,38.6,11.496782428571429
2015-11-29,38.7,10.940537183333333
2015-11-29,38.8,10.03471382758621
2015-11-29,38.9,9.947028944444442
2015-11-29,39.0,9.21340161904762
2015-12-04,38.7,10.324423500000002
2015-12-04,38.8,9.970930958083828
2015-12-04,38.9,9.29147526623377
2015-12-04,39.0,8.99025388888889
2015-12-05,37.6,7.86541430952381
2015-12-05,37.7,8.171845770833329
2015-12-05,37.8,9.03419042857143
2015-12-05,37.9,9.997438163265306
2015-12-05,38.0,10.573894846153847
2015-12-05,38.1,10.802543319999998
2015-12-05,38.2,10.708957509803922
2015-12-05,38.3,10.864267941176468
2015-12-05,38.4,11.148225673076924
2015-12-05,38.5,11.287445226415095
2015-12-05,38.6,11.06241087755102
2015-12-05,38.7,10.6913085
2015-12-06,37.6,11.575733000000008
2015-12-06,37.7,11.57573300000001
2015-12-06,37.8,11.57573300000001
2015-12-06,37.9,11.57573300000001
2015-12-06,38.0,11.57573300000001
2015-12-06,38.1,11.57573300000001
2015-12-06,38.2,11.575733000000008
2015-12-06,38.3,11.57573300000001
2015-12-06,38.4,11.57573300000001
2015-12-06,38.5,11.57573300000001
2015-12-06,38.6,11.57573300000001
2015-12-06,38.7,11.575733000000008
2015-12-06,38.8,11.57573300000001
2015-12-06,38.9,11.57573300000001
2015-12-06,39.0,11.575733000000008
2015-12-08,37.6,7.877570290909092
2015-12-08,37.7,7.963805295454545
2015-12-08,37.8,8.65410531818182
2015-12-08,37.9,9.526499266666667
2015-12-08,38.0,10.366991326086957
2015-12-08,38.1,10.6654765
2015-12-08,38.2,10.716460613636364
2015-12-08,38.3,10.872070454545453
2015-12-08,38.4,11.000422955555557
2015-12-08,38.5,11.115081068181816
2015-12-08,38.6,11.290346765957446
2015-12-08,38.7,11.030220326086958
2015-12-08,38.8,10.82921851111111
2015-12-08,38.9,9.867416333333333
2015-12-08,39.0,8.883746277777778
2015-12-09,38.3,10.623570431818184
2015-12-09,38.4,10.89076407843137
2015-12-09,38.5,10.977791886792458
2015-12-09,38.6,11.073367277777775
2015-12-09,38.7,10.76201014285714
2015-12-09,38.8,10.473322789473682
2015-12-09,38.9,9.28786788888889
2015-12-09,39.0,8.840047170731708
2015-12-10,37.6,7.713232828125001
2015-12-10,37.7,7.785459163265303
2015-12-10,37.8,8.891121360000001
2015-12-10,37.9,9.88212451020408
2015-12-10,38.0,10.542863939999997
2015-12-10,38.1,10.613008312499998
2015-12-10,38.2,10.602949020408161
2015-12-10,38.3,10.5930134
2015-12-12,37.4,7.535446000000001
2015-12-12,37.5,7.299767646153848
2015-12-12,37.6,7.423172734693879
2015-12-12,37.7,7.808922291666668
2015-12-12,37.8,8.8696090625
2015-12-12,37.9,9.630181208333331
2015-12-12,38.0,10.022641170212765
2015-12-12,38.1,10.340830489361705
2015-12-12,38.2,10.368968588235292
2015-12-12,38.3,10.478479461538457
2015-12-12,38.4,10.766897959183675
2015-12-12,38.5,10.826573603773586
2015-12-12,38.6,10.736610865384616
2015-12-12,38.7,10.738846907407405
2015-12-12,38.8,10.520114666666665
2015-12-12,38.9,9.833169942307693
2015-12-12,39.0,8.89984958974359
2015-12-13,37.6,7.364243280701755
2015-12-13,37.7,7.683817020408161
2015-12-13,37.8,8.544100708333334
2015-12-13,37.9,9.582314285714284
2015-12-13,38.0,10.1509333125
2015-12-13,38.1,10.298008163265306
2015-12-13,38.2,10.315093770833334
2015-12-13,38.3,10.354457666666669
2015-12-13,38.4,10.509305196078433
2015-12-13,38.5,10.588378490196078
2015-12-13,38.6,10.674562173076923
2015-12-13,38.7,10.516654921568627
2015-12-13,38.8,10.108826156862747
2015-12-13,38.9,9.132481979166664
2015-12-13,39.0,8.430663616666665
2015-12-14,37.6,7.437217260869567
2015-12-14,37.7,7.604581967213113
2015-12-14,37.8,8.584371633333337
2015-12-14,37.9,9.523881372881355
2015-12-14,38.0,10.053644050847456
2015-12-14,38.1,10.20493101754386
2015-12-14,38.2,10.238848627118642
2015-12-14,38.3,10.268549737704918
2015-12-14,38.4,10.435291435483869
2015-12-14,38.5,10.633022373134326
2015-12-14,38.6,10.687026101449277
2015-12-14,38.7,10.643582047619052
2015-12-14,38.8,10.504431116666662
2015-12-14,38.9,9.746447689655172
2015-12-14,39.0,9.10331280952381
2015-12-18,37.6,6.216119870967742
2015-12-18,37.7,6.472524137254902
2015-12-18,37.8,7.7307292857142835
2015-12-18,37.9,8.764071562500002
2015-12-18,38.0,9.299318770833331
2015-12-18,38.1,9.561204187500001
2015-12-18,38.2,9.635114520833332
2015-12-18,38.3,9.80368202
2015-12-18,38.4,9.864659877551018
2015-12-18,38.5,9.836071921568628
2015-12-18,38.6,9.732957549019607
2015-12-18,38.7,9.59043525
2015-12-18,38.8,9.11089802
2015-12-18,38.9,8.347117
2015-12-18,39.0,7.237426893617021
2015-12-21,37.6,7.489979456928843
2015-12-21,37.7,6.198357022222222
2015-12-21,37.8,7.367553340000004
2015-12-21,37.9,8.563522916666669
2015-12-21,38.0,9.117773195652177
2015-12-21,38.1,9.466785199999999
2015-12-21,38.2,9.678137777777778
2015-12-21,38.3,9.780794000000002
2015-12-21,38.4,9.835807934782608
2015-12-21,38.5,9.776448155555556
2015-12-21,38.6,9.75593111111111
2015-12-21,38.7,9.796340755555557
2015-12-21,38.8,9.448649227272726
2015-12-21,38.9,8.931259697674419
2015-12-21,39.0,8.272995
2015-12-28,37.6,5.1409235909090905
2016-01-14,37.8,4.786767875
2016-01-14,37.9,5.476276051282051
2016-01-14,38.0,6.235180684210526
2016-01-14,38.1,6.801504256410256
2016-01-14,38.2,7.353115439024389
2016-01-14,38.3,7.450069256410259
2016-01-14,38.4,7.482108538461539
2016-01-14,38.5,7.620649567567568
2016-01-14,38.6,7.600289243243244
2016-01-14,38.7,7.5278266857142855
2016-01-14,38.8,7.20394611764706
2016-01-14,38.9,6.85066757142857
2016-01-14,39.0,6.753441230769231
2016-01-15,37.6,4.384303022727273
2016-01-15,37.7,5.4818238205128225
2016-01-15,37.8,6.4231119743589735
2016-01-15,37.9,6.950882871794872
2016-01-15,38.0,7.299115435897433
2016-01-15,38.1,7.624993815789474
2016-01-15,38.2,7.573402538461541
2016-01-15,38.3,7.452908538461538
2016-01-15,38.4,7.368238487179485
2016-01-15,38.5,7.191901750000001
2016-01-15,38.6,6.825876463414635
2016-01-15,38.7,6.292327499999999
2016-01-15,38.8,5.8008657249999995
2016-01-15,38.9,5.631971560975607
2016-01-15,39.0,5.333202310344827
2016-01-20,37.6,2.8508712777777787
2016-01-20,37.7,2.9395105000000004
2016-01-20,37.8,3.7798784054054053
2016-01-20,37.9,4.472544736842106
2016-01-20,38.0,5.239214078947368
2016-01-20,38.1,5.890867621621622
2016-01-20,38.2,6.423911756756757
2016-01-20,38.3,6.507988025641026
2016-01-20,38.4,6.62333944736842
2016-01-20,38.5,6.571379324324323
2016-01-20,38.6,6.182058736842105
2016-01-20,38.7,5.880256527777778
2016-01-20,38.8,5.619008361111111
2016-01-20,38.9,5.153389542857144
2016-01-20,39.0,4.952048538461539
2016-01-21,37.6,2.809534693877551
2016-01-21,37.7,3.870332475
2016-01-21,37.8,4.776093512195121
2016-01-21,37.9,5.475396625
2016-01-21,38.0,6.014170849999999
2016-01-21,38.1,6.440719641025642
2016-01-21,38.2,6.48666582051282
2016-01-21,38.3,6.330392307692309
2016-01-21,38.4,6.310628999999999
2016-01-21,38.5,6.160264945945947
2016-01-21,38.6,5.592744243243243
2016-01-21,38.7,5.067486111111111
2016-01-21,38.8,4.826165722222222
2016-01-21,38.9,4.4494093333333335
2016-01-21,39.0,4.23689825
2016-01-25,37.6,1.6436937333333335
2016-01-25,37.7,1.4392665263157898
2016-01-25,37.8,2.034036894736842
2016-01-25,37.9,2.972047368421053
2016-01-25,38.0,4.322827236842105
2016-01-25,38.1,5.019194444444444
2016-01-25,38.2,5.44716575
2016-01-25,38.3,5.831235243243244
2016-01-25,38.4,6.0015857142857145
2016-01-25,38.5,5.980914285714286
2016-01-25,38.6,5.644293371428573
2016-01-25,38.7,5.317656794117647
2016-01-25,38.8,5.096683323529411
2016-01-25,38.9,4.977419971428571
2016-01-25,39.0,4.691535
2016-01-26,37.6,1.7679986764705886
2016-01-26,37.7,2.0694826478873227
2016-01-26,37.8,2.9886338133333332
2016-01-26,37.9,4.121127486486486
2016-01-26,38.0,4.966189460526317
2016-01-26,38.1,5.463072789473682
2016-01-26,38.2,5.61039652631579
2016-01-26,38.3,5.739670584415585
2016-01-26,38.4,5.694236999999999
2016-01-26,38.5,5.373228757575756
2016-01-26,38.6,4.708687604651162
2016-01-26,38.7,4.344899238095238
2016-01-26,38.8,3.8995618048780476
2016-01-26,38.9,3.1185609756097565
2016-01-26,39.0,2.5544724827586207
2016-01-27,38.5,5.593662200000001
2016-01-27,38.6,5.55830097142857
2016-01-27,38.7,5.545224558823529
2016-01-27,38.8,5.337125470588235
2016-01-27,38.9,3.9973517972972967
2016-01-27,39.0,3.901027499999999
2016-01-28,37.6,2.1371676176470586
2016-01-28,37.7,2.6094956666666667
2016-01-28,37.8,3.8247800250000004
2016-01-28,37.9,5.0604120256410265
2016-01-28,38.0,5.505566641025642
2016-01-28,38.1,5.771115815789472
2016-01-28,38.2,5.8344992000000016
2016-01-28,38.3,5.841307026315789
2016-01-28,38.4,5.702767512820512
2016-01-28,38.5,5.214409657894737
2016-01-28,38.6,4.901924224999999
2016-01-28,38.7,4.3197191749999995
2016-01-28,38.8,3.63816743902439
2016-01-28,38.9,3.7859
2016-01-30,37.6,2.2359310555555556
2016-01-30,37.7,1.90329658974359
2016-01-30,37.8,2.0886165
2016-01-31,37.8,2.3396522162162157
2016-01-31,37.9,2.6864754736842107
2016-01-31,38.0,3.509439447368421
2016-01-31,38.1,4.412410891891892
2016-01-31,38.2,4.775526081081081
2016-01-31,38.3,5.129613540540541
2016-01-31,38.4,5.377955837837837
2016-01-31,38.5,5.477490972972974
2016-01-31,38.6,5.232785621621622
2016-01-31,38.7,4.956774605263157
2016-01-31,38.8,4.5534828461538455
2016-01-31,38.9,4.306606846153846
2016-01-31,39.0,3.485272344827587
2016-02-01,37.6,1.9534137222222219
2016-02-01,37.7,1.9784543815789473
2016-02-01,37.8,2.7204166923076922
2016-02-01,37.9,3.674033402777779
2016-02-01,38.0,4.328858094594593
2016-02-01,38.1,4.75691410958904
2016-02-01,38.2,4.972343026315792
2016-02-01,38.3,5.185474565789473
2016-02-01,38.4,5.2690987105263165
2016-02-01,38.5,5.147957773333334
2016-02-01,38.6,4.737796851351352
2016-02-01,38.7,4.020672081632653
2016-02-01,38.8,3.440252575
2016-02-01,38.9,2.536135923076923
2016-02-01,39.0,2.702093714285714
2016-02-02,38.7,4.75111675
2016-02-02,38.8,4.516350031249998
2016-02-02,38.9,4.2954979999999985
2016-02-02,39.0,3.9362806129032264
2016-02-16,37.6,5.187176
2016-02-16,38.1,10.47500405882353
2016-02-16,38.2,11.127748720930231
2016-02-16,38.3,12.427285690476193
2016-02-16,38.4,13.719088071428573
2016-02-16,38.5,14.667384976190473
2016-02-16,38.6,10.217920454545455
2016-02-16,38.7,4.657830976190475
2016-02-16,38.8,6.604785850000001
2016-02-16,38.9,10.046267550000001
2016-02-16,39.0,12.1269545
2016-02-17,38.9,3.241406351351351
2016-02-17,39.0,3.870969055555557
2016-02-18,37.6,3.0408222222222228
2016-02-18,37.7,4.587300924999999
2016-02-18,37.8,4.914722261904762
2016-02-18,37.9,4.887172162790699
2016-02-18,38.0,4.8990689302325565
2016-02-18,38.1,5.0604263720930245
2016-02-18,38.2,5.114550000000001
2016-02-18,38.3,5.1021388809523796
2016-02-18,38.4,5.001981045454545
2016-02-18,38.5,4.822265159090908
2016-02-18,38.6,4.2964515
2016-02-18,38.7,3.354372214285715
2016-02-18,38.8,3.0328374750000004
2016-02-18,38.9,3.1801886666666666
2016-02-19,37.6,3.1122733076923086
2016-02-19,37.7,2.9163315897435895
2016-02-19,37.8,3.4931359487179487
2016-02-19,37.9,4.414604256410256
2016-02-19,38.0,4.7677675384615394
2016-02-19,38.1,4.8298816315789495
2016-02-19,38.2,5.104509631578948
2016-02-19,38.3,5.371419512195122
2016-02-19,38.4,5.516784184210528
2016-02-19,38.5,5.6160341282051265
2016-02-19,38.6,5.5629423902439035
2016-02-19,38.7,5.211484952380953
2016-02-19,38.8,4.356141051282051
2016-02-19,38.9,3.7011358974358983
2016-02-19,39.0,3.6439452857142856
2016-02-21,37.6,2.9041668
2016-02-21,37.7,3.4876764634146338
2016-02-21,37.8,4.917773604651162
2016-02-21,37.9,5.115808902439023
2016-02-21,38.0,5.116382926829269
2016-02-21,38.1,5.184647902439025
2016-02-21,38.2,5.278322238095238
2016-02-21,38.3,5.227171536585364
2016-02-21,38.4,5.094715414634147
2016-02-21,38.5,4.87115436585366
2016-02-21,38.6,4.417019175
2016-02-21,38.7,3.286169289473684
2016-02-21,38.8,2.7233183947368422
2016-02-21,38.9,3.1833017631578953
2016-02-21,39.0,4.678028696428571
2016-02-22,37.6,3.8440329787234053
2016-02-22,37.7,3.3313914
2016-02-22,37.8,4.085611428571428
2016-02-22,37.9,4.8112370277777785
2016-02-22,38.0,5.148506628571428
2016-02-22,38.1,5.208870305555553
2016-02-22,38.2,5.569224000000001
2016-02-22,38.3,6.027413513513512
2016-02-22,38.4,5.718381081081082
2016-02-22,38.5,5.620920875
2016-02-22,38.6,5.475088948717949
2016-02-22,38.7,5.381741897435896
2016-02-22,38.8,4.718118325000002
2016-02-22,38.9,3.8371874750000012
2016-02-22,39.0,3.7134
2016-02-23,37.6,2.5784933428571435
2016-02-23,37.7,3.023008999999999
2016-02-23,37.8,4.506496
2016-02-23,37.9,4.618054023809522
2016-02-23,38.0,4.551528414634145
2016-02-23,38.1,4.6489192
2016-02-23,38.2,4.788771699999998
2016-02-23,38.3,4.763175825
2016-02-23,38.4,4.722977794871795
2016-02-23,38.5,4.583790315789474
2016-02-23,38.6,4.233842717948718
2016-02-23,38.7,3.5225482105263155
2016-02-23,38.8,3.026578615384615
2016-02-23,38.9,3.2854495384615383
2016-02-23,39.0,5.055916384615386
2016-02-24,37.4,5.175077166666665
2016-02-25,37.6,4.84319520338983
2016-02-25,37.7,2.915036794871795
2016-02-25,37.8,3.177291891891892
2016-02-25,37.9,4.127761243243244
2016-02-25,38.0,4.400551868421052
2016-02-25,38.1,4.58083236111111
2016-02-25,38.2,4.762070189189189
2016-02-25,38.3,4.972395388888889
2016-02-25,38.4,5.156611675675675
2016-02-25,38.5,5.238864837837839
2016-02-25,38.6,5.256654945945945
2016-02-25,38.7,5.241711729729731
2016-02-25,38.8,4.830991864864863
2016-02-25,38.9,3.997452297297298
2016-02-25,39.0,3.6275667777777776
2016-03-01,37.6,3.919410225
2016-03-01,37.7,2.8217350526315794
2016-03-01,37.8,3.2172605526315796
2016-03-01,37.9,4.113132459459459
2016-03-01,38.0,4.370213433333333
2016-03-01,38.1,4.762835157894736
2016-03-01,38.2,5.0065171351351365
2016-03-01,38.3,5.178008842105264
2016-03-01,38.4,5.138210756756757
2016-03-01,38.5,5.152588777777778
2016-03-01,38.6,5.275531818181817
2016-03-02,38.6,5.188983285714286
2016-03-02,38.7,5.198461885714286
2016-03-02,38.8,4.916332428571427
2016-03-02,38.9,4.434445628571428
2016-03-02,39.0,3.8870815
2016-03-05,37.6,3.8274460476190475
2016-03-05,37.7,4.9609616999999995
2016-03-05,37.8,5.133343666666667
2016-03-05,37.9,5.092077769230769
2016-03-05,38.0,5.184104394736843
2016-03-05,38.1,5.257622256410258
2016-03-05,38.2,5.311874333333333
2016-03-05,38.3,5.289246999999999
2016-03-05,38.4,5.217944225
2016-03-05,38.5,5.111780358974359
2016-03-05,38.6,4.838577475
2016-03-05,38.7,4.0751111794871795
2016-03-05,38.8,3.4695495384615387
2016-03-05,38.9,4.004329868421051
2016-03-05,39.0,5.556150720000001
2016-03-06,37.6,5.067240565217391
2016-03-06,37.7,4.089471428571428
2016-03-06,37.8,4.671723405405405
2016-03-06,37.9,4.951247675675676
2016-03-06,38.0,5.023042583333332
2016-03-06,38.1,5.1660322857142855
2016-03-06,38.2,5.296401833333335
2016-03-06,38.3,5.3494463055555554
2016-03-06,38.4,5.4587438285714285
2016-03-06,38.5,5.562326714285714
2016-03-06,38.6,5.634166611111111
2016-03-06,38.7,5.574349485714288
2016-03-06,38.8,5.368862055555557
2016-03-06,38.9,4.504727861111111
2016-03-06,39.0,4.206689769230769
2016-03-09,39.0,5.011004589285714
2016-03-10,37.6,3.9579494545454548
2016-03-10,37.7,4.808140799999999
2016-03-10,37.8,5.18073675
2016-03-10,37.9,5.098487024390244
2016-03-10,38.0,5.0711142250000005
2016-03-10,38.1,5.034878780487805
2016-03-10,38.2,4.9659308
2016-03-10,38.3,4.954848717948719
2016-03-10,38.4,4.921623923076923
2016-03-10,38.5,4.825990000000001
2016-03-10,38.6,4.604751333333333
2016-03-10,38.7,4.093528205128204
2016-03-10,38.8,3.5578247948717956
2016-03-10,38.9,3.7105350499999994
2016-03-10,39.0,4.315933333333334
2016-03-13,37.6,4.2149274782608686
2016-03-13,37.7,4.859642184210526
2016-03-13,37.8,5.176503421052631
2016-03-13,37.9,5.057828205128205
2016-03-13,38.0,5.080111923076925
2016-03-13,38.1,5.166810307692308
2016-03-13,38.2,5.084687575000001
2016-03-13,38.3,5.004859476190476
2016-03-13,38.4,4.982848804878048
2016-03-13,38.5,4.925885390243902
2016-03-13,38.6,4.801052853658538
2016-03-13,38.7,4.436037439024392
2016-03-13,38.8,3.7324892
2016-03-13,38.9,4.077671820512819
2016-03-13,39.0,5.427504901960785
2016-03-14,37.6,5.769238590909091
2016-03-14,37.7,4.874100942857143
2016-03-14,37.8,5.170197999999999
2016-03-14,37.9,5.406509764705884
2016-03-14,38.0,5.457648454545454
2016-03-14,38.1,5.6048490882352935
2016-03-14,38.2,5.735396999999999
2016-03-14,38.3,5.754865666666666
2016-03-14,38.4,5.756590264705882
2016-03-14,38.5,5.768250970588236
2016-03-14,38.6,5.810636114285714
2016-03-14,38.7,5.804221250000002
2016-03-14,38.8,5.697215314285714
2016-03-14,38.9,5.018473371428571
2016-03-14,39.0,4.745039217391304
2016-03-16,37.6,5.725304428571431
2016-03-16,37.7,5.970349190476192
2016-03-16,37.8,6.087954124999999
2016-03-16,37.9,5.8255167000000005
2016-03-16,38.0,5.861233358974361
2016-03-16,38.1,5.802518743589743
2016-03-16,38.2,5.63705217948718
2016-03-16,38.3,5.554575774999999
2016-03-16,38.4,5.548387357142858
2016-03-16,38.5,5.417471452380952
2016-03-16,38.6,5.270764386363637
2016-03-16,38.7,5.001499227272728
2016-03-16,38.8,4.2777242499999995
2016-03-16,38.9,4.562415977272727
2016-03-16,39.0,5.999137124999999
2016-03-17,37.6,7.216726093750001
2016-03-17,37.7,5.530248657142857
2016-03-17,37.8,5.656029333333334
2016-03-17,37.9,5.879735393939395
2016-03-17,38.0,5.970463531250001
2016-03-17,38.1,6.130638424242424
2016-03-17,38.2,6.294821874999999
2016-03-17,38.3,6.334453424242426
2016-03-17,38.4,6.332146937499998
2016-03-17,38.5,6.402182343749999
2016-03-17,38.6,6.482727303030303
2016-03-17,38.7,6.517626000000001
2016-03-17,38.8,6.461347424242424
2016-03-17,38.9,5.968139393939395
2016-03-17,39.0,5.768966555555554
2016-03-18,38.4,5.449879
2016-03-18,38.5,5.4061210000000015
2016-03-18,38.6,5.295999184210525
2016-03-18,38.7,4.968293205128206
2016-03-18,38.8,4.3224282051282055
2016-03-18,38.9,4.663034219512194
2016-03-18,39.0,6.5341489107142845
2016-03-19,37.5,5.733743299999998
2016-03-19,37.6,5.87649394736842
2016-03-19,37.7,6.111298282051282
2016-03-19,37.8,5.993807743589743
2016-03-19,37.9,5.9003675
2016-03-19,38.0,5.854014538461538
2016-03-19,38.1,5.826495769230769
2016-03-19,38.2,5.638903447368422
2016-03-19,38.3,5.507045578947368
2016-03-19,38.4,5.455445545454546
2016-03-21,37.6,8.389288868421053
2016-03-21,37.7,6.956296200000001
2016-03-21,37.8,7.23351015151515
2016-03-21,37.9,7.40245917142857
2016-03-21,38.0,7.5532969696969685
2016-03-21,38.1,7.589981352941177
2016-03-21,38.2,7.683989235294117
2016-03-21,38.3,7.4949696969697
2016-03-21,38.4,7.303785264705882
2016-03-21,38.5,7.349936424242423
2016-03-21,38.6,7.115685323529412
2016-03-21,38.7,6.920236393939391
2016-03-21,38.8,6.521871617647057
2016-03-21,38.9,5.8077939999999995
2016-03-21,39.0,5.785710774193548
2016-03-23,37.6,5.649468999999999
2016-03-23,37.7,6.097480025
2016-03-23,37.8,6.294273512820514
2016-03-23,37.9,6.150354999999999
2016-03-23,38.0,6.082342794871796
2016-03-23,38.1,6.078956699999999
2016-03-23,38.2,5.9341000243902435
2016-03-23,38.3,5.768575824999999
2016-03-23,38.4,5.69819557894737
2016-03-23,38.5,5.55124964102564
2016-03-23,38.6,5.376222567567568
2016-03-23,38.7,5.040884702702703
2016-03-23,38.8,4.58541072972973
2016-03-23,38.9,5.125164175000001
2016-03-23,39.0,5.796580120000001
2016-03-25,37.6,7.177924304347827
2016-03-25,37.7,6.633663945945946
2016-03-25,37.8,6.943612257142857
2016-03-25,37.9,7.160393621621621
2016-03-25,38.0,7.315669542857144
2016-03-25,38.1,7.39956854054054
2016-03-25,38.2,7.20857225
2016-03-25,38.3,8.353863
2016-03-25,38.4,12.026644472222221
2016-03-25,38.5,14.27572883783784
2016-03-25,38.6,16.011653694444448
2016-03-25,38.7,17.24686482857143
2016-03-25,38.8,18.180200028571427
2016-03-25,38.9,18.90762474285715
2016-03-25,39.0,17.989244175
2016-03-26,37.6,6.283421942857145
2016-03-26,37.7,6.726473275000001
2016-03-26,37.8,6.842496649999999
2016-03-26,37.9,6.825745799999998
2016-03-26,38.0,6.8460863589743575
2016-03-26,38.1,6.81054105128205
2016-03-26,38.2,6.69802335
2016-03-26,38.3,6.524840658536586
2016-03-26,38.4,6.430480824999999
2016-03-26,38.5,6.3074924249999995
2016-03-26,38.6,6.385440658536585
2016-03-26,38.7,5.686524790697674
2016-03-26,38.8,5.214117476190476
2016-03-26,38.9,5.981517500000002
2016-03-26,39.0,7.184946265306124
2016-04-01,37.6,7.985024972222224
2016-04-01,37.7,7.916201571428569
2016-04-01,37.8,7.722428651162789
2016-04-01,37.9,7.541691261904764
2016-04-01,38.0,7.709007190476193
2016-04-01,38.1,7.699648357142858
2016-04-01,38.2,7.518144658536587
2016-04-01,38.3,7.30380819512195
2016-04-01,38.4,7.066119536585365
2016-04-01,38.5,6.853420547619049
2016-04-01,38.6,6.545734048780486
2016-04-01,38.7,5.99673019047619
2016-04-01,38.8,5.8963255
2016-04-01,38.9,6.411746488372095
2016-04-01,39.0,8.302380512820514
2016-04-03,37.6,9.171426151515153
2016-04-03,37.7,8.390863828571428
2016-04-03,37.8,8.14762344117647
2016-04-03,37.9,7.909067666666666
2016-04-03,38.0,8.000025657142857
2016-04-03,38.1,8.195247088235293
2016-04-03,38.2,8.44016261764706
2016-04-03,38.3,8.526948675675674
2016-04-03,38.4,8.689160575757578
2016-04-03,38.5,8.940528441176472
2016-04-03,38.6,9.041123588235294
2016-04-03,38.7,8.963261914285715
2016-04-03,38.8,8.200650457142856
2016-04-03,38.9,7.329178114285712
2016-04-03,39.0,7.209625
2016-04-04,37.6,8.336056229166667
2016-04-04,37.7,8.381912113636364
2016-04-04,37.8,8.177482209302326
2016-04-04,37.9,8.281717
2016-04-04,38.0,8.393330073170732
2016-04-04,38.1,8.334650414634147
2016-04-04,38.2,8.183835025000002
2016-04-04,38.3,8.030463325000001
2016-04-04,38.4,7.960027358974358
2016-04-04,38.5,7.817549174999999
2016-04-04,38.6,7.534818871794871
2016-04-04,38.7,6.662684487804879
2016-04-04,38.8,6.364057095238094
2016-04-04,38.9,7.321272704545455
2016-04-04,39.0,8.913475939393937
2016-04-05,37.6,10.708271452380952
2016-04-05,37.7,10.8534775
2016-04-05,37.8,10.947891400000001
2016-04-05,37.9,10.591331352941179
2016-04-05,38.0,10.54573817647059
2016-04-05,38.1,10.625535333333334
2016-04-05,38.2,10.548669696969695
2016-04-05,38.3,10.319523242424241
2016-04-05,38.4,10.081734323529409
2016-04-05,38.5,9.906000058823528
2016-04-05,38.6,9.726051970588237
2016-04-05,38.7,9.460831428571428
2016-04-05,38.8,8.959229457142856
2016-04-05,38.9,8.301915257142857
2016-04-05,39.0,8.106613200000002
2016-04-09,37.6,9.94347206451613
2016-04-09,37.7,9.840254666666668
2016-04-09,37.8,9.454888275000002
2016-04-09,37.9,9.70034312195122
2016-04-09,38.0,9.873450487804877
2016-04-09,38.1,9.663965874999999
2016-04-09,38.2,9.487541439024389
2016-04-09,38.3,9.416407525
2016-04-09,38.4,9.195269095238096
2016-04-09,38.5,8.885817428571427
2016-04-09,38.6,8.44705341860465
2016-04-09,38.7,7.854772046511627
2016-04-09,38.8,7.26197619047619
2016-04-09,38.9,8.214290268292684
2016-04-09,39.0,9.71552074285714
2016-04-10,37.6,10.369279555555556
2016-04-11,37.6,9.550195142857143
2016-04-11,37.7,9.161319463414635
2016-04-11,37.8,8.952574
2016-04-11,37.9,8.794190452380954
2016-04-11,38.0,8.560515384615384
2016-04-11,38.1,8.803917102564101
2016-04-11,38.2,9.154852578947368
2016-04-11,38.3,9.216040289473684
2016-04-11,38.4,9.138097333333334
2016-04-11,38.5,9.12332018421053
2016-04-11,38.6,9.1266784
2016-04-11,38.7,8.987616710526318
2016-04-11,38.8,8.599860552631581
2016-04-11,38.9,7.809957921052631
2016-04-11,39.0,7.253466818181818
2016-04-14,37.6,9.886831958333334
2016-04-14,37.7,9.707219023809525
2016-04-14,37.8,9.251767487804878
2016-04-14,37.9,9.097153166666667
2016-04-14,38.0,9.637959317073172
2016-04-14,38.1,10.059646833333332
2016-04-14,38.2,9.987199149999999
2016-04-14,38.3,9.899084142857141
2016-04-14,38.4,9.757980775
2016-04-14,38.5,9.520585025
2016-04-14,38.6,9.228959
2016-04-14,38.7,8.601671921052631
2016-04-14,38.8,8.166957026315787
2016-04-14,38.9,8.780790972972971
2016-04-14,39.0,10.369276243243243
2016-04-15,37.6,12.69745257142857
2016-04-15,37.7,10.674451000000001
2016-04-15,37.8,10.275481971428572
2016-04-15,37.9,9.919735352941178
2016-04-15,38.0,9.028237944444442
2016-04-15,38.1,8.972441694444447
2016-04-15,38.2,9.528489294117648
2016-04-22,38.9,9.33552758536585
2016-04-22,39.0,10.957321956521742
2016-04-25,37.6,13.880092846153847
2016-04-25,37.7,13.313663888888888
2016-04-25,37.8,12.89978942857143
2016-04-25,37.9,12.551623857142857
2016-04-25,38.0,12.235940885714285
2016-04-25,38.1,11.96658094285714
2016-04-25,38.2,12.347789514285715
2016-04-25,38.3,12.752307685714285
2016-04-25,38.4,12.702765636363637
2016-04-25,38.5,12.686580787878789
2016-04-25,38.6,12.343517151515156
2016-04-25,38.7,11.982491818181817
2016-04-25,38.8,11.770225031250002
2016-04-25,38.9,10.975626135135137
2016-04-28,39.0,12.0252
2016-05-06,38.9,10.98174451851852
2016-05-06,39.0,12.034662525
2016-05-09,37.6,15.020842671875004
2016-05-09,37.7,13.821469514285711
2016-05-09,37.8,13.344383780487805
2016-05-09,37.9,12.090399114285717
2016-05-09,38.0,11.55580294117647
2016-05-09,38.1,11.733772371428573
2016-05-09,38.2,12.024626441176471
2016-05-09,38.3,12.006982828571429
2016-05-09,38.4,11.942187848484847
2016-05-09,38.5,11.70027944117647
2016-05-09,38.6,11.423898058823532
2016-05-09,38.7,11.130809794117647
2016-05-09,38.8,11.56745888235294
2016-05-09,38.9,11.231140454545454
2016-05-09,39.0,10.984293400000002
2016-05-11,37.6,13.27815609090909
2016-05-11,37.7,12.60046743478261
2016-05-11,37.8,11.716501395833335
2016-05-11,37.9,11.742263851063832
2016-05-11,38.0,12.30677460869565
2016-05-11,38.1,12.449917755555557
2016-05-11,38.2,12.467706930232556
2016-05-11,38.3,12.38730719047619
2016-05-11,38.4,12.1108756097561
2016-05-11,38.5,11.880404804878049
2016-05-11,38.6,11.576029875
2016-05-11,38.7,11.323301675
2016-05-11,38.8,10.733012228571425
2016-05-11,38.9,11.325036650000001
2016-05-11,39.0,13.599033384615382
2016-05-17,38.8,12.50085922222222
2016-05-17,38.9,12.768534200000001
2016-05-17,39.0,14.055923350000002
2016-05-18,37.6,15.41224969767442
2016-05-18,37.7,14.179580439024393
2016-05-18,37.8,12.766227307692308
2016-05-18,37.9,12.584912243902439
2016-05-18,38.0,12.49947968292683
2016-05-18,38.1,12.788329170731705
2016-05-18,38.2,12.614619487804877
2016-05-18,38.3,12.614949634146342
2016-05-18,38.4,12.552702463414635
2016-05-18,38.5,12.638668249999998
2016-05-18,38.6,12.822334153846155
2016-05-18,38.7,12.972252153846151
2016-05-18,38.8,12.890166655172415
2016-05-20,38.8,13.626631499999997
2016-05-20,38.9,13.726998414634146
2016-05-20,39.0,16.370937710526313
2016-05-21,37.6,13.740267000000006
2016-05-21,37.7,13.740267000000006
2016-05-21,37.8,13.740267000000006
2016-05-21,37.9,13.740267000000006
2016-05-21,38.0,13.740267000000006
2016-05-21,38.1,13.740267000000006
2016-05-21,38.2,13.740267000000006
2016-05-21,38.3,13.740267000000006
2016-05-21,38.4,13.740267000000006
2016-05-21,38.5,13.740267000000005
2016-05-21,38.6,13.740267000000006
2016-05-21,38.7,13.740267000000005
2016-05-21,38.8,13.740267
2016-05-23,37.4,18.753247461538464
2016-05-23,37.5,18.193986519230773
2016-05-23,37.6,17.7171125945946
2016-05-23,37.7,17.23351573684211
2016-05-23,37.8,17.250450916666665
2016-05-23,37.9,16.325014052631573
2016-05-23,38.0,15.369139421052632
2016-05-23,38.1,15.274312794871799
2016-05-23,38.2,15.201795799999996
2016-05-23,38.3,14.79939730681818
2016-05-23,38.4,14.93096940540541
2016-05-23,38.5,15.087522230769231
2016-05-23,38.6,15.100314842105266
2016-05-23,38.7,14.974450861111116
2016-05-23,38.8,15.130551428571426
2016-05-23,38.9,14.478603771428572
2016-05-23,39.0,14.166659684210524
2016-05-24,39.0,18.00067783333333
2016-05-25,38.9,14.341651117647059
2016-05-25,39.0,15.100631555555553
2016-05-26,37.6,17.6257985076923
2016-05-26,37.7,17.200234974683546
2016-05-26,37.8,16.71361622368421
2016-05-26,37.9,16.094706410256407
2016-05-26,38.0,15.680261038961033
2016-05-26,38.1,15.501951106666663
2016-05-26,38.2,15.30219410810811
2016-05-26,38.3,15.22980306578947
2016-05-26,38.4,15.297168959999999
2016-05-26,38.5,15.205875589743588
2016-05-26,38.6,14.997525609756098
2016-05-26,38.7,14.153981690476195
2016-05-26,38.8,12.995136465116275
2016-05-26,38.9,12.684460896551727
2016-05-27,38.6,15.656849999999999
2016-05-27,38.7,15.643099030303027
2016-05-27,38.8,15.14186855882353
2016-05-27,38.9,14.494807764705884
2016-05-27,39.0,13.9703165
2016-05-29,37.6,17.455597744186047
2016-05-29,37.7,16.63046357142857
2016-05-29,37.8,17.086191285714293
2016-05-29,37.9,17.400923785714287
2016-05-29,38.0,16.930320317073168
2016-05-29,38.1,16.17736514634146
2016-05-29,38.2,15.947833292682928
2016-05-29,38.3,16.419058128205126
2016-05-29,38.4,16.767654466666666
2016-05-29,38.5,16.428669342105263
2016-05-29,38.6,15.92263592307692
2016-05-29,38.7,15.609719880952376
2016-05-29,38.8,14.506265499999998
2016-05-29,38.9,14.174256878048782
2016-05-29,39.0,15.893256973684213
2016-06-01,37.6,18.124542512820508
2016-06-01,37.7,17.46655807692308
2016-06-01,37.8,16.98982648717949
2016-06-01,37.9,16.83537137142857
2016-06-01,38.0,17.238682388888886
2016-06-01,38.1,17.473841800000002
2016-06-01,38.2,17.416523194444444
2016-06-01,38.3,17.460829441176475
2016-06-01,38.4,17.64516282857143
2016-06-01,38.5,17.795886264705885
2016-06-01,38.6,18.01061237142857
2016-06-01,38.7,18.328064705882355
2016-06-01,38.8,18.34567234285715
2016-06-01,38.9,17.411169558823527
2016-06-01,39.0,16.20217122727273
2016-06-02,37.6,18.176488958333334
2016-06-02,37.7,17.764022309523813
2016-06-02,37.8,17.413879682926826
2016-06-02,37.9,17.791118325000006
2016-06-02,38.0,17.57798115384616
2016-06-02,38.1,17.235899105263154
2016-06-02,38.2,17.003606820512825
2016-06-02,38.3,17.323279538461534
2016-06-02,38.4,17.494949100000003
2016-06-02,38.5,17.670988609756105
2016-06-02,38.6,17.640749142857146
2016-06-02,38.7,17.340620139534877
2016-06-02,38.8,15.86602854761905
2016-06-02,38.9,15.698618674418597
2016-06-02,39.0,16.33305916981132
2016-06-05,37.6,18.866791232558143
2016-06-05,37.7,18.726061942857143
2016-06-05,37.8,18.73583327777778
2016-06-05,37.9,18.52547383783784
2016-06-05,38.0,18.211060222222223
2016-06-05,38.1,18.380809595238095
2016-06-05,38.2,18.377974124999998
2016-06-05,38.3,18.199284702702702
2016-06-05,38.4,18.445336837837836
2016-06-05,38.5,18.9160823611111
2016-06-05,38.6,19.143348138888886
2016-06-05,38.7,18.98673427777778
2016-06-05,38.8,18.08571264864865
2016-06-05,38.9,16.44241808571428
2016-06-05,39.0,16.586669565217388
2016-06-09,39.0,17.615967000000005
2016-06-13,37.6,20.121934333333336
2016-06-13,37.7,19.581930222222216
2016-06-13,37.8,18.22451894594595
2016-06-13,37.9,17.75974954054054
2016-06-13,38.0,19.83830191666667
2016-06-13,38.1,20.21405876315789
2016-06-13,38.2,19.85787483783784
2016-06-13,38.3,19.998095459459456
2016-06-13,38.4,20.281892638888888
2016-06-13,38.5,20.70601251351351
2016-06-13,38.6,20.834936083333332
2016-06-13,38.7,20.93705618421053
2016-06-13,38.8,20.79186755263158
2016-06-13,38.9,19.72021705405406
2016-06-13,39.0,18.777652684210526
2016-06-29,38.9,21.7504
2016-06-29,39.0,21.74505695121951
2016-06-30,37.6,20.812240066666664
2016-06-30,37.7,20.264630976190475
2016-06-30,37.8,20.67485161904762
2016-06-30,37.9,22.068617853658534
2016-06-30,38.0,22.120710826086956
2016-06-30,38.1,20.74650326829268
2016-06-30,38.2,20.911764309523804
2016-06-30,38.3,21.582954545454548
2016-06-30,38.4,22.117989431818174
2016-06-30,38.5,21.93174240909091
2016-06-30,38.6,21.594116630434776
2016-06-30,38.7,21.210578325581395
2016-06-30,38.8,21.186199099999996
2016-06-30,38.9,21.34749612820513
2016-07-14,37.6,23.934782319148937
2016-07-14,37.7,23.018406463414635
2016-07-14,37.8,23.876522205128204
2016-07-14,37.9,24.01807473170732
2016-07-14,38.0,24.282153897435894
2016-07-14,38.1,24.69042441463415
2016-07-14,38.2,24.679754949999996
2016-07-14,38.3,24.995795121951225
2016-07-14,38.4,24.73941320930233
2016-07-14,38.5,24.925604853658527
2016-07-14,38.6,25.524614199999995
2016-07-14,38.7,24.581530849999996
2016-07-14,38.8,23.475408538461537
2016-07-14,38.9,23.545777769230774
2016-07-14,39.0,24.10746493478261
2016-07-16,37.6,24.195533111111107
2016-07-16,37.7,23.4559049512195
2016-07-16,37.8,22.682190219512204
2016-07-16,37.9,22.6456334
2016-07-16,38.0,22.686873785714287
2016-07-16,38.1,22.28616741860465
2016-07-16,38.2,23.07247057142857
2016-07-16,38.3,23.291889974999997
2016-07-16,38.4,22.82159478947369
2016-07-16,38.5,23.04933783783784
2016-07-16,38.6,23.10190627027027
2016-07-16,38.7,23.638028638888883
2016-07-16,38.8,24.04314182857143
2016-07-16,38.9,22.876850428571423
2016-07-16,39.0,22.345255555555557
2016-07-22,38.9,22.5197
2016-07-22,39.0,22.5197
2016-08-03,37.6,26.46312771875
2016-08-03,37.7,25.81037130555554
2016-08-03,37.8,25.633843527777785
2016-08-03,37.9,25.585366611111112
2016-08-03,38.0,25.773052833333335
2016-08-03,38.1,26.401353108108108
2016-08-03,38.2,26.573960526315794
2016-08-03,38.3,26.695408277777787
2016-08-03,38.4,26.91488147222222
2016-08-03,38.5,26.99336945714286
2016-08-03,38.6,26.95525237142857
2016-08-03,38.7,26.74739048571428
2016-08-03,38.8,26.418241914285716
2016-08-03,38.9,25.484630352941174
2016-08-03,39.0,24.8260915
2016-08-04,39.0,24.717733666666664
2016-08-05,38.9,25.01234375
2016-08-05,39.0,26.411634523076923
2016-08-06,37.6,26.87542905128205
2016-08-06,37.7,26.83034809302326
2016-08-06,37.8,26.586195395348838
2016-08-06,37.9,27.059598465116277
2016-08-06,38.0,27.404130125000002
2016-08-06,38.1,27.453433300000007
2016-08-06,38.2,27.40629175
2016-08-06,38.3,27.751068300000004
2016-08-06,38.4,27.793120050000006
2016-08-06,38.5,27.564565048780484
2016-08-06,38.6,26.950960170731705
2016-08-06,38.7,26.0353844883721
2016-08-06,38.8,24.954859022727273
2016-08-06,38.9,24.307761233333334
2016-08-08,37.6,26.926068689655168
2016-08-08,37.7,26.319724800000003
2016-08-08,37.8,26.180335342857145
2016-08-08,37.9,25.956572250000004
2016-08-08,38.0,26.11286568571428
2016-08-08,38.1,26.498327805555554
2016-08-08,38.2,26.82588277142857
2016-08-08,38.3,27.004151722222225
2016-08-08,38.4,27.08417614285714
2016-08-08,38.5,27.28025658333333
2016-08-08,38.6,27.343437114285717
2016-08-08,38.7,27.050652749999998
2016-08-08,38.8,26.63677802631579
2016-08-08,38.9,25.652877833333342
2016-08-08,39.0,25.38162783333333
2016-08-11,38.9,25.97694410714286
2016-08-11,39.0,27.520578174999997
2016-08-12,37.6,28.05270430769231
2016-08-12,37.7,27.812150395348834
2016-08-12,37.8,27.248668238095238
2016-08-12,37.9,27.717840325581392
2016-08-12,38.0,28.189615488372098
2016-08-12,38.1,28.651792833333328
2016-08-12,38.2,28.70886895348837
2016-08-12,38.3,28.575532558139535
2016-08-12,38.4,28.75724470454545
2016-08-12,38.5,28.598397847826085
2016-08-12,38.6,28.461763568181812
2016-08-12,38.7,28.04603173809524
2016-08-12,38.8,26.286658324999998
2016-08-12,38.9,25.66461941666667
2016-08-14,37.4,29.254984
2016-08-14,37.5,29.08750294444445
2016-08-14,37.6,29.34616052631579
2016-08-14,37.7,29.391054945945942
2016-08-14,37.8,29.360218972972973
2016-08-14,37.9,28.947294621621623
2016-08-14,38.0,28.843764763157896
2016-08-14,38.1,28.84880343589744
2016-08-14,38.2,28.96622823076923
2016-08-14,38.3,29.186141263157886
2016-08-14,38.4,29.423099000000008
2016-08-14,38.5,29.633732432432428
2016-08-14,38.6,29.69260081578948
2016-08-14,38.7,29.57316752631579
2016-08-14,38.8,28.95198510526316
2016-08-14,38.9,26.772379270270264
2016-08-14,39.0,26.489548111111112
2016-09-03,37.6,25.56429295454546
2016-09-03,37.7,25.113182233333337
2016-09-04,37.7,24.906327666666666
2016-09-04,37.8,24.64274630555555
2016-09-04,37.9,24.381263027777777
2016-09-04,38.0,24.161444444444445
2016-09-04,38.1,24.449742351351354
2016-09-04,38.2,24.34445859459459
2016-09-04,38.3,24.348289833333332
2016-09-04,38.4,24.69177811428571
2016-09-04,38.5,24.783990749999997
2016-09-04,38.6,24.82021075675675
2016-09-04,38.7,24.833970388888886
2016-09-04,38.8,24.569782914285714
2016-09-04,38.9,23.806431485714285
2016-09-04,39.0,22.85648932
2016-09-05,38.9,22.421595344827587
2016-09-05,39.0,22.811463875
2016-09-06,37.6,24.655107548387104
2016-09-06,37.7,24.49605193023256
2016-09-06,37.8,24.333470465116292
2016-09-06,37.9,24.259874441860465
2016-09-06,38.0,24.21666426190476
2016-09-06,38.1,24.166116674999998
2016-09-06,38.2,24.384139714285705
2016-09-06,38.3,24.220105658536582
2016-09-06,38.4,24.362656097560976
2016-09-06,38.5,24.199964195121947
2016-09-06,38.6,23.645686837209304
2016-09-06,38.7,23.013950809523813
2016-09-06,38.8,22.68642469565217
2016-09-06,38.9,22.40764615384615
2016-09-20,37.6,24.39212142105263
2016-09-20,37.7,24.120833325
2016-09-20,37.8,23.859947675675674
2016-09-20,37.9,23.61500275675676
2016-09-20,38.0,23.177874552631582
2016-09-20,38.1,22.772752270270274
2016-09-20,38.2,22.806118864864867
2016-09-20,38.3,22.82613783783784
2016-09-20,38.4,22.949543499999997
2016-09-20,38.5,23.106363499999993
2016-09-21,38.5,23.142125
2016-09-21,38.6,23.160995388888885
2016-09-21,38.7,22.69899990243902
2016-09-21,38.8,22.393929187499996
2016-09-21,38.9,22.208589421052633
2016-09-21,39.0,22.161447083333332
2016-09-23,39.0,23.348431666666666
2016-09-28,37.6,22.550222488372103
2016-09-28,37.7,22.112101545454546
2016-09-28,37.8,21.440874372093013
2016-09-28,37.9,21.093362767441857
2016-09-28,38.0,20.905610311111108
2016-09-28,38.1,20.77863492682927
2016-09-28,38.2,20.922710309523815
2016-09-28,38.3,21.063477047619045
2016-09-28,38.4,21.362191488372094
2016-09-28,38.5,21.226009708333336
2016-09-28,38.6,20.874225955555552
2016-09-28,38.7,20.48860075
2016-09-28,38.8,20.314099249999998
2016-09-28,38.9,20.233918954545445
2016-09-28,39.0,20.287317296296298
2016-10-08,38.9,19.20117180769231
2016-10-08,39.0,19.754543833333333
2016-10-09,37.6,21.44612508333333
2016-10-09,37.7,21.30222148888889
2016-10-09,37.8,21.129329644444443
2016-10-09,37.9,20.81588177272727
2016-10-09,38.0,20.553050772727275
2016-10-09,38.1,20.389178239130434
2016-10-09,38.2,20.44101513636364
2016-10-09,38.3,20.530554326086957
2016-10-09,38.4,20.49736168085107
2016-10-09,38.5,20.457778723404253
2016-10-09,38.6,20.217002749999995
2016-10-09,38.7,19.6852694893617
2016-10-09,38.8,19.328158295454543
2016-10-09,38.9,19.1643229375
2016-10-10,37.6,23.129472502994012
2016-10-10,37.7,20.581018581395348
2016-10-10,37.8,20.497184142857144
2016-10-10,37.9,20.316771255813958
2016-10-10,38.0,20.05850707142857
2016-10-10,38.1,19.89556033333334
2016-10-10,38.2,19.709900023255816
2016-10-10,38.3,19.447767526315783
2016-10-11,38.3,19.3421332
2016-10-11,38.4,19.37496437209302
2016-10-11,38.5,19.71068416666667
2016-10-11,38.6,19.992027474999997
2016-10-11,38.7,20.050404902439027
2016-10-11,38.8,19.869392358974363
2016-10-11,38.9,19.413549125
2016-10-11,39.0,19.441673121951222
