Date,Time,Latitude,Longitude,Temperature,Salinity,pH,Distance
2015.11.26,23:20,38.964703,121.7542,9.613038,32.011577,7.374655,172.272 
2015.11.26,23:21,38.96317,121.755455,9.1311,32.06,7.531567,172.124 
2015.11.26,23:22,38.961538,121.756665,8.971733,32.073767,7.669067,171.966 
2015.11.26,23:23,38.959663,121.757545,8.901167,32.0721,7.760867,171.775 
2015.11.26,23:24,38.957893,121.758385,8.810433,32.0736,7.8259,171.596 
2015.11.26,23:25,38.955945,121.758892,8.7139,32.072933,7.873167,171.391 
2015.11.26,23:26,38.953933,121.759348,8.603333,32.075767,7.916167,171.179 
2015.11.26,23:27,38.951925,121.75981,8.508933,32.080233,7.952433,170.968 
2015.11.26,23:28,38.94983,121.76007,8.438733,32.080367,7.9779,170.743 
2015.11.26,23:29,38.947787,121.760243,8.3447,32.084867,8.007533,170.523 
2015.11.26,23:30,38.945835,121.760447,8.377533,32.086933,8.0294,170.313 
2015.11.26,23:31,38.943808,121.760418,8.460867,32.081233,8.038833,170.092 
2015.11.26,23:32,38.941688,121.760243,8.5558,32.074167,8.0456,169.857 
2015.11.26,23:33,38.939715,121.760027,8.685767,32.070133,8.053167,169.639 
2015.11.26,23:34,38.9377,121.759852,8.795567,32.062267,8.059133,169.416 
2015.11.26,23:35,38.935562,121.759658,8.915367,32.062433,8.0648,169.179 
2015.11.26,23:36,38.933523,121.759492,9.0475,32.0512,8.068933,168.954 
2015.11.26,23:37,38.931472,121.759325,9.106667,32.067067,8.0718,168.727 
2015.11.26,23:38,38.92949,121.759088,9.238,32.077233,8.077167,168.507 
2015.11.26,23:39,38.927472,121.758843,9.3446,32.0767,8.08,168.283 
2015.11.26,23:40,38.925468,121.758597,9.446833,32.078233,8.082167,168.060 
2015.11.26,23:41,38.923452,121.758338,9.5745,32.081633,8.083133,167.836 
2015.11.26,23:42,38.921447,121.758082,9.716667,32.084233,8.084967,167.613 
2015.11.26,23:43,38.919363,121.757813,9.849767,32.089267,8.086567,167.381 
2015.11.26,23:44,38.917412,121.757577,9.948433,32.0892,8.0888,167.164 
2015.11.26,23:45,38.915323,121.757337,10.013167,32.094167,8.089433,166.932 
2015.11.26,23:46,38.913313,121.757113,10.0839,32.097167,8.0914,166.709 
2015.11.26,23:47,38.9113,121.75686,10.163867,32.1014,8.092767,166.486 
2015.11.26,23:48,38.909352,121.756658,10.2449,32.103633,8.0948,166.270 
2015.11.26,23:49,38.90728,121.756422,10.310867,32.104267,8.096833,166.040 
2015.11.26,23:50,38.905243,121.756185,10.3566,32.103733,8.097867,165.813 
2015.11.26,23:51,38.903295,121.755977,10.393233,32.104067,8.099133,165.598 
2015.11.26,23:52,38.901173,121.75575,10.4343,32.105267,8.1006,165.362 
2015.11.26,23:53,38.899152,121.755563,10.4825,32.1051,8.102,165.139 
2015.11.26,23:54,38.897178,121.755398,10.528233,32.106433,8.1027,164.921 
2015.11.26,23:55,38.895137,121.755192,10.576033,32.1084,8.103633,164.695 
2015.11.26,23:56,38.893048,121.754973,10.623767,32.110233,8.104867,164.463 
2015.11.26,23:57,38.891085,121.754767,10.661833,32.1107,8.1055,164.246 
2015.11.26,23:58,38.888988,121.754542,10.701133,32.111867,8.1063,164.013 
2015.11.26,23:59,38.886963,121.754337,10.740167,32.1126,8.1072,163.789 
2015.11.27,0:00,38.884988,121.754057,10.771467,32.1118,8.108667,163.569 
2015.11.27,0:01,38.883075,121.75383,10.8106,32.112367,8.108933,163.356 
2015.11.27,0:02,38.88097,121.753658,10.854367,32.112033,8.109133,163.124 
2015.11.27,0:03,38.878935,121.753468,10.890367,32.1113,8.1103,162.899 
2015.11.27,0:04,38.876873,121.75327,10.909667,32.111433,8.110433,162.670 
2015.11.27,0:05,38.874818,121.753045,10.939133,32.1109,8.110933,162.443 
2015.11.27,0:06,38.872805,121.752838,10.950633,32.109733,8.1114,162.220 
2015.11.27,0:07,38.870732,121.752613,10.950533,32.108367,8.111767,161.990 
2015.11.27,0:08,38.868627,121.752363,10.943467,32.106667,8.111933,161.756 
2015.11.27,0:09,38.866547,121.752118,10.934767,32.103833,8.112433,161.525 
2015.11.27,0:10,38.864372,121.751855,10.927367,32.1033,8.1136,161.284 
2015.11.27,0:11,38.862338,121.751633,10.948667,32.105867,8.1145,161.058 
2015.11.27,0:12,38.860128,121.75137,10.990067,32.109067,8.115233,160.813 
2015.11.27,0:13,38.858078,121.751047,11.018033,32.108267,8.116133,160.584 
2015.11.27,0:14,38.85587,121.750718,11.026933,32.1067,8.1159,160.337 
2015.11.27,0:15,38.853728,121.750442,11.0205,32.105333,8.1162,160.099 
2015.11.27,0:16,38.851647,121.750232,11.013067,32.104133,8.116567,159.869 
2015.11.27,0:17,38.8494,121.750107,11.014433,32.107067,8.116567,159.622 
2015.11.27,0:18,38.847295,121.749905,11.072467,32.117233,8.118033,159.389 
2015.11.27,0:19,38.845112,121.74967,11.1396,32.122367,8.120433,159.147 
2015.11.27,0:20,38.842955,121.749495,11.193933,32.123233,8.121633,158.909 
2015.11.27,0:21,38.84069,121.749288,11.2431,32.123467,8.122333,158.659 
2015.11.27,0:22,38.838582,121.749057,11.290533,32.124567,8.1227,158.425 
2015.11.27,0:23,38.836322,121.748852,11.3344,32.124433,8.123067,158.175 
2015.11.27,0:24,38.834212,121.748665,11.3698,32.123033,8.123533,157.942 
2015.11.27,0:25,38.832067,121.748193,11.392833,32.122333,8.122767,157.700 
2015.11.27,0:26,38.829898,121.74757,11.4047,32.1216,8.1226,157.453 
2015.11.27,0:27,38.827855,121.746907,11.397133,32.1227,8.123767,157.219 
2015.11.27,0:28,38.825762,121.746197,11.4112,32.124,8.123967,156.979 
2015.11.27,0:29,38.823653,121.745523,11.4311,32.123233,8.1242,156.737 
2015.11.27,0:30,38.821465,121.744873,11.460233,32.118867,8.123733,156.488 
2015.11.27,0:31,38.819347,121.744225,11.492033,32.1147,8.1234,156.246 
2015.11.27,0:32,38.817212,121.74364,11.5218,32.112767,8.122467,156.003 
2015.11.27,0:33,38.815128,121.743147,11.542267,32.1124,8.122133,155.767 
2015.11.27,0:34,38.81291,121.74262,11.5657,32.112067,8.122033,155.516 
2015.11.27,0:35,38.810815,121.742202,11.583167,32.1121,8.121967,155.281 
2015.11.27,0:36,38.808577,121.741713,11.601333,32.111667,8.122167,155.029 
2015.11.27,0:37,38.806408,121.741207,11.620567,32.1106,8.122267,154.784 
2015.11.27,0:38,38.804247,121.740618,11.634967,32.1085,8.122067,154.538 
2015.11.27,0:39,38.802372,121.73957,11.6467,32.106633,8.121333,154.315 
2015.11.27,0:40,38.80033,121.738782,11.661267,32.104833,8.120867,154.079 
2015.11.27,0:41,38.798247,121.738055,11.6719,32.1043,8.1208,153.840 
2015.11.27,0:42,38.796133,121.737365,11.680067,32.104367,8.121733,153.598 
2015.11.27,0:43,38.79401,121.736715,11.691567,32.106,8.1219,153.355 
2015.11.27,0:44,38.7919,121.735988,11.708567,32.108,8.1226,153.113 
2015.11.27,0:45,38.789755,121.73536,11.731867,32.108867,8.1232,152.868 
2015.11.27,0:46,38.787607,121.734722,11.759733,32.109,8.123633,152.623 
2015.11.27,0:47,38.785387,121.734168,11.788067,32.1086,8.123967,152.371 
2015.11.27,0:48,38.783302,121.733673,11.805433,32.107867,8.123667,152.136 
2015.11.27,0:49,38.78115,121.733075,11.833067,32.1078,8.123967,151.891 
2015.11.27,0:50,38.779003,121.732372,11.860167,32.1061,8.123567,151.645 
2015.11.27,0:51,38.776817,121.731865,11.889167,32.104533,8.122033,151.398 
2015.11.27,0:52,38.774642,121.731252,11.911567,32.102433,8.121833,151.150 
2015.11.27,0:53,38.772377,121.73068,11.9356,32.100833,8.121233,150.894 
2015.11.27,0:54,38.77017,121.730127,11.959333,32.0996,8.1203,150.644 
2015.11.27,0:55,38.768048,121.729548,11.962667,32.098,8.120033,150.402 
2015.11.27,0:56,38.765857,121.728962,11.961367,32.097267,8.1197,150.153 
2015.11.27,0:57,38.763655,121.728315,11.947433,32.097133,8.119467,149.902 
2015.11.27,0:58,38.76144,121.727723,11.945,32.095633,8.119767,149.651 
2015.11.27,0:59,38.75916,121.72706,11.9421,32.094567,8.120367,149.391 
2015.11.27,1:00,38.757042,121.72647,11.945267,32.093633,8.1192,149.150 
2015.11.27,1:01,38.754757,121.725918,11.951033,32.092567,8.118933,148.891 
2015.11.27,1:02,38.75266,121.725153,11.9483,32.092067,8.118767,148.650 
2015.11.27,1:03,38.750422,121.724397,11.947433,32.092433,8.1188,148.393 
2015.11.27,1:04,38.748285,121.72376,11.952933,32.092033,8.119167,148.149 
2015.11.27,1:05,38.746027,121.723162,11.952133,32.091767,8.119467,147.892 
2015.11.27,1:06,38.743763,121.72251,11.945167,32.091967,8.119733,147.634 
2015.11.27,1:07,38.741613,121.72194,11.931833,32.092367,8.120367,147.390 
2015.11.27,1:08,38.739322,121.721285,11.924533,32.092933,8.1201,147.129 
2015.11.27,1:09,38.737073,121.720722,11.922367,32.093967,8.121133,146.875 
2015.11.27,1:10,38.734843,121.720063,11.921833,32.093133,8.1214,146.620 
2015.11.27,1:11,38.732687,121.71948,11.911867,32.0932,8.1219,146.375 
2015.11.27,1:12,38.730465,121.718805,11.8954,32.0946,8.1227,146.121 
2015.11.27,1:13,38.72825,121.718078,11.8743,32.096433,8.123667,145.868 
2015.11.27,1:14,38.725985,121.717217,11.853567,32.0985,8.1245,145.606 
2015.11.27,1:15,38.72391,121.716327,11.837967,32.099667,8.125233,145.364 
2015.11.27,1:16,38.721737,121.715433,11.815633,32.101467,8.126167,145.112 
2015.11.27,1:17,38.719517,121.714538,11.795567,32.103367,8.127467,144.855 
2015.11.27,1:18,38.717402,121.714103,11.7813,32.1045,8.128167,144.617 
2015.11.27,1:19,38.715142,121.713597,11.7732,32.105,8.1286,144.362 
2015.11.27,1:20,38.713017,121.713138,11.7642,32.1049,8.128833,144.122 
2015.11.27,1:21,38.710828,121.712675,11.755767,32.105,8.1291,143.876 
2015.11.27,1:22,38.70859,121.71225,11.7431,32.1051,8.129667,143.625 
2015.11.27,1:23,38.706388,121.711693,11.7318,32.105067,8.130333,143.375 
2015.11.27,1:24,38.704172,121.71119,11.716367,32.105633,8.131033,143.125 
2015.11.27,1:25,38.70196,121.710715,11.7053,32.1056,8.131533,142.876 
2015.11.27,1:26,38.699757,121.710218,11.691767,32.1057,8.1314,142.627 
2015.11.27,1:27,38.69747,121.709787,11.681567,32.1056,8.1313,142.370 
2015.11.27,1:28,38.695263,121.709327,11.669167,32.105633,8.131667,142.122 
2015.11.27,1:29,38.693138,121.70884,11.664,32.1059,8.132267,141.882 
2015.11.27,1:30,38.690928,121.708367,11.6619,32.105933,8.1325,141.633 
2015.11.27,1:31,38.688708,121.707922,11.6646,32.106,8.1314,141.383 
2015.11.27,1:32,38.68651,121.707418,11.666967,32.105667,8.131033,141.135 
2015.11.27,1:33,38.684202,121.707007,11.6732,32.1052,8.1308,140.876 
2015.11.27,1:34,38.681953,121.706588,11.681967,32.104733,8.1308,140.624 
2015.11.27,1:35,38.679703,121.706108,11.687967,32.103633,8.130467,140.371 
2015.11.27,1:36,38.67745,121.705518,11.724167,32.099,8.128933,140.115 
2015.11.27,1:37,38.675265,121.704977,11.760933,32.0943,8.1275,139.867 
2015.11.27,1:38,38.672927,121.704472,11.779667,32.092033,8.1268,139.604 
2015.11.27,1:39,38.670742,121.703932,11.786967,32.0924,8.125733,139.357 
2015.11.27,1:40,38.668508,121.703372,11.789333,32.092467,8.125867,139.103 
2015.11.27,1:41,38.666277,121.702832,11.775,32.094267,8.127,138.851 
2015.11.27,1:42,38.663947,121.702327,11.757367,32.097267,8.1278,138.588 
2015.11.27,1:43,38.661775,121.701807,11.747667,32.0986,8.1281,138.343 
2015.11.27,1:44,38.659432,121.701282,11.742667,32.0985,8.127967,138.078 
2015.11.27,1:45,38.657238,121.700847,11.751767,32.095733,8.127833,137.832 
2015.11.27,1:46,38.65488,121.700343,11.767433,32.089967,8.127733,137.566 
2015.11.27,1:47,38.652585,121.699852,11.775,32.088933,8.126967,137.307 
2015.11.27,1:48,38.650382,121.699305,11.7781,32.087967,8.126467,137.058 
2015.11.27,1:49,38.648122,121.698733,11.7679,32.088267,8.127067,136.802 
2015.11.27,1:50,38.645828,121.698167,11.754133,32.0903,8.1272,136.542 
2015.11.27,1:51,38.643623,121.697592,11.7461,32.091733,8.1274,136.292 
2015.11.27,1:52,38.641435,121.697083,11.7219,32.0891,8.127767,136.045 
2015.11.27,1:53,38.63931,121.696537,11.707467,32.086567,8.127633,135.804 
2015.11.27,1:54,38.637112,121.695987,11.711467,32.085267,8.127467,135.554 
2015.11.27,1:55,38.634783,121.69535,11.718467,32.085267,8.1273,135.290 
2015.11.27,1:56,38.632615,121.694747,11.722667,32.0856,8.127433,135.043 
2015.11.27,1:57,38.630473,121.694198,11.728,32.086533,8.127467,134.800 
2015.11.27,1:58,38.628287,121.693673,11.733167,32.087033,8.127067,134.553 
2015.11.27,1:59,38.626087,121.693167,11.733533,32.087533,8.126767,134.304 
2015.11.27,2:00,38.623853,121.692555,11.745933,32.089867,8.1269,134.050 
2015.11.27,2:01,38.6216,121.692027,11.789133,32.0913,8.126933,133.796 
2015.11.27,2:02,38.61939,121.691463,11.844533,32.0944,8.128,133.545 
2015.11.27,2:03,38.617262,121.690905,11.8859,32.0959,8.128967,133.304 
2015.11.27,2:04,38.615055,121.690363,11.908933,32.096,8.129333,133.054 
2015.11.27,2:05,38.612847,121.689875,11.929533,32.099967,8.129533,132.805 
2015.11.27,2:06,38.610572,121.68937,11.959833,32.107433,8.130467,132.548 
2015.11.27,2:07,38.6084,121.688882,11.9928,32.114167,8.132267,132.303 
2015.11.27,2:08,38.606158,121.688397,12.0272,32.1206,8.134,132.050 
2015.11.27,2:09,38.603972,121.687868,12.056667,32.1243,8.135667,131.803 
2015.11.27,2:10,38.601752,121.687348,12.0799,32.126667,8.137467,131.552 
2015.11.27,2:11,38.599495,121.686748,12.097467,32.127533,8.137567,131.296 
2015.11.27,2:12,38.597343,121.686127,12.109233,32.128667,8.138667,131.050 
2015.11.27,2:13,38.595113,121.685615,12.120067,32.129,8.1392,130.798 
2015.11.27,2:14,38.592992,121.685092,12.132933,32.129533,8.1397,130.558 
2015.11.27,2:15,38.590733,121.684495,12.141233,32.129,8.139933,130.302 
2015.11.27,2:16,38.58858,121.68398,12.144,32.1279,8.140233,130.058 
2015.11.27,2:17,38.58635,121.68343,12.1472,32.126833,8.139933,129.806 
2015.11.27,2:18,38.584235,121.682897,12.155567,32.125733,8.140167,129.566 
2015.11.27,2:19,38.58202,121.682292,12.1605,32.123867,8.1402,129.314 
2015.11.27,2:20,38.579828,121.681775,12.165167,32.122833,8.139967,129.066 
2015.11.27,2:21,38.577613,121.681277,12.170933,32.121733,8.139767,128.816 
2015.11.27,2:22,38.57541,121.680662,12.1765,32.1203,8.14,128.566 
2015.11.27,2:23,38.57317,121.680077,12.1807,32.119833,8.1396,128.312 
2015.11.27,2:24,38.571045,121.679497,12.184933,32.118833,8.139833,128.070 
2015.11.27,2:25,38.568785,121.678817,12.186167,32.118,8.1396,127.812 
2015.11.27,2:26,38.566588,121.678225,12.186933,32.1173,8.1398,127.562 
2015.11.27,2:27,38.564388,121.677692,12.186667,32.116867,8.139133,127.313 
2015.11.27,2:28,38.56218,121.677263,12.190533,32.116533,8.139,127.065 
2015.11.27,2:29,38.559987,121.676873,12.201333,32.115267,8.1389,126.820 
2015.11.27,2:30,38.55783,121.676472,12.209267,32.114467,8.139,126.578 
2015.11.27,2:31,38.555562,121.675957,12.2192,32.1127,8.139067,126.322 
2015.11.27,2:32,38.553398,121.675438,12.225967,32.111667,8.138133,126.077 
2015.11.27,2:33,38.55116,121.67492,12.2338,32.110633,8.137433,125.824 
2015.11.27,2:34,38.549105,121.674317,12.243867,32.109567,8.137233,125.589 
2015.11.27,2:35,38.546935,121.6737,12.251433,32.1089,8.137233,125.342 
2015.11.27,2:36,38.544715,121.673172,12.257333,32.108333,8.136533,125.091 
2015.11.27,2:37,38.542463,121.672617,12.2625,32.108,8.135267,124.836 
2015.11.27,2:38,38.54048,121.671668,12.27,32.107667,8.135133,124.604 
2015.11.27,2:39,38.538352,121.670623,12.272767,32.107367,8.134867,124.354 
2015.11.27,2:40,38.536418,121.669253,12.2779,32.107,8.1345,124.119 
2015.11.27,2:41,38.534428,121.667625,12.289167,32.106867,8.1343,123.874 
2015.11.27,2:42,38.532553,121.666115,12.299567,32.1062,8.133867,123.644 
2015.11.27,2:43,38.53054,121.66465,12.306233,32.105933,8.133367,123.400 
2015.11.27,2:44,38.528505,121.663375,12.307667,32.1067,8.132467,123.156 
2015.11.27,2:45,38.526358,121.66254,12.3073,32.108533,8.1326,122.908 
2015.11.27,2:46,38.524293,121.66166,12.308433,32.110067,8.1324,122.668 
2015.11.27,2:47,38.522132,121.660777,12.314233,32.11,8.1321,122.417 
2015.11.27,2:48,38.520045,121.660048,12.3238,32.109167,8.131567,122.177 
2015.11.27,2:49,38.517855,121.659412,12.327233,32.108033,8.131067,121.927 
2015.11.27,2:50,38.515652,121.658882,12.332967,32.1074,8.1305,121.678 
2015.11.27,2:51,38.51354,121.65841,12.336033,32.1067,8.1295,121.440 
2015.11.27,2:52,38.511287,121.657925,12.341867,32.106067,8.128867,121.186 
2015.11.27,2:53,38.509098,121.657578,12.347367,32.105933,8.1282,120.941 
2015.11.27,2:54,38.506987,121.657355,12.354233,32.104733,8.128067,120.707 
2015.11.27,2:55,38.504717,121.656962,12.351633,32.104133,8.127267,120.453 
2015.11.27,2:56,38.502557,121.656523,12.353967,32.1039,8.126667,120.210 
2015.11.27,2:57,38.500388,121.656028,12.353467,32.102967,8.125867,119.965 
2015.11.27,2:58,38.49819,121.655622,12.347567,32.102567,8.124467,119.718 
2015.11.27,2:59,38.496053,121.655303,12.342067,32.101667,8.123967,119.480 
2015.11.27,3:00,38.493892,121.654858,12.336667,32.1013,8.122933,119.237 
2015.11.27,3:01,38.491675,121.654492,12.331767,32.1,8.122067,118.989 
2015.11.27,3:02,38.489565,121.654112,12.322433,32.099967,8.120433,118.752 
2015.11.27,3:03,38.487387,121.653753,12.317033,32.0989,8.1197,118.509 
2015.11.27,3:04,38.485233,121.653392,12.308567,32.096933,8.119233,118.268 
2015.11.27,3:05,38.483048,121.653087,12.303167,32.0954,8.1188,118.024 
2015.11.27,3:06,38.480815,121.652707,12.295,32.0949,8.118733,117.774 
2015.11.27,3:07,38.478722,121.652517,12.290367,32.093833,8.1186,117.543 
2015.11.27,3:08,38.476558,121.652142,12.284167,32.093033,8.118433,117.300 
2015.11.27,3:09,38.474405,121.651722,12.275467,32.092633,8.118467,117.058 
2015.11.27,3:10,38.472158,121.65139,12.269467,32.091433,8.118767,116.808 
2015.11.27,3:11,38.469977,121.651078,12.2591,32.090467,8.1187,116.565 
2015.11.27,3:12,38.467878,121.650695,12.253433,32.0903,8.118533,116.329 
2015.11.27,3:13,38.465702,121.65038,12.2524,32.089167,8.119033,116.087 
2015.11.27,3:14,38.463468,121.650005,12.241,32.089067,8.118733,115.837 
2015.11.27,3:15,38.461375,121.649653,12.237833,32.088567,8.119167,115.602 
2015.11.27,3:16,38.459237,121.649303,12.228667,32.0873,8.1202,115.363 
2015.11.27,3:17,38.457087,121.649015,12.220667,32.086733,8.1198,115.124 
2015.11.27,3:18,38.45492,121.6487,12.219067,32.086733,8.119367,114.882 
2015.11.27,3:19,38.452763,121.648318,12.216933,32.087733,8.1184,114.641 
2015.11.27,3:20,38.450568,121.648022,12.216067,32.087467,8.118533,114.396 
2015.11.27,3:21,38.448422,121.647675,12.210833,32.086233,8.118567,114.157 
2015.11.27,3:22,38.446325,121.647348,12.2042,32.084567,8.119167,113.922 
2015.11.27,3:23,38.444162,121.646938,12.2015,32.085,8.118933,113.680 
2015.11.27,3:24,38.441993,121.646575,12.197867,32.084,8.119033,113.437 
2015.11.27,3:25,38.439748,121.646193,12.1915,32.0839,8.119533,113.186 
2015.11.27,3:26,38.437652,121.64594,12.189167,32.0826,8.120433,112.953 
2015.11.27,3:27,38.435398,121.64565,12.174833,32.081,8.121133,112.702 
2015.11.27,3:28,38.433237,121.645308,12.163333,32.0802,8.121267,112.461 
2015.11.27,3:29,38.431138,121.644958,12.146933,32.078133,8.121933,112.226 
2015.11.27,3:30,38.42896,121.644582,12.129033,32.075867,8.1229,111.982 
2015.11.27,3:31,38.426777,121.644253,12.110167,32.074733,8.1237,111.739 
2015.11.27,3:32,38.424528,121.643917,12.099267,32.072933,8.124167,111.488 
2015.11.27,3:33,38.422355,121.643583,12.088133,32.069967,8.124733,111.245 
2015.11.27,3:34,38.42019,121.643252,12.0679,32.067533,8.125567,111.004 
2015.11.27,3:35,38.418015,121.642857,12.050533,32.065733,8.126133,110.760 
2015.11.27,3:36,38.415868,121.642573,12.039633,32.064767,8.127167,110.521 
2015.11.27,3:37,38.413693,121.642518,12.0272,32.062933,8.1276,110.283 
2015.11.27,3:38,38.411638,121.642015,12.023033,32.063167,8.128,110.050 
2015.11.27,3:39,38.409492,121.64158,12.0127,32.062433,8.127567,109.809 
2015.11.27,3:40,38.407268,121.641222,11.998,32.0618,8.127,109.561 
2015.11.27,3:41,38.405218,121.640595,11.973933,32.061767,8.1254,109.326 
2015.11.27,3:42,38.402997,121.640305,11.959133,32.061567,8.1229,109.079 
2015.11.27,3:43,38.400918,121.639945,11.949033,32.061367,8.122033,108.847 
2015.11.27,3:44,38.398758,121.639698,11.9355,32.0606,8.120933,108.607 
2015.11.27,3:45,38.39654,121.639522,11.917033,32.060433,8.1189,108.362 
2015.11.27,3:46,38.39444,121.638978,11.8986,32.060867,8.117867,108.124 
2015.11.27,3:47,38.392415,121.638712,11.884067,32.061567,8.116067,107.899 
2015.11.27,3:48,38.39041,121.637913,11.871867,32.0626,8.1146,107.666 
2015.11.27,3:49,38.388312,121.637758,11.8578,32.0632,8.113433,107.435 
2015.11.27,3:50,38.386235,121.637432,11.8599,32.063533,8.113167,107.203 
2015.11.27,3:51,38.384222,121.636988,11.846167,32.063833,8.1127,106.976 
2015.11.27,3:52,38.382063,121.636528,11.842633,32.064467,8.1124,106.733 
2015.11.27,3:53,38.37997,121.63619,11.835767,32.063967,8.1126,106.499 
2015.11.27,3:54,38.37786,121.635873,11.833,32.065033,8.1123,106.264 
2015.11.27,3:55,38.375767,121.635362,11.821133,32.0648,8.112667,106.027 
2015.11.27,3:56,38.373655,121.635073,11.8156,32.066567,8.112167,105.792 
2015.11.27,3:57,38.371537,121.634725,11.814233,32.066567,8.111333,105.555 
2015.11.27,3:58,38.36951,121.634263,11.806067,32.067267,8.1101,105.326 
2015.11.27,3:59,38.36744,121.633628,11.800733,32.0677,8.108933,105.090 
2015.11.27,4:00,38.365385,121.632943,11.7926,32.0687,8.1072,104.854 
2015.11.27,4:01,38.363282,121.632428,11.780733,32.0683,8.107233,104.616 
2015.11.27,4:02,38.36113,121.631763,11.762433,32.0683,8.106233,104.370 
2015.11.27,4:03,38.35906,121.631342,11.751967,32.068433,8.1054,104.137 
2015.11.27,4:04,38.356982,121.630953,11.737533,32.064,8.104567,103.904 
2015.11.27,4:05,38.355022,121.629963,11.729633,32.060267,8.103133,103.673 
2015.11.27,4:06,38.353027,121.629097,11.7212,32.055567,8.102033,103.440 
2015.11.27,4:07,38.351155,121.628232,11.709733,32.051133,8.100967,103.221 
2015.11.27,4:08,38.34904,121.627977,11.705133,32.048,8.100267,102.986 
2015.11.27,4:09,38.347087,121.627183,11.705867,32.045567,8.099833,102.760 
2015.11.27,4:10,38.345088,121.626745,11.695833,32.041933,8.0979,102.534 
2015.11.27,4:11,38.343045,121.626512,11.683167,32.0418,8.096533,102.308 
2015.11.27,4:12,38.34118,121.625665,11.685967,32.0418,8.0966,102.090 
2015.11.27,4:13,38.339197,121.625317,11.674267,32.041033,8.0952,101.867 
2015.11.27,4:14,38.33723,121.625375,11.6528,32.0382,8.094,101.654 
2015.11.27,4:15,38.335182,121.624918,11.648633,32.036767,8.092867,101.423 
2015.11.27,4:16,38.333138,121.624523,11.6435,32.031767,8.091633,101.194 
2015.11.27,4:17,38.331068,121.624105,11.631667,32.028633,8.0915,100.961 
2015.11.27,4:18,38.329023,121.623752,11.6315,32.025933,8.092567,100.732 
2015.11.27,4:19,38.32693,121.623645,11.627667,32.0228,8.092933,100.502 
2015.11.27,4:20,38.324802,121.623102,11.6362,32.019167,8.094733,100.261 
2015.11.27,4:21,38.322782,121.622822,11.633567,32.013033,8.096333,100.036 
2015.11.27,4:22,38.32067,121.622543,11.629467,32.0059,8.0981,99.801 
2015.11.27,4:23,38.318487,121.622212,11.636,32.0032,8.0993,99.558 
2015.11.27,4:24,38.316443,121.621982,11.644067,32.001767,8.100133,99.331 
2015.11.27,4:25,38.314288,121.62151,11.647233,32.001067,8.1007,99.088 
2015.11.27,4:26,38.31227,121.621257,11.660233,31.996733,8.102,98.864 
2015.11.27,4:27,38.310233,121.620788,11.662733,31.9938,8.1038,98.634 
2015.11.27,4:28,38.3082,121.620032,11.668333,31.987167,8.104533,98.399 
2015.11.27,4:29,38.306188,121.619965,11.6576,31.982467,8.105867,98.179 
2015.11.27,4:30,38.304357,121.619232,11.6584,31.979667,8.1056,97.967 
2015.11.27,4:31,38.302432,121.618327,11.6604,31.976233,8.1065,97.741 
2015.11.27,4:32,38.30052,121.617932,11.654333,31.9747,8.107,97.526 
2015.11.27,4:33,38.298502,121.617673,11.661167,31.9732,8.1073,97.302 
2015.11.27,4:34,38.296462,121.617442,11.660733,31.972467,8.107733,97.076 
2015.11.27,4:35,38.294363,121.617263,11.657767,31.9705,8.108133,96.844 
2015.11.27,4:36,38.292405,121.616587,11.6585,31.966367,8.108733,96.619 
2015.11.27,4:37,38.290437,121.616335,11.6507,31.9642,8.108333,96.400 
2015.11.27,4:38,38.288345,121.615972,11.658933,31.9628,8.108233,96.166 
2015.11.27,4:39,38.286298,121.615627,11.6553,31.962733,8.1083,95.937 
2015.11.27,4:40,38.284435,121.614803,11.658667,31.963167,8.109133,95.719 
2015.11.27,4:41,38.282443,121.614348,11.658167,31.963633,8.109333,95.495 
2015.11.27,4:42,38.280407,121.613945,11.655367,31.9633,8.1106,95.266 
2015.11.27,4:43,38.27835,121.613612,11.662133,31.9621,8.1114,95.036 
2015.11.27,4:44,38.276302,121.613265,11.660267,31.961233,8.111633,94.807 
2015.11.27,4:45,38.274205,121.612873,11.668367,31.961533,8.1118,94.572 
2015.11.27,4:46,38.272232,121.612943,11.662367,31.9611,8.1127,94.358 
2015.11.27,4:47,38.270193,121.61245,11.673,31.9625,8.112933,94.128 
2015.11.27,4:48,38.268302,121.611817,11.668067,31.961533,8.112367,93.910 
2015.11.27,4:49,38.266295,121.611192,11.668433,31.9597,8.112933,93.681 
2015.11.27,4:50,38.264207,121.610642,11.679467,31.9572,8.114233,93.444 
2015.11.27,4:51,38.262237,121.610318,11.685633,31.955567,8.1154,93.224 
2015.11.27,4:52,38.260132,121.609847,11.700333,31.954333,8.1157,92.986 
2015.11.27,4:53,38.25816,121.609387,11.701467,31.952967,8.1157,92.763 
2015.11.27,4:54,38.256142,121.60884,11.697833,31.953933,8.115733,92.534 
2015.11.27,4:55,38.254085,121.608137,11.698167,31.951967,8.1167,92.297 
2015.11.27,4:56,38.252128,121.60753,11.707733,31.949867,8.1174,92.073 
2015.11.27,4:57,38.250032,121.6069,11.715333,31.9484,8.1184,91.834 
2015.11.27,4:58,38.247987,121.6064,11.724533,31.9481,8.118167,91.603 
2015.11.27,4:59,38.245937,121.605965,11.7332,31.947667,8.118333,91.372 
2015.11.27,5:00,38.243972,121.605357,11.740367,31.947233,8.118133,91.147 
2015.11.27,5:01,38.241902,121.604892,11.736467,31.946733,8.1186,90.913 
2015.11.27,5:02,38.239773,121.604627,11.736967,31.946267,8.1187,90.677 
2015.11.27,5:03,38.237797,121.60433,11.733767,31.945633,8.1189,90.457 
2015.11.27,5:04,38.235745,121.603653,11.737367,31.9472,8.1182,90.221 
2015.11.27,5:05,38.233767,121.603372,11.7296,31.948633,8.117533,90.001 
2015.11.27,5:06,38.23171,121.603202,11.730867,31.950167,8.118333,89.774 
2015.11.27,5:07,38.229633,121.602705,11.730633,31.950033,8.119233,89.539 
2015.11.27,5:08,38.227677,121.602168,11.737333,31.951067,8.119467,89.317 
2015.11.27,5:09,38.225605,121.601557,11.743467,31.950533,8.119867,89.080 
2015.11.27,5:10,38.223648,121.601062,11.7407,31.95,8.119933,88.858 
2015.11.27,5:11,38.221533,121.600638,11.7448,31.949433,8.1201,88.621 
2015.11.27,5:12,38.219467,121.600447,11.7456,31.949267,8.1207,88.393 
2015.11.27,5:13,38.217407,121.600508,11.753433,31.949233,8.120833,88.170 
2015.11.27,5:14,38.215363,121.600122,11.760233,31.948,8.1212,87.940 
2015.11.27,5:15,38.213338,121.599632,11.756867,31.948533,8.120767,87.711 
2015.11.27,5:16,38.211282,121.599163,11.761367,31.948467,8.1206,87.479 
2015.11.27,5:17,38.209223,121.598682,11.7558,31.949333,8.1212,87.247 
2015.11.27,5:18,38.207172,121.598125,11.766,31.950333,8.121467,87.013 
2015.11.27,5:19,38.205155,121.597478,11.77,31.949533,8.1214,86.782 
2015.11.27,5:20,38.203182,121.596668,11.779367,31.9486,8.121867,86.553 
2015.11.27,5:21,38.201282,121.595845,11.7935,31.9467,8.122633,86.331 
2015.11.27,5:22,38.199303,121.595083,11.7962,31.9465,8.122233,86.102 
2015.11.27,5:23,38.197217,121.594452,11.802433,31.946567,8.122167,85.864 
2015.11.27,5:24,38.195278,121.593872,11.810367,31.946567,8.122533,85.642 
2015.11.27,5:25,38.193173,121.593297,11.818467,31.946867,8.1225,85.403 
2015.11.27,5:26,38.191177,121.592923,11.823833,31.947533,8.1239,85.179 
2015.11.27,5:27,38.189058,121.592472,11.823633,31.947767,8.124633,84.940 
2015.11.27,5:28,38.187095,121.59189,11.8286,31.948333,8.124367,84.716 
2015.11.27,5:29,38.185083,121.59128,11.840367,31.9486,8.124833,84.486 
2015.11.27,5:30,38.183065,121.590693,11.8443,31.948733,8.125367,84.256 
2015.11.27,5:31,38.181008,121.590218,11.853767,31.9491,8.1252,84.024 
2015.11.27,5:32,38.178942,121.589737,11.856867,31.949033,8.1255,83.790 
2015.11.27,5:33,38.176845,121.589035,11.865133,31.948933,8.125633,83.549 
2015.11.27,5:34,38.174935,121.588247,11.878,31.948467,8.1254,83.327 
2015.11.27,5:35,38.172907,121.587652,11.8825,31.947867,8.125533,83.096 
2015.11.27,5:36,38.170863,121.587168,11.885167,31.947533,8.125167,82.865 
2015.11.27,5:37,38.16888,121.586412,11.894467,31.947633,8.1251,82.635 
2015.11.27,5:38,38.166813,121.585648,11.8928,31.9473,8.125267,82.397 
2015.11.27,5:39,38.164857,121.585073,11.895967,31.947033,8.124567,82.174 
2015.11.27,5:40,38.162763,121.584405,11.904,31.946267,8.1249,81.934 
2015.11.27,5:41,38.16087,121.58357,11.901333,31.946067,8.124867,81.713 
2015.11.27,5:42,38.158787,121.583008,11.906767,31.9455,8.124333,81.476 
2015.11.27,5:43,38.15672,121.582787,11.9055,31.9448,8.123267,81.247 
2015.11.27,5:44,38.154808,121.582185,11.904033,31.9443,8.123,81.028 
2015.11.27,5:45,38.152795,121.581652,11.9089,31.9435,8.1221,80.799 
2015.11.27,5:46,38.150722,121.581097,11.8952,31.942833,8.1215,80.564 
2015.11.27,5:47,38.148763,121.580537,11.8979,31.9424,8.119967,80.341 
2015.11.27,5:48,38.146727,121.580068,11.896733,31.9407,8.1195,80.111 
2015.11.27,5:49,38.14468,121.57967,11.887467,31.941333,8.119333,79.881 
2015.11.27,5:50,38.142545,121.579412,11.888933,31.9409,8.1185,79.644 
2015.11.27,5:51,38.140532,121.579162,11.8889,31.940867,8.117833,79.420 
2015.11.27,5:52,38.138458,121.578532,11.886533,31.939467,8.117567,79.183 
2015.11.27,5:53,38.13651,121.577682,11.8782,31.939933,8.117033,78.956 
2015.11.27,5:54,38.134582,121.577015,11.870733,31.9401,8.116933,78.734 
2015.11.27,5:55,38.132527,121.57664,11.868967,31.9398,8.116633,78.504 
2015.11.27,5:56,38.130478,121.575957,11.859367,31.9406,8.1159,78.269 
2015.11.27,5:57,38.128612,121.575175,11.859833,31.9412,8.115333,78.051 
2015.11.27,5:58,38.126527,121.574657,11.8553,31.941933,8.116567,77.815 
2015.11.27,5:59,38.124605,121.574077,11.856933,31.942767,8.116967,77.596 
2015.11.27,6:00,38.122577,121.573562,11.849167,31.942567,8.117,77.366 
2015.11.27,6:01,38.120532,121.573,11.856567,31.9412,8.1177,77.133 
2015.11.27,6:02,38.118445,121.572772,11.871867,31.937567,8.119933,76.902 
2015.11.27,6:03,38.116493,121.572847,11.8859,31.936067,8.120833,76.691 
2015.11.27,6:04,38.114518,121.572218,11.902233,31.934,8.121833,76.465 
2015.11.27,6:05,38.112623,121.57188,11.928,31.930633,8.1226,76.253 
2015.11.27,6:06,38.110612,121.571618,11.948167,31.926533,8.124233,76.029 
2015.11.27,6:07,38.108578,121.57138,11.9685,31.921767,8.1253,75.804 
2015.11.27,6:08,38.106485,121.57112,11.993633,31.917633,8.127067,75.571 
2015.11.27,6:09,38.10447,121.571065,12.019467,31.914,8.128933,75.351 
2015.11.27,6:10,38.10243,121.570957,12.039233,31.910233,8.1301,75.128 
2015.11.27,6:11,38.100467,121.5705,12.0534,31.908267,8.130933,74.906 
2015.11.27,6:12,38.098483,121.569945,12.063667,31.9075,8.131233,74.680 
2015.11.27,6:13,38.096422,121.569977,12.0739,31.9063,8.131567,74.456 
2015.11.27,6:14,38.094658,121.569328,12.092333,31.903333,8.133467,74.253 
2015.11.27,6:15,38.092787,121.568472,12.0935,31.901,8.133567,74.034 
2015.11.27,6:16,38.090918,121.56806,12.099133,31.8986,8.133833,73.823 
2015.11.27,6:17,38.088982,121.56743,12.1078,31.8972,8.134133,73.601 
2015.11.27,6:18,38.087098,121.566553,12.118667,31.8938,8.1356,73.380 
2015.11.27,6:19,38.085142,121.56613,12.1307,31.8907,8.136633,73.159 
2015.11.27,6:20,38.083163,121.565978,12.140933,31.8862,8.138467,72.941 
2015.11.27,6:21,38.081205,121.565743,12.145167,31.883867,8.139267,72.724 
2015.11.27,6:22,38.079353,121.565,12.140933,31.882133,8.140467,72.509 
2015.11.27,6:23,38.077368,121.564608,12.126133,31.8811,8.141,72.286 
2015.11.27,6:24,38.075548,121.56386,12.1202,31.880667,8.141633,72.075 
2015.11.27,6:25,38.0737,121.563015,12.130833,31.877467,8.1431,71.858 
2015.11.27,6:26,38.07195,121.562102,12.122567,31.8749,8.143267,71.651 
2015.11.27,6:27,38.070023,121.561867,12.120067,31.874,8.1432,71.437 
2015.11.27,6:28,38.068192,121.561562,12.130833,31.872933,8.144133,71.233 
2015.11.27,6:29,38.066225,121.560988,12.131733,31.873433,8.145033,71.008 
2015.11.27,6:30,38.06431,121.560533,12.130833,31.873367,8.143967,70.792 
2015.11.27,6:31,38.062352,121.560285,12.127567,31.871733,8.144567,70.574 
2015.11.27,6:32,38.06037,121.560085,12.125267,31.869767,8.1459,70.355 
2015.11.27,6:33,38.058348,121.55978,12.115733,31.868867,8.146,70.130 
2015.11.27,6:34,38.05633,121.559525,12.1069,31.8664,8.1459,69.906 
2015.11.27,6:35,38.054345,121.559078,12.1114,31.864733,8.1461,69.682 
2015.11.27,6:36,38.052392,121.558498,12.106167,31.861767,8.146133,69.459 
2015.11.27,6:37,38.050335,121.558183,12.1041,31.857967,8.146267,69.230 
2015.11.27,6:38,38.048258,121.558045,12.106633,31.855033,8.146067,69.001 
2015.11.27,6:39,38.046365,121.557725,12.110767,31.850767,8.147033,68.790 
2015.11.27,6:40,38.044272,121.557595,12.104367,31.8484,8.147167,68.560 
2015.11.27,6:41,38.042255,121.557423,12.109833,31.846767,8.147667,68.338 
2015.11.27,6:42,38.04032,121.556745,12.099733,31.843633,8.1478,68.115 
2015.11.27,6:43,38.038403,121.556315,12.097433,31.841133,8.147867,67.899 
2015.11.27,6:44,38.036618,121.555463,12.088267,31.837633,8.1482,67.689 
2015.11.27,6:45,38.034678,121.555057,12.079167,31.8349,8.148133,67.470 
2015.11.27,6:46,38.032653,121.554782,12.067233,31.831633,8.148433,67.245 
2015.11.27,6:47,38.030665,121.554503,12.065367,31.829267,8.148467,67.024 
2015.11.27,6:48,38.028647,121.554143,12.069167,31.8287,8.1494,66.798 
2015.11.27,6:49,38.026665,121.553832,12.0596,31.8276,8.1496,66.577 
2015.11.27,6:50,38.024632,121.553477,12.0553,31.826567,8.149333,66.350 
2015.11.27,6:51,38.022608,121.552995,12.052667,31.825133,8.150667,66.121 
2015.11.27,6:52,38.020572,121.552675,12.041067,31.8223,8.150567,65.894 
2015.11.27,6:53,38.018587,121.552438,12.0304,31.821,8.151033,65.674 
2015.11.27,6:54,38.016555,121.552322,12.020533,31.818767,8.151167,65.451 
2015.11.27,6:55,38.014508,121.552167,12.015467,31.816567,8.151967,65.226 
2015.11.27,6:56,38.012583,121.551708,11.9949,31.814533,8.152133,65.008 
2015.11.27,6:57,38.010613,121.551132,11.9826,31.812667,8.1528,64.783 
2015.11.27,6:58,38.00874,121.550512,11.965467,31.811233,8.152933,64.568 
2015.11.27,6:59,38.006853,121.549712,11.942033,31.81,8.153667,64.348 
2015.11.27,7:00,38.004912,121.549448,11.9158,31.809067,8.1548,64.133 
2015.11.27,7:01,38.00295,121.549165,11.8904,31.8085,8.154933,63.914 
2015.11.27,7:02,38.001173,121.54827,11.887533,31.8086,8.155467,63.704 
2015.11.27,7:03,37.999443,121.547202,11.879067,31.8084,8.155367,63.496 
2015.11.27,7:04,37.997515,121.546535,11.864233,31.809333,8.156433,63.274 
2015.11.27,7:05,37.995602,121.545918,11.857067,31.81,8.156733,63.055 
2015.11.27,7:06,37.993638,121.545515,11.8412,31.809033,8.1563,62.834 
2015.11.27,7:07,37.991702,121.544982,11.827933,31.810833,8.155933,62.614 
2015.11.27,7:08,37.989818,121.544518,11.817567,31.811433,8.156067,62.400 
2015.11.27,7:09,37.987917,121.543835,11.810267,31.812967,8.155533,62.181 
2015.11.27,7:10,37.985965,121.543203,11.7895,31.814067,8.155667,61.957 
2015.11.27,7:11,37.984005,121.542797,11.777233,31.815567,8.155667,61.737 
2015.11.27,7:12,37.982075,121.542507,11.772,31.8175,8.155133,61.522 
2015.11.27,7:13,37.980013,121.542132,11.745267,31.8174,8.155,61.291 
2015.11.27,7:14,37.978,121.541893,11.718833,31.8192,8.154367,61.068 
2015.11.27,7:15,37.97597,121.541803,11.6917,31.819733,8.1541,60.846 
2015.11.27,7:16,37.973942,121.541637,11.658033,31.8198,8.153167,60.623 
2015.11.27,7:17,37.971923,121.541478,11.643533,31.817667,8.152,60.401 
2015.11.27,7:18,37.969953,121.541093,11.6175,31.8147,8.152233,60.179 
2015.11.27,7:19,37.968202,121.54032,11.563333,31.803267,8.152733,59.975 
2015.11.27,7:20,37.966303,121.539438,11.513067,31.799567,8.153033,59.752 
2015.11.27,7:21,37.964458,121.538828,11.486867,31.800233,8.152733,59.540 
2015.11.27,7:22,37.962547,121.53823,11.465133,31.7993,8.152867,59.321 
2015.11.27,7:23,37.960652,121.537627,11.4382,31.800633,8.152133,59.104 
2015.11.27,7:24,37.958792,121.536847,11.437233,31.8007,8.151833,58.887 
2015.11.27,7:25,37.956817,121.536158,11.4114,31.801467,8.152233,58.659 
2015.11.27,7:26,37.954965,121.535558,11.399433,31.802033,8.152333,58.447 
2015.11.27,7:27,37.953108,121.534745,11.389867,31.803567,8.1529,58.230 
2015.11.27,7:28,37.951288,121.533672,11.385733,31.803967,8.153267,58.012 
2015.11.27,7:29,37.94946,121.532983,11.3697,31.798633,8.153633,57.800 
2015.11.27,7:30,37.94748,121.532235,11.33,31.792933,8.153833,57.571 
2015.11.27,7:31,37.945578,121.53146,11.3091,31.788367,8.154167,57.350 
2015.11.27,7:32,37.943628,121.530952,11.288233,31.7781,8.1544,57.129 
2015.11.27,7:33,37.941807,121.530275,11.2737,31.7688,8.156033,56.918 
2015.11.27,7:34,37.93989,121.529658,11.245067,31.748567,8.1571,56.698 
2015.11.27,7:35,37.938007,121.52894,11.229967,31.737433,8.158433,56.480 
2015.11.27,7:36,37.93599,121.528512,11.217533,31.7289,8.159133,56.253 
2015.11.27,7:37,37.93422,121.52777,11.201067,31.7197,8.1597,56.047 
2015.11.27,7:38,37.932277,121.527115,11.1942,31.7135,8.1614,55.824 
2015.11.27,7:39,37.93039,121.526498,11.165933,31.710033,8.160933,55.607 
2015.11.27,7:40,37.928492,121.525872,11.139367,31.711367,8.160967,55.389 
2015.11.27,7:41,37.926642,121.525258,11.1317,31.712867,8.161933,55.177 
2015.11.27,7:42,37.924648,121.524642,11.126533,31.719367,8.161733,54.949 
2015.11.27,7:43,37.922763,121.524093,11.119067,31.721,8.161867,54.733 
2015.11.27,7:44,37.920827,121.523467,11.097,31.728633,8.161633,54.511 
2015.11.27,7:45,37.918882,121.522797,11.0903,31.7374,8.16,54.288 
2015.11.27,7:46,37.916865,121.522157,11.085567,31.740367,8.1592,54.056 
2015.11.27,7:47,37.914938,121.521453,11.095267,31.744033,8.158533,53.834 
2015.11.27,7:48,37.913028,121.52075,11.083733,31.743767,8.158467,53.613 
2015.11.27,7:49,37.911212,121.520032,11.072333,31.7423,8.158567,53.403 
2015.11.27,7:50,37.909223,121.51936,11.0525,31.740733,8.158867,53.174 
2015.11.27,7:51,37.907343,121.518735,11.043267,31.739467,8.1584,52.958 
2015.11.27,7:52,37.905395,121.518052,11.0318,31.736467,8.158033,52.734 
2015.11.27,7:53,37.903372,121.517378,11.0254,31.733633,8.1582,52.501 
2015.11.27,7:54,37.901412,121.516718,11.014233,31.728333,8.158667,52.276 
2015.11.27,7:55,37.899465,121.516063,10.991033,31.7222,8.159467,52.052 
2015.11.27,7:56,37.897495,121.515473,10.9903,31.716967,8.160133,51.827 
2015.11.27,7:57,37.895573,121.514957,10.967967,31.7131,8.160133,51.609 
2015.11.27,7:58,37.893585,121.514233,10.9488,31.7052,8.160233,51.379 
2015.11.27,7:59,37.891707,121.513632,10.927233,31.700133,8.160533,51.164 
2015.11.27,8:00,37.889778,121.512963,10.9014,31.690267,8.161433,50.942 
2015.11.27,8:01,37.887828,121.512338,10.881167,31.682133,8.161933,50.718 
2015.11.27,8:02,37.885853,121.51169,10.836333,31.673367,8.1623,50.492 
2015.11.27,8:03,37.88391,121.511027,10.816033,31.6733,8.162767,50.268 
2015.11.27,8:04,37.881913,121.510308,10.7981,31.6704,8.1627,50.038 
2015.11.27,8:05,37.880012,121.509712,10.777167,31.669567,8.163933,49.820 
2015.11.27,8:06,37.878085,121.508993,10.767233,31.671433,8.164333,49.597 
2015.11.27,8:07,37.876117,121.508427,10.746767,31.671333,8.164267,49.373 
2015.11.27,8:08,37.87414,121.507838,10.7415,31.672767,8.164267,49.147 
2015.11.27,8:09,37.872202,121.507132,10.730467,31.6726,8.1647,48.923 
2015.11.27,8:10,37.870207,121.506638,10.6983,31.671533,8.164633,48.697 
2015.11.27,8:11,37.868178,121.505952,10.668567,31.672367,8.1653,48.464 
2015.11.27,8:12,37.866318,121.505252,10.660167,31.6733,8.164167,48.249 
2015.11.27,8:13,37.864367,121.504567,10.646667,31.6744,8.1638,48.024 
2015.11.27,8:14,37.862398,121.503963,10.614767,31.674567,8.163933,47.799 
2015.11.27,8:15,37.860435,121.503362,10.595233,31.6765,8.163933,47.575 
2015.11.27,8:16,37.858447,121.50284,10.574133,31.6789,8.163433,47.349 
2015.11.27,8:17,37.856418,121.502205,10.555267,31.6797,8.163,47.117 
2015.11.27,8:18,37.854508,121.501598,10.550167,31.6835,8.163033,46.898 
2015.11.27,8:19,37.852467,121.500928,10.528067,31.6857,8.162867,46.664 
2015.11.27,8:20,37.850563,121.500252,10.503533,31.6875,8.162867,46.444 
2015.11.27,8:21,37.84859,121.499555,10.499467,31.688167,8.163,46.217 
2015.11.27,8:22,37.846597,121.498738,10.480833,31.689133,8.162633,45.985 
2015.11.27,8:23,37.84469,121.498055,10.444833,31.6929,8.161767,45.765 
2015.11.27,8:24,37.842728,121.497338,10.417833,31.695833,8.161167,45.539 
2015.11.27,8:25,37.84074,121.49653,10.428933,31.6983,8.1618,45.308 
2015.11.27,8:26,37.83877,121.495855,10.411733,31.698767,8.1612,45.081 
2015.11.27,8:27,37.836883,121.495128,10.391167,31.702033,8.1613,44.863 
2015.11.27,8:28,37.834925,121.494333,10.385733,31.703567,8.161333,44.636 
2015.11.27,8:29,37.832953,121.493603,10.360333,31.705467,8.160567,44.408 
2015.11.27,8:30,37.83099,121.492862,10.343733,31.7121,8.160533,44.181 
2015.11.27,8:31,37.829038,121.492042,10.344933,31.718933,8.160367,43.954 
2015.11.27,8:32,37.82706,121.491397,10.329833,31.7232,8.159967,43.727 
2015.11.27,8:33,37.825095,121.490752,10.286,31.728333,8.1603,43.501 
2015.11.27,8:34,37.82309,121.489945,10.268633,31.734833,8.159833,43.269 
2015.11.27,8:35,37.82119,121.489245,10.2777,31.737933,8.158633,43.049 
2015.11.27,8:36,37.81925,121.488445,10.251333,31.743233,8.159267,42.824 
2015.11.27,8:37,37.81721,121.487747,10.240667,31.7481,8.1587,42.589 
2015.11.27,8:38,37.815193,121.487228,10.2315,31.7568,8.159333,42.360 
2015.11.27,8:39,37.813257,121.486697,10.2192,31.762267,8.1589,42.140 
2015.11.27,8:40,37.811232,121.486163,10.201767,31.765767,8.158667,41.910 
2015.11.27,8:41,37.809127,121.48562,10.210167,31.773467,8.158667,41.671 
2015.11.27,8:42,37.80715,121.485113,10.215233,31.776633,8.158,41.447 
2015.11.27,8:43,37.805135,121.484595,10.206633,31.7784,8.158833,41.218 
2015.11.27,8:44,37.80307,121.484632,10.2045,31.782567,8.158433,40.994 
2015.11.27,8:45,37.800995,121.484448,10.190867,31.785033,8.159567,40.765 
2015.11.27,8:46,37.798958,121.484103,10.1781,31.7882,8.158833,40.537 
2015.11.27,8:47,37.796892,121.483872,10.197433,31.7905,8.158233,40.308 
2015.11.27,8:48,37.794835,121.483493,10.184533,31.790467,8.158333,40.077 
2015.11.27,8:49,37.792773,121.483185,10.183633,31.790067,8.158,39.847 
2015.11.27,8:50,37.790707,121.482858,10.161033,31.791567,8.157667,39.616 
2015.11.27,8:51,37.788573,121.482592,10.167033,31.790733,8.1575,39.379 
2015.11.27,8:52,37.786502,121.482305,10.156,31.791733,8.1576,39.149 
2015.11.27,8:53,37.784438,121.481953,10.162233,31.790933,8.1575,38.918 
2015.11.27,8:54,37.782347,121.481743,10.169267,31.7895,8.158067,38.687 
2015.11.27,8:55,37.78026,121.481448,10.1693,31.790367,8.157967,38.454 
2015.11.27,8:56,37.778203,121.481002,10.156667,31.789667,8.1574,38.222 
2015.11.27,8:57,37.77613,121.48072,10.1748,31.787167,8.157867,37.992 
2015.11.27,8:58,37.774143,121.48038,10.141467,31.787,8.1581,37.769 
2015.11.27,8:59,37.772067,121.48018,10.1624,31.786067,8.157367,37.540 
2015.11.27,9:00,37.769985,121.480075,10.152867,31.783733,8.157533,37.312 
2015.11.27,9:01,37.767897,121.479863,10.1315,31.7836,8.1577,37.081 
2015.11.27,9:02,37.765808,121.47959,10.1287,31.782133,8.158067,36.849 
2015.11.27,9:03,37.7637,121.479417,10.129133,31.782133,8.157033,36.617 
2015.11.27,9:04,37.76161,121.479135,10.113033,31.779433,8.156667,36.384 
2015.11.27,9:05,37.759467,121.47892,10.115533,31.776567,8.157433,36.148 
2015.11.27,9:06,37.757372,121.478577,10.082967,31.776567,8.1575,35.914 
2015.11.27,9:07,37.755382,121.47822,10.098033,31.773967,8.157667,35.691 
2015.11.27,9:08,37.753253,121.477915,10.100067,31.776133,8.157267,35.454 
2015.11.27,9:09,37.751197,121.477622,10.079933,31.770267,8.1575,35.225 
2015.11.27,9:10,37.749125,121.47731,10.0595,31.769633,8.157567,34.994 
2015.11.27,9:11,37.747113,121.477023,10.046867,31.768133,8.1571,34.770 
2015.11.27,9:12,37.745062,121.476605,10.028767,31.766967,8.1576,34.540 
2015.11.27,9:13,37.742998,121.475913,10.0068,31.765233,8.157733,34.303 
2015.11.27,9:14,37.741037,121.475392,9.986667,31.762167,8.157333,34.080 
2015.11.27,9:15,37.738992,121.474862,9.9567,31.756767,8.158467,33.848 
2015.11.27,9:16,37.736883,121.474323,9.931767,31.7542,8.1584,33.608 
2015.11.27,9:17,37.734832,121.473847,9.945833,31.748267,8.1584,33.377 
2015.11.27,9:18,37.732783,121.473342,9.896467,31.739467,8.1592,33.145 
2015.11.27,9:19,37.73081,121.472845,9.885533,31.737333,8.1588,32.921 
2015.11.27,9:20,37.7287,121.472347,9.881533,31.728733,8.159167,32.683 
2015.11.27,9:21,37.726633,121.471873,9.832233,31.7242,8.159467,32.449 
2015.11.27,9:22,37.724565,121.471357,9.8152,31.725367,8.159733,32.215 
2015.11.27,9:23,37.72253,121.470817,9.812233,31.723033,8.1601,31.984 
2015.11.27,9:24,37.720558,121.470355,9.796567,31.722567,8.160867,31.761 
2015.11.27,9:25,37.718512,121.469888,9.7707,31.719667,8.1613,31.530 
2015.11.27,9:26,37.716405,121.469445,9.7241,31.7044,8.1621,31.293 
2015.11.27,9:27,37.714418,121.469033,9.6848,31.6916,8.163533,31.069 
2015.11.27,9:28,37.712398,121.468557,9.6486,31.658733,8.1672,30.841 
2015.11.27,9:29,37.710307,121.468017,9.599533,31.6363,8.1712,30.604 
2015.11.27,9:30,37.70825,121.46749,9.594133,31.6168,8.1756,30.371 
2015.11.27,9:31,37.70623,121.466898,9.579733,31.607467,8.177333,30.140 
2015.11.27,9:32,37.704208,121.466282,9.571133,31.604167,8.1779,29.909 
2015.11.27,9:33,37.70217,121.465812,9.575533,31.604033,8.178,29.679 
2015.11.27,9:34,37.70018,121.46547,9.5577,31.604067,8.177167,29.456 
2015.11.27,9:35,37.698123,121.46503,9.569667,31.597467,8.178133,29.225 
2015.11.27,9:36,37.696072,121.464652,9.5563,31.581867,8.1802,28.995 
2015.11.27,9:37,37.69395,121.464225,9.548967,31.5695,8.181433,28.757 
2015.11.27,9:38,37.691887,121.463812,9.551233,31.558133,8.1836,28.525 
2015.11.27,9:39,37.68981,121.46352,9.5588,31.551333,8.183967,28.294 
2015.11.27,9:40,37.68779,121.463247,9.5409,31.5423,8.1853,28.070 
2015.11.27,9:41,37.685708,121.462908,9.5482,31.5339,8.1862,27.838 
2015.11.27,9:42,37.68363,121.462548,9.5295,31.5249,8.188467,27.606 
2015.11.27,9:43,37.68151,121.462102,9.514167,31.518733,8.190133,27.367 
2015.11.27,9:44,37.679445,121.461678,9.494333,31.513433,8.1915,27.135 
2015.11.27,9:45,37.677358,121.46133,9.496967,31.511033,8.1932,26.902 
2015.11.27,9:46,37.675348,121.46094,9.479967,31.505833,8.195,26.677 
2015.11.27,9:47,37.673255,121.460605,9.478467,31.505533,8.195867,26.444 
2015.11.27,9:48,37.6712,121.46009,9.471333,31.507833,8.196567,26.211 
2015.11.27,9:49,37.669038,121.45987,9.4612,31.5074,8.196233,25.973 
2015.11.27,9:50,37.667032,121.459513,9.4557,31.5038,8.196667,25.748 
2015.11.27,9:51,37.664933,121.459353,9.4394,31.4989,8.1963,25.518 
2015.11.27,9:52,37.66278,121.459018,9.434367,31.4958,8.196733,25.279 
2015.11.27,9:53,37.660755,121.458852,9.4425,31.4896,8.196567,25.057 
2015.11.27,9:54,37.658677,121.458568,9.428967,31.4768,8.195833,24.826 
2015.11.27,9:55,37.656595,121.458202,9.434533,31.456333,8.195,24.594 
2015.11.27,9:56,37.654517,121.457917,9.468167,31.429867,8.193267,24.364 
2015.11.27,9:57,37.652453,121.457513,9.4726,31.417567,8.191567,24.132 
2015.11.27,9:58,37.650392,121.457167,9.488533,31.403533,8.190833,23.903 
2015.11.27,9:59,37.64826,121.456728,9.4961,31.3948,8.1894,23.663 
2015.11.27,10:00,37.646272,121.456395,9.511867,31.387533,8.1885,23.442 
2015.11.27,10:01,37.644218,121.455968,9.510467,31.3842,8.188233,23.211 
2015.11.27,10:02,37.642053,121.455515,9.512433,31.377967,8.187567,22.968 
2015.11.27,10:03,37.64008,121.455172,9.5161,31.371633,8.186267,22.748 
2015.11.27,10:04,37.637988,121.454693,9.5323,31.366567,8.1858,22.512 
2015.11.27,10:05,37.6359,121.454318,9.540633,31.3605,8.185367,22.279 
2015.11.27,10:06,37.63379,121.454035,9.562767,31.352733,8.1854,22.046 
2015.11.27,10:07,37.631703,121.453773,9.562167,31.344433,8.185,21.816 
2015.11.27,10:08,37.629602,121.45347,9.562167,31.336967,8.1842,21.583 
2015.11.27,10:09,37.627492,121.453118,9.505767,31.297933,8.1847,21.348 
2015.11.27,10:10,37.625383,121.452853,9.448167,31.245467,8.184033,21.116 
2015.11.27,10:11,37.623205,121.452577,9.436967,31.2034,8.184133,20.876 
2015.11.27,10:12,37.621107,121.45229,9.408333,31.155567,8.182667,20.644 
2015.11.27,10:13,37.619128,121.45195,9.382133,31.134467,8.1803,20.424 
2015.11.27,10:14,37.617042,121.451632,9.386933,31.117567,8.179567,20.193 
2015.11.27,10:15,37.61493,121.451245,9.343833,31.079667,8.178467,19.957 
2015.11.27,10:16,37.612827,121.450832,9.312233,31.046533,8.176133,19.722 
2015.11.27,10:17,37.610752,121.450438,9.2886,31.026267,8.173667,19.491 
2015.11.27,10:18,37.608732,121.450007,9.2904,31.041667,8.171967,19.264 
2015.11.27,10:19,37.606645,121.449555,9.3179,31.0519,8.171867,19.030 
2015.11.27,10:20,37.604482,121.44911,9.332133,31.030467,8.171333,18.788 
2015.11.27,10:21,37.602437,121.448703,9.335633,31.024467,8.169267,18.559 
2015.11.27,10:22,37.600475,121.447838,9.351933,31.0311,8.168733,18.329 
2015.11.27,10:23,37.598432,121.446817,9.364533,31.042167,8.168433,18.086 
2015.11.27,10:24,37.596383,121.445842,9.376133,31.050967,8.168733,17.843 
2015.11.27,10:25,37.594407,121.444955,9.3847,31.0688,8.169133,17.610 
2015.11.27,10:26,37.592437,121.444075,9.3935,31.078833,8.169633,17.378 
2015.11.27,10:27,37.590422,121.443172,9.378333,31.0537,8.1697,17.141 
2015.11.27,10:28,37.5884,121.442258,9.359767,31.0111,8.168,16.903 
2015.11.27,10:29,37.586452,121.441018,9.339933,30.9845,8.166567,16.665 
2015.11.27,10:30,37.584693,121.439512,9.310533,30.9617,8.164867,16.441 
2015.11.27,10:31,37.583038,121.437818,9.300133,30.962667,8.163367,16.225 
2015.11.27,10:32,37.581522,121.436007,9.326067,30.975267,8.162433,16.022 
2015.11.27,10:33,37.580375,121.433698,9.344133,30.968567,8.161233,15.848 
2015.11.27,10:34,37.57958,121.431238,9.364067,30.9673,8.160633,15.712 
2015.11.27,10:35,37.579017,121.42877,9.3967,30.987633,8.161267,15.603 
2015.11.27,10:36,37.578668,121.426023,9.3905,30.970533,8.161,15.514 
2015.11.27,10:37,37.578685,121.423368,9.3948,30.9572,8.159333,15.471 
2015.11.27,10:38,37.578817,121.420617,9.412233,30.953567,8.158233,15.442 
2015.11.27,10:39,37.57903,121.417943,9.396233,30.9308,8.1572,15.427 
2015.11.27,10:40,37.579537,121.415315,9.4159,30.9321,8.155533,15.449 
2015.11.27,10:41,37.580942,121.414112,9.425333,30.935133,8.155067,15.589 
2015.11.27,10:42,37.582748,121.413872,9.450033,30.904467,8.1546,15.786 
2015.11.27,10:43,37.584495,121.413653,9.418333,30.8758,8.1535,15.976 
2015.11.27,10:44,37.586202,121.413412,9.3988,30.8667,8.151567,16.161 
2015.11.27,10:45,37.587802,121.413225,9.368567,30.861733,8.149533,16.336 
2015.11.27,10:46,37.589158,121.413088,9.318567,30.863133,8.1478,16.484 
2015.11.27,10:47,37.590398,121.412937,9.310533,30.8719,8.147833,16.620 
2015.11.27,10:48,37.591502,121.412638,9.347733,30.880567,8.149267,16.738 
2015.11.27,10:49,37.59234,121.412157,9.392967,30.8877,8.1498,16.826 
2015.11.27,10:50,37.593102,121.411778,9.4426,30.896533,8.1504,16.907 
2015.11.27,10:51,37.593743,121.411318,9.471267,30.899733,8.151033,16.973 
2015.11.27,10:52,37.594138,121.410793,9.501933,30.902033,8.1498,17.012 
2015.11.27,10:53,37.59425,121.410515,9.5021,30.889433,8.1475,17.022 
2015.11.27,10:54,37.594255,121.410508,9.513767,30.8963,8.145433,17.022 
2015.11.27,10:55,37.59427,121.410212,9.523433,30.898533,8.144333,17.021 
2015.11.27,10:56,37.594277,121.410105,9.533867,30.9018,8.145067,17.021 
2015.11.27,10:57,37.594267,121.41008,9.5484,30.900667,8.144767,17.020 
2015.11.27,10:58,37.594257,121.409865,9.545867,30.893467,8.1446,17.017 
2015.11.27,10:59,37.594263,121.409845,9.554033,30.896433,8.143933,17.017 
2015.11.27,11:00,37.594257,121.409762,9.556767,30.896267,8.142867,17.016 
2015.11.27,11:01,37.594265,121.409715,9.553333,30.890267,8.1434,17.016 
2015.11.27,11:02,37.594413,121.409513,9.553067,30.8965,8.143233,17.031 
2015.11.27,11:03,37.594613,121.40964,9.545,30.893967,8.142967,17.054 
2015.11.27,11:04,37.594647,121.409678,9.5558,30.896533,8.143167,17.058 
2015.11.27,11:05,37.594668,121.409673,9.538867,30.890367,8.143333,17.061 
2015.11.27,11:06,37.594728,121.409663,9.5399,30.8924,8.1431,17.067 
2015.11.27,11:07,37.594753,121.409662,9.545633,30.891267,8.1425,17.070 
2015.11.27,11:08,37.594815,121.409673,9.540267,30.888767,8.1429,17.077 
2015.11.27,11:09,37.594833,121.409673,9.540567,30.889567,8.142667,17.079 
2015.11.27,11:10,37.594872,121.409663,9.537633,30.8889,8.142667,17.083 
