Time,Latitude,Temperature,Salinity,pH
2015.10 ,37.7 ,19.229917,30.88775,7.983118
2015.10 ,37.8 ,19.005667,31.3157,8.0989
2015.10 ,37.9 ,18.962267,31.3565,8.1049
2015.10 ,38.0 ,18.543567,31.5509,8.1528
2015.10 ,38.1 ,18.2298,31.612033,8.167333
2015.10 ,38.2 ,17.906833,31.7454,8.148067
2015.10 ,38.3 ,18.777033,31.8986,8.202367
2015.10 ,38.4 ,18.449333,31.9255,8.207833
2015.10 ,38.5 ,18.766467,31.976367,8.210333
2015.10 ,38.6 ,18.796667,32.017333,8.2085
2015.10 ,38.7 ,18.766633,31.9727,8.201233
2015.10 ,38.8 ,18.726433,31.958333,8.1917
2015.10 ,38.9 ,18.144,31.742967,8.057933
2015.10 ,39.0 ,18.2394,31.7185,8.017967
2015.10 ,38.9 ,16.759467,31.640667,8.0828
2015.10 ,38.8 ,17.549067,31.772967,8.171633
2015.10 ,38.7 ,17.8676,31.986,8.190433
2015.10 ,38.6 ,18.0523,31.965733,8.2185
2015.10 ,38.5 ,18.114333,31.937433,8.2198
2015.10 ,38.4 ,18.2833,31.9414,8.219933
2015.10 ,38.3 ,17.997067,31.871533,8.188733
2015.10 ,38.2 ,17.741133,31.791767,8.166967
2015.10 ,38.1 ,17.982533,31.757467,8.157533
2015.10 ,38.0 ,18.0443,31.674233,8.128633
2015.10 ,37.9 ,18.451533,31.589067,8.131433
2015.10 ,37.8 ,19.092267,31.314533,8.137067
2015.10 ,37.7 ,19.2883,31.148833,8.145533
2015.11 ,37.6 ,19.356467,30.955733,8.096367
2015.11 ,37.7 ,14.110214,30.923893,8.181786
2015.11 ,37.8 ,14.330733,31.3056,8.1697
2015.11 ,37.9 ,14.5264,31.4984,8.145933
2015.11 ,38.0 ,14.695533,31.5185,8.140467
2015.11 ,38.1 ,14.7989,31.6984,8.127333
2015.11 ,38.2 ,14.470267,31.9126,8.1157
2015.11 ,38.3 ,14.3191,31.881,8.110233
2015.11 ,38.4 ,14.7613,31.8825,8.130167
2015.11 ,38.5 ,14.6087,31.9728,8.158533
2015.11 ,38.6 ,14.6126,32.084333,8.111833
2015.11 ,38.7 ,14.7338,31.989433,8.092233
2015.11 ,38.8 ,14.7255,31.972367,8.068833
2015.11 ,38.9 ,14.601767,31.901167,8.059833
2015.11 ,39.0 ,13.6814,31.860833,8.059533
2015.11 ,38.9 ,13.231933,31.869367,8.062533
2015.11 ,38.8 ,14.330067,31.996633,8.0869
2015.11 ,38.7 ,14.452533,32.0349,8.097733
2015.11 ,38.6 ,14.4215,31.968267,8.093567
2015.11 ,38.5 ,14.4335,32.067033,8.153867
2015.11 ,38.4 ,14.422233,32.027233,8.1543
2015.11 ,38.3 ,14.521,31.881067,8.142
2015.11 ,38.2 ,14.1464,31.893067,8.123667
2015.11 ,38.1 ,14.4496,31.823433,8.137467
2015.11 ,38.0 ,14.674633,31.7306,8.134733
2015.11 ,37.9 ,14.564867,31.5487,8.155333
2015.11 ,37.8 ,14.3088,31.458333,8.158867
2015.11 ,37.7 ,13.995133,30.947,8.196367
2015.11 ,37.6 ,14.039733,30.7129,8.182433
2015.11 ,37.7 ,14.2273,30.743967,8.176067
2015.11 ,37.8 ,14.2292,31.0289,8.1931
2015.11 ,37.9 ,14.405867,31.423833,8.161767
2015.11 ,38.0 ,14.687,31.525367,8.145867
2015.11 ,38.1 ,14.915667,31.7025,8.1312
2015.11 ,38.2 ,14.727633,31.851233,8.126267
2015.11 ,38.3 ,14.4546,31.861333,8.117167
2015.11 ,38.4 ,14.6697,31.864633,8.127167
2015.11 ,38.5 ,14.591033,31.963033,8.131267
2015.11 ,38.6 ,14.7304,32.029567,8.130233
2015.11 ,38.7 ,14.836767,31.961167,8.074467
2015.11 ,38.8 ,14.908467,31.966733,8.0755
2015.11 ,38.9 ,14.620267,31.906867,8.0653
2015.11 ,39.0 ,14.179667,31.8572,8.0538
2015.11 ,38.9 ,14.2769,32.004433,8.094367
2015.11 ,38.8 ,14.3337,32.008233,8.098167
2015.11 ,38.7 ,14.497533,32.058667,8.128367
2015.11 ,38.6 ,14.560833,31.991867,8.0996
2015.11 ,38.5 ,14.440833,31.9678,8.1462
2015.11 ,38.4 ,14.444833,31.9798,8.1484
2015.11 ,38.3 ,14.392267,31.861667,8.1419
2015.11 ,38.2 ,14.378367,31.883567,8.132767
2015.11 ,38.1 ,14.517767,31.8672,8.133467
2015.11 ,38.0 ,14.654,31.793233,8.139767
2015.11 ,37.9 ,14.602633,31.583233,8.160033
2015.11 ,37.8 ,13.992067,30.978633,8.210067
2015.11 ,37.7 ,14.008933,30.848433,8.194733
2015.11 ,37.6 ,14.088133,30.792167,8.1846
2015.11 ,37.7 ,14.5813,30.918467,8.176433
2015.11 ,37.8 ,14.382667,31.109633,8.189167
2015.11 ,37.9 ,14.464667,31.3937,8.1675
2015.11 ,38.0 ,14.7096,31.501933,8.154033
2015.11 ,38.1 ,14.896233,31.690933,8.144
2015.11 ,38.2 ,14.853867,31.7964,8.133867
2015.11 ,38.3 ,14.601167,31.859567,8.134467
2015.11 ,38.4 ,14.486833,31.86,8.1414
2015.11 ,38.5 ,14.624533,31.879167,8.1473
2015.11 ,38.6 ,14.512267,31.9122,8.136933
2015.11 ,38.7 ,14.7059,31.953467,8.081433
2015.11 ,38.8 ,14.7344,31.940433,8.077733
2015.11 ,38.9 ,14.205433,31.864667,8.065
2015.11 ,38.8 ,12.868333,31.885033,7.3803
2015.11 ,38.9 ,13.082033,31.941867,7.923267
2015.11 ,39.0 ,13.1475,31.9397,8.0518
2015.11 ,38.9 ,12.2903,31.9381,8.020533
2015.11 ,38.8 ,12.968967,31.981767,8.0944
2015.11 ,38.7 ,13.672367,31.983733,8.104733
2015.11 ,38.6 ,14.026133,32.0183,8.121267
2015.11 ,38.5 ,13.9455,32.036533,8.129733
2015.11 ,38.4 ,13.8542,31.895433,8.158767
2015.11 ,38.3 ,13.879367,31.874133,8.157867
2015.11 ,38.2 ,13.8021,31.8736,8.129867
2015.11 ,38.1 ,14.255367,31.832533,8.139067
2015.11 ,38.0 ,14.253933,31.625233,8.162567
2015.11 ,37.9 ,13.9885,31.512,8.175367
2015.11 ,37.8 ,13.869367,31.484033,8.1671
2015.11 ,37.7 ,13.8438,31.105967,8.1774
2015.11 ,37.6 ,13.786067,31.025,8.1771
2015.11 ,37.7 ,13.326167,30.945867,8.161767
2015.11 ,37.8 ,13.451167,31.041433,8.168633
2015.11 ,37.9 ,13.5374,31.456133,8.160167
2015.11 ,38.0 ,13.6465,31.5117,8.1653
2015.11 ,38.1 ,13.9943,31.6064,8.148067
2015.11 ,38.2 ,14.138933,31.798633,8.132333
2015.11 ,38.3 ,13.746833,31.854733,8.127867
2015.11 ,38.4 ,13.748033,31.8513,8.1359
2015.11 ,38.5 ,13.837467,31.958267,8.130067
2015.11 ,38.6 ,14.035233,32.032233,8.114467
2015.11 ,38.7 ,14.1829,32.046633,8.124267
2015.11 ,38.8 ,13.886733,31.991633,8.100667
2015.11 ,38.9 ,13.6067,31.962067,8.091767
2015.11 ,39.0 ,13.045333,31.945367,8.086
2015.11 ,38.9 ,8.438733,32.080367,7.9779
2015.11 ,38.8 ,11.014433,32.107067,8.116567
2015.11 ,38.7 ,11.952933,32.092033,8.119167
2015.11 ,38.6 ,11.7679,32.088267,8.127067
2015.11 ,38.5 ,12.243867,32.109567,8.137233
2015.11 ,38.4 ,12.210833,32.086233,8.118567
2015.11 ,38.3 ,11.705133,32.048,8.100267
2015.11 ,38.2 ,11.724533,31.9481,8.118167
2015.11 ,38.1 ,11.8979,31.9424,8.119967
2015.11 ,38.0 ,12.106633,31.855033,8.146067
2015.11 ,37.9 ,11.3697,31.798633,8.153633
2015.11 ,37.8 ,10.499467,31.688167,8.163
2015.11 ,37.7 ,10.0595,31.769633,8.157567
2015.11 ,37.6 ,9.4961,31.3948,8.1894
2015.11 ,37.7 ,9.0194,31.3543,8.156367
2015.11 ,37.8 ,9.705833,31.759967,8.168933
2015.11 ,37.9 ,10.1649,31.653867,8.181933
2015.11 ,38.0 ,11.0001,31.790567,8.170233
2015.11 ,38.1 ,11.867,31.864567,8.1597
2015.11 ,38.2 ,11.732633,31.944167,8.137067
2015.11 ,38.3 ,11.475233,31.9812,8.114
2015.11 ,38.4 ,11.522767,32.076067,8.0892
2015.11 ,38.5 ,11.960133,32.098833,8.1156
2015.11 ,38.6 ,11.576033,32.030033,8.120533
2015.11 ,38.7 ,11.5302,31.994833,8.1099
2015.11 ,38.8 ,10.215,31.982733,8.111867
2015.11 ,38.9 ,10.113233,32.019633,8.108333
2015.11 ,39.0 ,9.7935,32.014833,8.104133
2015.12 ,38.9 ,8.5225,32.019133,7.9683
2015.12 ,38.8 ,9.329133,32.007467,8.115967
2015.12 ,38.7 ,10.0075,32.0046,8.1319
2015.12 ,38.8 ,10.115067,32.008333,8.1345
2015.12 ,38.9 ,10.070867,32.015667,8.138367
2015.12 ,39.0 ,9.207367,32.031733,8.123
2015.12 ,38.9 ,8.611633,32.0606,8.109
2015.12 ,38.8 ,9.2,32.011033,8.1479
2015.12 ,38.7 ,10.525333,32.038633,8.1484
2015.12 ,38.6 ,10.754333,32.068367,8.145967
2015.12 ,38.5 ,11.261067,32.126367,8.150533
2015.12 ,38.4 ,11.1706,32.099,8.148233
2015.12 ,38.3 ,11.187733,32.1123,8.145267
2015.12 ,38.2 ,10.647733,32.0571,8.114
2015.12 ,38.1 ,10.724633,31.999167,8.1345
2015.12 ,38.0 ,10.8544,31.9718,8.163933
2015.12 ,37.9 ,10.162167,31.947833,8.180133
2015.12 ,37.8 ,9.214833,31.9369,8.188567
2015.12 ,37.7 ,8.620133,31.884567,8.188867
2015.12 ,37.6 ,7.815233,31.441533,8.203333
2015.12 ,37.7 ,11.575733,31.387867,8.0587
2015.12 ,37.8 ,11.575733,31.894067,8.0651
2015.12 ,37.9 ,11.575733,31.936067,8.0903
2015.12 ,38.0 ,11.575733,31.926467,8.102667
2015.12 ,38.1 ,11.575733,31.971767,8.102267
2015.12 ,38.2 ,11.575733,31.979933,8.099933
2015.12 ,38.3 ,11.575733,32.0688,8.070567
2015.12 ,38.4 ,11.575733,32.0976,8.095367
2015.12 ,38.5 ,11.575733,32.0503,8.1134
2015.12 ,38.6 ,11.575733,32.138933,8.114333
2015.12 ,38.7 ,11.575733,32.114333,8.110867
2015.12 ,38.8 ,11.575733,32.057533,8.1152
2015.12 ,38.9 ,11.575733,32.068733,8.1148
2015.12 ,39.0 ,11.575733,31.831333,8.111833
2015.12 ,37.6 ,9.950667,31.063833,7.888176
2015.12 ,37.7 ,7.877667,31.336533,8.190133
2015.12 ,37.8 ,8.493267,31.879533,8.1798
2015.12 ,37.9 ,8.9512,31.931433,8.1792
2015.12 ,38.0 ,9.921033,31.929833,8.176533
2015.12 ,38.1 ,10.650833,31.966967,8.163133
2015.12 ,38.2 ,10.674167,31.9849,8.1504
2015.12 ,38.3 ,10.8424,32.1096,8.124333
2015.12 ,38.4 ,10.957567,32.1075,8.132767
2015.12 ,38.5 ,10.898067,32.034567,8.1463
2015.12 ,38.6 ,11.346867,32.142233,8.1453
2015.12 ,38.7 ,11.1641,32.102,8.1403
2015.12 ,38.8 ,10.8679,32.072833,8.1402
2015.12 ,38.9 ,10.536567,32.041,8.142733
2015.12 ,39.0 ,9.1614,31.988867,8.147667
2015.12 ,38.9 ,8.970567,31.9853,8.117133
2015.12 ,38.8 ,10.213033,32.071267,8.1247
2015.12 ,38.7 ,10.570933,32.075467,8.1387
2015.12 ,38.6 ,10.9441,32.096067,8.150567
2015.12 ,38.5 ,11.1418,32.144733,8.152633
2015.12 ,38.4 ,10.775,32.0384,8.1535
2015.12 ,38.3 ,10.746267,32.107367,8.1282
2015.12 ,38.2 ,10.600567,32.0513,8.141533
2015.12 ,38.1 ,10.621133,31.992767,8.148833
2015.12 ,38.0 ,10.640633,31.9798,8.1533
2015.12 ,37.9 ,10.288767,31.9254,8.185067
2015.12 ,37.8 ,9.5694,31.9182,8.187133
2015.12 ,37.7 ,8.0215,31.6234,8.2068
2015.12 ,37.6 ,7.732133,31.2983,8.2066
2015.12 ,37.4 ,9.548273,31.133455,7.459179
2015.12 ,37.5 ,6.925667,31.0152,8.0401
2015.12 ,37.6 ,7.388467,31.2845,8.1817
2015.12 ,37.7 ,7.561133,31.513367,8.1853
2015.12 ,37.8 ,8.3131,31.894233,8.174067
2015.12 ,37.9 ,9.323733,31.946333,8.178467
2015.12 ,38.0 ,9.9238,31.938767,8.177767
2015.12 ,38.1 ,10.186567,31.9475,8.1715
2015.12 ,38.2 ,10.365567,31.9979,8.139433
2015.12 ,38.3 ,10.364467,32.041067,8.126933
2015.12 ,38.4 ,10.708,32.1291,8.129933
2015.12 ,38.5 ,10.7862,32.081633,8.1489
2015.12 ,38.6 ,10.817667,32.1406,8.143067
2015.12 ,38.7 ,10.757833,32.131733,8.1367
2015.12 ,38.8 ,10.7184,32.129767,8.1272
2015.12 ,38.9 ,10.143833,32.067933,8.142933
2015.12 ,39.0 ,9.5004,32.028933,8.148967
2015.12 ,38.9 ,7.984533,31.9413,8.1232
2015.12 ,38.8 ,9.448367,32.025967,8.140133
2015.12 ,38.7 ,10.388233,32.101767,8.136567
2015.12 ,38.6 ,10.605567,32.131733,8.139433
2015.12 ,38.5 ,10.588167,32.066033,8.1517
2015.12 ,38.4 ,10.641933,32.095167,8.144733
2015.12 ,38.3 ,10.4311,32.1059,8.132433
2015.12 ,38.2 ,10.3379,32.030133,8.1454
2015.12 ,38.1 ,10.319633,31.977367,8.159967
2015.12 ,38.0 ,10.2909,31.972467,8.175033
2015.12 ,37.9 ,9.814067,31.935467,8.188233
2015.12 ,37.8 ,9.1554,31.943567,8.187967
2015.12 ,37.7 ,8.010967,31.9102,8.1883
2015.12 ,37.6 ,7.438733,31.494033,8.201
2015.12 ,37.7 ,7.333967,31.482867,8.184233
2015.12 ,37.8 ,8.019767,31.9009,8.179067
2015.12 ,37.9 ,9.1571,31.9463,8.179333
2015.12 ,38.0 ,9.8838,31.945333,8.179833
2015.12 ,38.1 ,10.110967,31.951867,8.171133
2015.12 ,38.2 ,10.230233,31.988067,8.1453
2015.12 ,38.3 ,10.250467,32.031933,8.140333
2015.12 ,38.4 ,10.278967,32.0706,8.131067
2015.12 ,38.5 ,10.613367,32.105367,8.143533
2015.12 ,38.6 ,10.6097,32.065067,8.154533
2015.12 ,38.7 ,10.6652,32.1288,8.147467
2015.12 ,38.8 ,10.571767,32.084933,8.154133
2015.12 ,38.9 ,10.4353,32.097667,8.1401
2015.12 ,39.0 ,9.1579,32.0013,8.156433
2015.12 ,38.9 ,7.530133,31.999733,8.157467
2015.12 ,38.8 ,8.780233,32.0789,8.157467
2015.12 ,38.7 ,9.177133,32.0927,8.157467
2015.12 ,38.6 ,9.759667,32.1593,8.157467
2015.12 ,38.5 ,9.801667,32.159867,8.157467
2015.12 ,38.4 ,9.8485,32.161067,8.157467
2015.12 ,38.3 ,9.9022,32.1478,8.157467
2015.12 ,38.2 ,9.668033,32.079567,8.157467
2015.12 ,38.1 ,9.638167,32.066767,8.157467
2015.12 ,38.0 ,9.439567,32.014333,8.157467
2015.12 ,37.9 ,9.202767,32.002233,8.157467
2015.12 ,37.8 ,8.1752,31.996533,8.157467
2015.12 ,37.7 ,6.987733,31.9112,8.157467
2015.12 ,37.6 ,6.317833,31.393767,8.157467
2015.12 ,37.7 ,6.044533,31.340733,8.181633
2015.12 ,37.8 ,6.5214,31.7866,8.180833
2015.12 ,37.9 ,7.939367,31.9856,8.181867
2015.12 ,38.0 ,8.9511,31.998,8.182033
2015.12 ,38.1 ,9.3098,31.9982,8.166
2015.12 ,38.2 ,9.5462,32.082667,8.118767
2015.12 ,38.3 ,9.741067,32.1188,8.128333
2015.12 ,38.4 ,9.8391,32.142333,8.1393
2015.12 ,38.5 ,9.812,32.1562,8.1376
2015.12 ,38.6 ,9.7469,32.156367,8.121233
2015.12 ,38.7 ,9.771467,32.163967,8.1163
2015.12 ,38.8 ,9.749467,32.1399,8.1234
2015.12 ,38.9 ,9.236067,32.0885,8.145033
2015.12 ,39.0 ,8.8868,32.0707,8.1424
2015.12 ,37.6 ,7.19625,31.283167,7.880687
2016.01 ,37.8 ,5.17075,31.343375,7.6435
2016.01 ,37.9 ,5.0486,32.0161,8.0799
2016.01 ,38.0 ,5.944167,32.138267,8.167233
2016.01 ,38.1 ,6.509533,32.102167,8.1913
2016.01 ,38.2 ,7.164933,32.1419,8.165067
2016.01 ,38.3 ,7.414067,32.1721,8.1615
2016.01 ,38.4 ,7.4577,32.182767,8.1583
2016.01 ,38.5 ,7.5294,32.192167,8.151467
2016.01 ,38.6 ,7.6564,32.181967,8.1626
2016.01 ,38.7 ,7.5584,32.163167,8.162767
2016.01 ,38.8 ,7.4486,32.135333,8.1698
2016.01 ,38.9 ,6.9583,32.0913,8.1718
2016.01 ,39.0 ,6.771967,32.080833,8.167267
2016.01 ,38.9 ,4.831733,31.927067,8.271667
2016.01 ,38.8 ,5.9095,32.062367,8.186133
2016.01 ,38.7 ,5.843433,32.076033,8.1804
2016.01 ,38.6 ,6.6573,32.1418,8.166667
2016.01 ,38.5 ,6.962167,32.159233,8.165967
2016.01 ,38.4 ,7.372233,32.2075,8.148467
2016.01 ,38.3 ,7.380833,32.207233,8.146667
2016.01 ,38.2 ,7.528033,32.208967,8.160533
2016.01 ,38.1 ,7.631133,32.188967,8.159767
2016.01 ,38.0 ,7.486433,32.146633,8.165467
2016.01 ,37.9 ,7.118333,32.1509,8.2006
2016.01 ,37.8 ,6.7317,32.1658,8.203367
2016.01 ,37.7 ,6.1569,32.165233,8.205
2016.01 ,37.6 ,4.660333,31.760967,8.2126
2016.01 ,37.7 ,2.672967,31.537167,8.154233
2016.01 ,37.8 ,3.417933,31.898667,8.1776
2016.01 ,37.9 ,4.163133,32.0661,8.186367
2016.01 ,38.0 ,4.792433,32.106133,8.1944
2016.01 ,38.1 ,5.584833,32.1318,8.2004
2016.01 ,38.2 ,6.2608,32.155567,8.1721
2016.01 ,38.3 ,6.509933,32.170267,8.164567
2016.01 ,38.4 ,6.557733,32.1831,8.155733
2016.01 ,38.5 ,6.604367,32.192933,8.170933
2016.01 ,38.6 ,6.466867,32.176967,8.1789
2016.01 ,38.7 ,5.9849,32.1306,8.185167
2016.01 ,38.8 ,5.8027,32.110667,8.187233
2016.01 ,38.9 ,5.424667,32.097733,8.1885
2016.01 ,39.0 ,4.993233,32.086067,8.193733
2016.01 ,38.9 ,3.7935,31.983733,8.195433
2016.01 ,38.8 ,4.842833,32.103833,8.192167
2016.01 ,38.7 ,4.763067,32.0947,8.199533
2016.01 ,38.6 ,5.291667,32.128133,8.196167
2016.01 ,38.5 ,6.006033,32.2045,8.1826
2016.01 ,38.4 ,6.2688,32.225633,8.1784
2016.01 ,38.3 ,6.300833,32.2117,8.167433
2016.01 ,38.2 ,6.4168,32.214067,8.170633
2016.01 ,38.1 ,6.5323,32.205933,8.183567
2016.01 ,38.0 ,6.195733,32.1585,8.207233
2016.01 ,37.9 ,5.815233,32.178533,8.226467
2016.01 ,37.8 ,5.128167,32.154633,8.2285
2016.01 ,37.7 ,4.4342,32.146367,8.227633
2016.01 ,37.6 ,3.1343,31.776433,8.231433
2016.01 ,37.7 ,1.313333,31.548567,8.166033
2016.01 ,37.8 ,1.631033,31.637667,8.194467
2016.01 ,37.9 ,2.373467,31.931267,8.1859
2016.01 ,38.0 ,3.970667,32.103267,8.2039
2016.01 ,38.1 ,4.7092,32.142533,8.2139
2016.01 ,38.2 ,5.306033,32.1152,8.201067
2016.01 ,38.3 ,5.6543,32.105833,8.203367
2016.01 ,38.4 ,5.927033,32.149067,8.178867
2016.01 ,38.5 ,6.081767,32.211467,8.189167
2016.01 ,38.6 ,5.803933,32.1768,8.204233
2016.01 ,38.7 ,5.690433,32.097733,8.190933
2016.01 ,38.8 ,5.2043,32.105367,8.2117
2016.01 ,38.9 ,5.0149,32.095467,8.215033
2016.01 ,39.0 ,5.031867,32.107433,8.2068
2016.01 ,38.9 ,2.331933,32.015933,8.260167
2016.01 ,38.8 ,3.6995,32.106267,8.213867
2016.01 ,38.7 ,4.137667,32.115367,8.204967
2016.01 ,38.6 ,4.568033,32.1368,8.200933
2016.01 ,38.5 ,4.828933,32.1497,8.200833
2016.01 ,38.4 ,5.510333,32.231133,8.1914
2016.01 ,38.3 ,5.619133,32.1975,8.1762
2016.01 ,38.2 ,5.7423,32.166267,8.189567
2016.01 ,38.1 ,5.645533,32.149133,8.195233
2016.01 ,38.0 ,5.326467,32.1717,8.2178
2016.01 ,37.9 ,4.892267,32.167033,8.226133
2016.01 ,37.8 ,3.9826,32.141667,8.2259
2016.01 ,37.7 ,2.6051,31.999267,8.2279
2016.01 ,37.6 ,1.8211,31.677333,8.235433
2016.01 ,37.7 ,1.593767,31.540967,8.1704
2016.01 ,37.8 ,2.4423,31.669167,8.173633
2016.01 ,37.9 ,3.149133,31.8928,8.173633
2016.01 ,38.0 ,4.213333,32.042967,8.185867
2016.01 ,38.1 ,5.141267,32.090867,8.183967
2016.01 ,38.2 ,5.413533,32.099933,8.1991
2016.01 ,38.3 ,5.759567,32.080733,8.1901
2016.01 ,38.4 ,5.708267,32.169233,8.198467
2016.01 ,38.5 ,5.881467,32.2176,8.192233
2016.01 ,38.6 ,5.503,32.186167,8.2141
2016.01 ,38.7 ,5.535967,32.1794,8.211267
2016.01 ,38.8 ,5.555767,32.151067,8.211933
2016.01 ,38.9 ,5.043767,32.123533,8.215767
2016.01 ,39.0 ,4.733133,32.113633,8.215467
2016.01 ,38.9 ,2.540233,31.9589,8.273967
2016.01 ,38.8 ,3.7534,32.0866,8.2218
2016.01 ,38.7 ,3.806633,32.109333,8.213167
2016.01 ,38.6 ,4.760433,32.1541,8.202933
2016.01 ,38.5 ,5.009633,32.1605,8.203933
2016.01 ,38.4 ,5.498267,32.209333,8.199133
2016.01 ,38.3 ,5.756667,32.199233,8.179767
2016.01 ,38.2 ,5.919433,32.181867,8.191267
2016.01 ,38.1 ,5.7851,32.0962,8.210467
2016.01 ,38.0 ,5.7213,32.129833,8.212667
2016.01 ,37.9 ,5.231867,32.159433,8.2309
2016.01 ,37.8 ,4.694,32.1448,8.228033
2016.01 ,37.7 ,3.1154,32.0213,8.230433
2016.01 ,37.6 ,2.2554,31.6744,8.2386
2016.01 ,37.7 ,1.7393,31.5236,8.1433
2016.01 ,37.8 ,2.076433,31.636733,8.192433
2016.01 ,37.9 ,2.451,31.917567,8.1951
2016.01 ,38.0 ,3.104833,32.0354,8.190467
2016.01 ,38.1 ,4.1103,32.122967,8.208067
2016.01 ,38.2 ,4.637633,32.1127,8.216367
2016.01 ,38.3 ,4.921233,32.0605,8.215433
2016.01 ,38.4 ,5.278467,32.092133,8.204133
2016.01 ,38.5 ,5.4352,32.145467,8.186333
2016.01 ,38.6 ,5.412067,32.188667,8.189967
2016.01 ,38.7 ,5.080533,32.165533,8.202933
2016.01 ,38.8 ,4.8849,32.139333,8.2091
2016.01 ,38.9 ,4.4025,32.1089,8.2127
2016.01 ,39.0 ,4.091833,32.1028,8.216267
2016.02 ,38.9 ,2.498033,31.9994,8.195833
2016.02 ,38.8 ,3.2935,32.096333,8.2124
2016.02 ,38.7 ,3.394933,32.091533,8.2188
2016.02 ,38.6 ,4.084233,32.1396,8.210367
2016.02 ,38.5 ,4.5582,32.169567,8.205367
2016.02 ,38.4 ,5.0985,32.194267,8.185533
2016.02 ,38.3 ,5.1966,32.143067,8.2001
2016.02 ,38.2 ,5.124933,32.072633,8.213967
2016.02 ,38.1 ,5.0813,32.0769,8.218433
2016.02 ,38.0 ,4.938733,32.145433,8.2316
2016.02 ,37.9 ,4.1687,32.147133,8.2271
2016.02 ,37.8 ,3.378533,32.1373,8.224467
2016.02 ,37.7 ,2.031233,31.877967,8.230333
2016.02 ,37.6 ,1.624567,31.580733,8.234567
2016.02 ,37.7 ,1.822033,31.509867,8.1671
2016.02 ,37.8 ,2.413867,31.598067,8.1934
2016.02 ,37.9 ,3.075767,31.8627,8.1976
2016.02 ,38.0 ,3.995967,32.035,8.1963
2016.02 ,38.1 ,4.259333,32.112633,8.2062
2016.02 ,38.2 ,4.612833,32.122133,8.210667
2016.02 ,38.3 ,5.010133,32.062433,8.199233
2016.02 ,38.4 ,5.3428,32.116833,8.188433
2016.02 ,38.5 ,5.437033,32.169133,8.1738
2016.02 ,38.6 ,5.4448,32.196467,8.1864
2016.02 ,38.7 ,4.979633,32.160067,8.210267
2016.02 ,38.8 ,4.6419,32.130633,8.215967
2016.02 ,38.9 ,4.4463,32.103733,8.213733
2016.02 ,39.0 ,4.1834,32.0939,8.2204
2016.02 ,37.6 ,5.187176,31.835118,7.394714
2016.02 ,38.1 ,10.280333,31.312958,7.125552
2016.02 ,38.2 ,10.615467,31.3638,7.259833
2016.02 ,38.3 ,11.7415,31.6073,7.383567
2016.02 ,38.4 ,13.1301,31.649633,7.404033
2016.02 ,38.5 ,14.273467,31.662,7.390733
2016.02 ,38.6 ,15.016233,31.6672,7.371267
2016.02 ,38.7 ,5.203867,32.194467,8.0629
2016.02 ,38.8 ,4.067067,32.1429,8.184367
2016.02 ,38.9 ,8.666633,32.296833,8.1143
2016.02 ,39.0 ,11.359033,32.2565,7.928833
2016.02 ,38.9 ,3.3382,31.972733,8.261133
2016.02 ,38.8 ,3.185667,32.0026,8.2649
2016.02 ,38.7 ,2.829567,32.060633,8.238833
2016.02 ,38.6 ,3.742067,32.135,8.224933
2016.02 ,38.5 ,4.678333,32.2048,8.2076
2016.02 ,38.4 ,4.967933,32.1947,8.2014
2016.02 ,38.3 ,5.057133,32.159467,8.207333
2016.02 ,38.2 ,5.1727,32.129633,8.214067
2016.02 ,38.1 ,5.083633,32.0875,8.227967
2016.02 ,38.0 ,5.0392,32.0702,8.246667
2016.02 ,37.9 ,4.8504,32.097667,8.275633
2016.02 ,37.8 ,4.9417,32.179167,8.273233
2016.02 ,37.7 ,4.895867,32.181067,8.246867
2016.02 ,37.6 ,3.807333,32.000767,8.231333
2016.02 ,37.7 ,2.736633,31.362567,8.180867
2016.02 ,37.8 ,3.039633,31.582,8.192167
2016.02 ,37.9 ,4.097533,31.991033,8.211633
2016.02 ,38.0 ,4.713233,32.1173,8.2542
2016.02 ,38.1 ,4.770967,32.0653,8.2881
2016.02 ,38.2 ,4.946867,32.048233,8.2788
2016.02 ,38.3 ,5.292367,32.064533,8.248567
2016.02 ,38.4 ,5.463467,32.0896,8.2362
2016.02 ,38.5 ,5.5792,32.110767,8.2269
2016.02 ,38.6 ,5.6537,32.140433,8.220933
2016.02 ,38.7 ,5.481133,32.1907,8.227367
2016.02 ,38.8 ,4.9235,32.160667,8.2446
2016.02 ,38.9 ,3.914967,32.078533,8.2551
2016.02 ,39.0 ,3.650167,32.0592,8.259233
2016.02 ,38.9 ,3.648333,31.934833,8.275067
2016.02 ,38.8 ,2.826067,32.0146,8.268633
2016.02 ,38.7 ,2.6641,32.0519,8.247367
2016.02 ,38.6 ,4.001333,32.167533,8.2257
2016.02 ,38.5 ,4.6832,32.2018,8.217833
2016.02 ,38.4 ,5.0069,32.202267,8.2112
2016.02 ,38.3 ,5.169967,32.1752,8.220367
2016.02 ,38.2 ,5.242067,32.144333,8.2296
2016.02 ,38.1 ,5.2662,32.110733,8.242633
2016.02 ,38.0 ,5.140367,32.080633,8.280933
2016.02 ,37.9 ,5.086067,32.100933,8.314533
2016.02 ,37.8 ,5.037367,32.163733,8.310567
2016.02 ,37.7 ,4.460733,32.1061,8.2599
2016.02 ,37.6 ,2.8954,31.648333,8.235067
2016.02 ,37.7 ,3.340467,31.390267,8.168
2016.02 ,37.8 ,3.563167,31.756633,8.197067
2016.02 ,37.9 ,4.553167,32.0512,8.224333
2016.02 ,38.0 ,5.0818,32.090533,8.274933
2016.02 ,38.1 ,5.117533,32.029133,8.309633
2016.02 ,38.2 ,5.352233,31.978867,8.278233
2016.02 ,38.3 ,6.062567,31.795933,8.221567
2016.02 ,38.4 ,5.7734,32.0261,8.241633
2016.02 ,38.5 ,5.676767,32.112567,8.230167
2016.02 ,38.6 ,5.549567,32.178033,8.2207
2016.02 ,38.7 ,5.4118,32.1916,8.230133
2016.02 ,38.8 ,5.128233,32.162433,8.2393
2016.02 ,38.9 ,4.181233,32.0779,8.254767
2016.02 ,39.0 ,3.729033,32.027033,8.263867
2016.02 ,38.9 ,3.854467,31.896833,8.341867
2016.02 ,38.8 ,3.091433,32.0258,8.262667
2016.02 ,38.7 ,3.111467,32.070967,8.240933
2016.02 ,38.6 ,4.022433,32.155133,8.228767
2016.02 ,38.5 ,4.440933,32.186733,8.2228
2016.02 ,38.4 ,4.695,32.1961,8.2169
2016.02 ,38.3 ,4.745833,32.165433,8.223433
2016.02 ,38.2 ,4.799933,32.120867,8.2315
2016.02 ,38.1 ,4.711167,32.0797,8.2483
2016.02 ,38.0 ,4.5862,32.0601,8.2756
2016.02 ,37.9 ,4.530033,32.076033,8.302267
2016.02 ,37.8 ,4.659333,32.1547,8.313933
2016.02 ,37.7 ,3.8715,32.016967,8.258433
2016.02 ,37.6 ,2.643467,31.5913,8.231867
2016.02 ,37.4 ,6.142091,31.165091,7.848808
2016.02 ,37.6 ,10.603083,31.221917,7.993647
2016.02 ,37.7 ,3.0928,31.4734,8.226667
2016.02 ,37.8 ,2.810233,31.608733,8.2342
2016.02 ,37.9 ,3.737933,32.024767,8.245167
2016.02 ,38.0 ,4.42,32.147167,8.326667
2016.02 ,38.1 ,4.506033,32.0943,8.332667
2016.02 ,38.2 ,4.672633,32.072133,8.3116
2016.02 ,38.3 ,4.859167,32.060633,8.288133
2016.02 ,38.4 ,5.083033,32.0852,8.270433
2016.02 ,38.5 ,5.218167,32.1349,8.257667
2016.02 ,38.6 ,5.232667,32.168233,8.242033
2016.02 ,38.7 ,5.249833,32.2168,8.223833
2016.02 ,38.8 ,5.158633,32.231267,8.228533
2016.02 ,38.9 ,4.423333,32.158333,8.244533
2016.02 ,39.0 ,3.685967,32.0919,8.268833
2016.03 ,37.6 ,6.505556,31.426111,7.9298
2016.03 ,37.7 ,2.943333,31.4196,8.176167
2016.03 ,37.8 ,2.806933,31.538333,8.207567
2016.03 ,37.9 ,3.8715,32.046267,8.340733
2016.03 ,38.0 ,4.260933,32.0768,8.362467
2016.03 ,38.1 ,4.5715,32.07225,8.3509
2016.03 ,38.2 ,4.9265,32.055033,8.293867
2016.03 ,38.3 ,5.126567,32.051867,8.278933
2016.03 ,38.4 ,5.185667,32.0751,8.274133
2016.03 ,38.5 ,5.083933,32.111867,8.279733
2016.03 ,38.6 ,5.2925,32.141433,8.2737
2016.03 ,38.7 ,5.186333,32.206667,8.260733
2016.03 ,38.8 ,5.139467,32.2284,8.2628
2016.03 ,38.9 ,4.5237,32.177667,8.2756
2016.03 ,39.0 ,4.017167,32.07,8.309567
2016.03 ,38.9 ,4.6318,31.9207,8.321867
2016.03 ,38.8 ,3.655,32.032867,8.2912
2016.03 ,38.7 ,3.404,32.061,8.287833
2016.03 ,38.6 ,4.593667,32.1811,8.260967
2016.03 ,38.5 ,5.002767,32.1671,8.286533
2016.03 ,38.4 ,5.2175,32.155233,8.306
2016.03 ,38.3 ,5.2723,32.151133,8.318867
2016.03 ,38.2 ,5.269967,32.120067,8.3363
2016.03 ,38.1 ,5.338133,32.107633,8.353567
2016.03 ,38.0 ,5.230733,32.058133,8.365067
2016.03 ,37.9 ,5.147267,32.058333,8.401767
2016.03 ,37.8 ,5.060467,32.0939,8.4197
2016.03 ,37.7 ,5.199333,32.163133,8.446267
2016.03 ,37.6 ,4.433733,31.9646,8.329567
2016.03 ,37.7 ,4.191233,31.3981,8.2789
2016.03 ,37.8 ,4.279,31.8144,8.2789
2016.03 ,37.9 ,4.879033,32.0744,8.2789
2016.03 ,38.0 ,5.0159,32.077333,8.2789
2016.03 ,38.1 ,5.0607,32.049433,8.2789
2016.03 ,38.2 ,5.291367,32.038867,8.2789
2016.03 ,38.3 ,5.3079,32.047167,8.2789
2016.03 ,38.4 ,5.397567,32.052367,8.2789
2016.03 ,38.5 ,5.5032,32.083267,8.2789
2016.03 ,38.6 ,5.629133,32.133067,8.2789
2016.03 ,38.7 ,5.625267,32.1938,8.2789
2016.03 ,38.8 ,5.566867,32.2289,8.2789
2016.03 ,38.9 ,4.9726,32.1664,8.2789
2016.03 ,39.0 ,4.263767,32.079533,8.2789
2016.03 ,38.9 ,4.160333,31.9114,8.358633
2016.03 ,38.8 ,3.4747,32.048767,8.2964
2016.03 ,38.7 ,3.8291,32.141733,8.275867
2016.03 ,38.6 ,4.396667,32.209133,8.266867
2016.03 ,38.5 ,4.747467,32.202,8.294233
2016.03 ,38.4 ,4.887867,32.179233,8.3188
2016.03 ,38.3 ,4.969233,32.144467,8.337633
2016.03 ,38.2 ,4.948467,32.093067,8.3559
2016.03 ,38.1 ,5.003833,32.076233,8.373133
2016.03 ,38.0 ,5.093433,32.0591,8.3849
2016.03 ,37.9 ,5.0421,32.072533,8.415333
2016.03 ,37.8 ,5.179633,32.153467,8.435967
2016.03 ,37.7 ,5.155,32.1593,8.464433
2016.03 ,37.6 ,4.289933,31.885767,8.360667
2016.03 ,39.0 ,6.95895,31.8709,7.912167
2016.03 ,38.9 ,4.5653,31.9432,8.378433
2016.03 ,38.8 ,3.741167,32.030933,8.341367
2016.03 ,38.7 ,3.9787,32.132533,8.2993
2016.03 ,38.6 ,4.686033,32.215033,8.2886
2016.03 ,38.5 ,4.9058,32.2001,8.308033
2016.03 ,38.4 ,4.9595,32.1362,8.353533
2016.03 ,38.3 ,4.9785,32.0925,8.371733
2016.03 ,38.2 ,5.056967,32.060433,8.377333
2016.03 ,38.1 ,5.160033,32.050533,8.3721
2016.03 ,38.0 ,5.145533,32.0597,8.4
2016.03 ,37.9 ,5.010367,32.067333,8.4232
2016.03 ,37.8 ,5.107367,32.1229,8.427567
2016.03 ,37.7 ,5.157167,32.160867,8.461633
2016.03 ,37.6 ,4.480667,31.910233,8.388933
2016.03 ,37.7 ,4.898167,31.474667,8.287733
2016.03 ,37.8 ,4.995967,31.8225,8.343033
2016.03 ,37.9 ,5.361433,32.098767,8.421133
2016.03 ,38.0 ,5.439133,32.102133,8.415833
2016.03 ,38.1 ,5.5176,32.068867,8.415133
2016.03 ,38.2 ,5.6956,32.0528,8.4058
2016.03 ,38.3 ,5.738367,32.040367,8.373033
2016.03 ,38.4 ,5.7265,32.0377,8.378167
2016.03 ,38.5 ,5.7637,32.061667,8.3764
2016.03 ,38.6 ,5.786533,32.097333,8.3631
2016.03 ,38.7 ,5.8299,32.159867,8.334433
2016.03 ,38.8 ,5.758067,32.2016,8.302067
2016.03 ,38.9 ,5.421533,32.179267,8.293
2016.03 ,39.0 ,4.792933,32.0724,8.323733
2016.03 ,38.9 ,5.105767,31.897333,8.411933
2016.03 ,38.8 ,4.2006,32.035033,8.338733
2016.03 ,38.7 ,4.763767,32.179967,8.2949
2016.03 ,38.6 ,5.1903,32.200867,8.308333
2016.03 ,38.5 ,5.342867,32.170633,8.338967
2016.03 ,38.4 ,5.4882,32.1256,8.368
2016.03 ,38.3 ,5.524667,32.1009,8.380567
2016.03 ,38.2 ,5.596733,32.0706,8.396967
2016.03 ,38.1 ,5.739233,32.051767,8.402667
2016.03 ,38.0 ,5.886467,32.0532,8.408133
2016.03 ,37.9 ,5.780867,32.061933,8.423067
2016.03 ,37.8 ,5.926,32.125533,8.424667
2016.03 ,37.7 ,6.211033,32.181,8.4481
2016.03 ,37.6 ,5.3965,31.9008,8.411967
2016.03 ,37.7 ,5.825367,31.458533,8.301333
2016.03 ,37.8 ,5.4694,31.726433,8.353033
2016.03 ,37.9 ,5.790033,32.0193,8.394133
2016.03 ,38.0 ,5.942233,32.0499,8.3949
2016.03 ,38.1 ,6.018433,32.041167,8.398433
2016.03 ,38.2 ,6.201067,32.033433,8.376867
2016.03 ,38.3 ,6.352833,32.019667,8.367267
2016.03 ,38.4 ,6.345967,32.0256,8.377433
2016.03 ,38.5 ,6.3507,32.041633,8.3738
2016.03 ,38.6 ,6.444,32.073867,8.365367
2016.03 ,38.7 ,6.4893,32.1192,8.347167
2016.03 ,38.8 ,6.548367,32.1609,8.316333
2016.03 ,38.9 ,6.2521,32.163433,8.3009
2016.03 ,39.0 ,5.804233,32.089667,8.310033
2016.03 ,38.9 ,5.342067,31.8965,8.389833
2016.03 ,38.8 ,4.254733,32.031733,8.327867
2016.03 ,38.7 ,4.732533,32.1594,8.304967
2016.03 ,38.6 ,5.158267,32.191133,8.314533
2016.03 ,38.5 ,5.345467,32.168567,8.339267
2016.03 ,38.4 ,5.418233,32.118433,8.3786
2016.03 ,38.3 ,5.464033,32.0769,8.3965
2016.03 ,38.2 ,5.551933,32.0515,8.4047
2016.03 ,38.1 ,5.745067,32.046967,8.393867
2016.03 ,38.0 ,5.866433,32.0537,8.409333
2016.03 ,37.9 ,5.8375,32.0651,8.426367
2016.03 ,37.8 ,5.919867,32.082733,8.425133
2016.03 ,37.7 ,6.122,32.136567,8.426667
2016.03 ,37.6 ,6.0757,31.975233,8.4406
2016.03 ,37.5 ,5.627333,31.646367,8.4388
2016.03 ,37.6 ,10.174143,31.576429,7.820636
2016.03 ,37.7 ,7.021833,31.571133,8.322433
2016.03 ,37.8 ,7.055967,31.9814,8.390367
2016.03 ,37.9 ,7.376,32.1087,8.390733
2016.03 ,38.0 ,7.479333,32.0714,8.3828
2016.03 ,38.1 ,7.619,32.064767,8.3935
2016.03 ,38.2 ,7.648933,32.0548,8.410733
2016.03 ,38.3 ,7.631767,32.036633,8.403267
2016.03 ,38.4 ,7.344533,32.031867,8.4009
2016.03 ,38.5 ,7.328967,32.064933,8.396833
2016.03 ,38.6 ,7.275667,32.108,8.388733
2016.03 ,38.7 ,7.0364,32.1579,8.3649
2016.03 ,38.8 ,6.774667,32.189067,8.344633
2016.03 ,38.9 ,6.120867,32.1477,8.3288
2016.03 ,39.0 ,5.554,32.073633,8.347133
2016.03 ,38.9 ,5.3736,31.975733,8.4182
2016.03 ,38.8 ,4.7645,32.026767,8.371333
2016.03 ,38.7 ,4.761433,32.126733,8.3157
2016.03 ,38.6 ,5.2465,32.1798,8.320133
2016.03 ,38.5 ,5.482367,32.1747,8.339367
2016.03 ,38.4 ,5.620333,32.141267,8.376333
2016.03 ,38.3 ,5.7341,32.097867,8.401767
2016.03 ,38.2 ,5.897133,32.057133,8.4062
2016.03 ,38.1 ,6.0349,32.060933,8.418533
2016.03 ,38.0 ,6.037167,32.0629,8.447
2016.03 ,37.9 ,6.113433,32.0659,8.436033
2016.03 ,37.8 ,6.2101,32.1377,8.4248
2016.03 ,37.7 ,6.390967,32.1986,8.449633
2016.03 ,37.6 ,5.738633,31.884633,8.399533
2016.03 ,37.7 ,6.661567,31.616333,8.339433
2016.03 ,37.8 ,6.739867,31.916667,8.366033
2016.03 ,37.9 ,7.0725,32.0879,8.3806
2016.03 ,38.0 ,7.189567,32.024467,8.379767
2016.03 ,38.1 ,7.437,32.005433,8.389933
2016.03 ,38.2 ,7.288067,32.040367,8.423933
2016.03 ,38.3 ,7.142633,32.046233,8.422033
2016.03 ,38.4 ,10.823233,31.5494,8.4538
2016.03 ,38.5 ,13.254167,31.618433,8.428333
2016.03 ,38.6 ,15.263567,31.642367,8.396567
2016.03 ,38.7 ,16.7127,31.699433,8.3634
2016.03 ,38.8 ,17.7656,31.762467,8.3349
2016.03 ,38.9 ,18.583633,31.811033,8.309433
2016.03 ,39.0 ,19.218267,31.858633,8.2923
2016.03 ,38.9 ,6.522067,31.956333,8.456
2016.03 ,38.8 ,5.5039,32.0105,8.402133
2016.03 ,38.7 ,5.161567,32.0528,8.372067
2016.03 ,38.6 ,6.2281,32.161033,8.398867
2016.03 ,38.5 ,6.405633,32.148433,8.423067
2016.03 ,38.4 ,6.312233,32.116633,8.4157
2016.03 ,38.3 ,6.443367,32.063267,8.413667
2016.03 ,38.2 ,6.638833,32.045767,8.419933
2016.03 ,38.1 ,6.724567,32.053833,8.4472
2016.03 ,38.0 ,6.8384,32.0582,8.460567
2016.03 ,37.9 ,6.828433,32.055467,8.455233
2016.03 ,37.8 ,6.7696,32.077767,8.4247
2016.03 ,37.7 ,6.881733,32.1644,8.4347
2016.03 ,37.6 ,6.298567,31.9096,8.415867
2016.04 ,39.0 ,10.189438,31.518,8.01265
2016.04 ,38.9 ,7.527833,31.8998,8.4859
2016.04 ,38.8 ,5.847367,32.0218,8.403433
2016.04 ,38.7 ,5.852233,32.041333,8.405833
2016.04 ,38.6 ,6.406833,32.144967,8.4282
2016.04 ,38.5 ,6.692867,32.1458,8.4237
2016.04 ,38.4 ,6.952733,32.1047,8.417133
2016.04 ,38.3 ,7.1198,32.0566,8.418967
2016.04 ,38.2 ,7.3805,32.051433,8.421
2016.04 ,38.1 ,7.6388,32.056667,8.446267
2016.04 ,38.0 ,7.716933,32.0632,8.455067
2016.04 ,37.9 ,7.640567,32.0652,8.435833
2016.04 ,37.8 ,7.582233,32.109467,8.410767
2016.04 ,37.7 ,7.846733,32.174233,8.421367
2016.04 ,37.6 ,7.980433,31.971167,8.4229
2016.04 ,37.7 ,8.616567,31.667833,8.320433
2016.04 ,37.8 ,8.2644,32.052633,8.374667
2016.04 ,37.9 ,8.020267,32.078967,8.381167
2016.04 ,38.0 ,7.917067,32.063733,8.385667
2016.04 ,38.1 ,8.151733,32.054867,8.395633
2016.04 ,38.2 ,8.3434,32.052833,8.421467
2016.04 ,38.3 ,8.498767,32.0464,8.421467
2016.04 ,38.4 ,8.594,32.0376,8.3994
2016.04 ,38.5 ,8.820967,32.052167,8.389067
2016.04 ,38.6 ,9.043767,32.0852,8.385967
2016.04 ,38.7 ,9.009633,32.1219,8.393067
2016.04 ,38.8 ,8.817267,32.1451,8.416233
2016.04 ,38.9 ,7.585433,32.0589,8.401967
2016.04 ,39.0 ,7.134867,32.033,8.398433
2016.04 ,38.9 ,8.272833,31.922833,8.4266
2016.04 ,38.8 ,6.506333,32.0064,8.406933
2016.04 ,38.7 ,6.3667,32.036033,8.4112
2016.04 ,38.6 ,7.278033,32.139833,8.443633
2016.04 ,38.5 ,7.7598,32.1133,8.417033
2016.04 ,38.4 ,7.941067,32.098467,8.4101
2016.04 ,38.3 ,7.963533,32.069533,8.4108
2016.04 ,38.2 ,8.091,32.0493,8.418633
2016.04 ,38.1 ,8.225833,32.056633,8.443867
2016.04 ,38.0 ,8.4048,32.0599,8.447567
2016.04 ,37.9 ,8.382967,32.064633,8.422233
2016.04 ,37.8 ,8.127567,32.069233,8.4073
2016.04 ,37.7 ,8.2289,32.105067,8.4016
2016.04 ,37.6 ,8.484133,32.086733,8.415433
2016.04 ,37.7 ,10.342967,31.578033,8.3659
2016.04 ,37.8 ,10.989367,31.8778,8.3823
2016.04 ,37.9 ,10.7458,31.964667,8.3818
2016.04 ,38.0 ,10.5086,31.930967,8.3802
2016.04 ,38.1 ,10.5681,31.940233,8.386533
2016.04 ,38.2 ,10.6827,31.947967,8.4054
2016.04 ,38.3 ,10.446067,31.951533,8.426767
2016.04 ,38.4 ,10.142267,31.947367,8.419067
2016.04 ,38.5 ,9.9792,31.981167,8.410433
2016.04 ,38.6 ,9.778733,32.010867,8.407767
2016.04 ,38.7 ,9.646267,32.0528,8.419067
2016.04 ,38.8 ,9.276767,31.992633,8.444567
2016.04 ,38.9 ,8.617867,31.849333,8.427033
2016.04 ,39.0 ,8.1025,31.937333,8.4192
2016.04 ,38.9 ,9.710367,31.883833,8.409233
2016.04 ,38.8 ,7.172633,31.990267,8.397467
2016.04 ,38.7 ,7.638733,32.034767,8.378033
2016.04 ,38.6 ,8.251667,32.107933,8.4209
2016.04 ,38.5 ,8.744533,32.134,8.422933
2016.04 ,38.4 ,9.0373,32.105933,8.412267
2016.04 ,38.3 ,9.361067,32.0669,8.404267
2016.04 ,38.2 ,9.420333,32.0622,8.426033
2016.04 ,38.1 ,9.5428,32.0568,8.4439
2016.04 ,38.0 ,9.8213,32.062167,8.433333
2016.04 ,37.9 ,9.8568,32.066367,8.416633
2016.04 ,37.8 ,9.531033,32.079867,8.4033
2016.04 ,37.7 ,9.6696,32.098733,8.392767
2016.04 ,37.6 ,9.972633,32.1054,8.401567
2016.04 ,37.7 ,9.4264,31.808633,8.351967
2016.04 ,37.8 ,9.031333,32.026333,8.387733
2016.04 ,37.9 ,8.869133,32.130933,8.396533
2016.04 ,38.0 ,8.612967,32.110967,8.4007
2016.04 ,38.1 ,8.5825,32.075033,8.3975
2016.04 ,38.2 ,9.038933,32.067467,8.428867
2016.04 ,38.3 ,9.194,32.058333,8.447933
2016.04 ,38.4 ,9.214233,32.054733,8.443667
2016.04 ,38.5 ,9.1083,32.04775,8.43775
2016.04 ,38.6 ,9.1577,32.059867,8.429067
2016.04 ,38.7 ,9.086933,32.107433,8.434233
2016.04 ,38.8 ,8.8128,32.142033,8.438167
2016.04 ,38.9 ,8.443333,32.0717,8.416033
2016.04 ,39.0 ,7.279167,32.0337,8.4193
2016.04 ,38.9 ,9.877067,31.8647,8.317933
2016.04 ,38.8 ,8.2877,32.005967,8.376933
2016.04 ,38.7 ,8.1352,32.032967,8.391333
2016.04 ,38.6 ,9.1422,32.1154,8.410433
2016.04 ,38.5 ,9.319067,32.087133,8.411867
2016.04 ,38.4 ,9.642633,32.061033,8.4135
2016.04 ,38.3 ,9.872467,32.054533,8.433033
2016.04 ,38.2 ,9.8854,32.0464,8.448533
2016.04 ,38.1 ,10.0217,32.055533,8.4433
2016.04 ,38.0 ,9.985733,32.0657,8.419433
2016.04 ,37.9 ,9.232167,32.067167,8.416467
2016.04 ,37.8 ,9.071733,32.0856,8.415567
2016.04 ,37.7 ,9.474133,32.112233,8.406233
2016.04 ,37.6 ,9.911567,32.068,8.408267
2016.04 ,37.7 ,11.030567,31.786233,8.360767
2016.04 ,37.8 ,10.4615,31.931933,8.379767
2016.04 ,37.9 ,10.046033,32.0801,8.386833
2016.04 ,38.0 ,9.650033,32.0724,8.3894
2016.04 ,38.1 ,8.7295,32.0594,8.3842
2016.04 ,38.2 ,9.2788,32.058533,8.404167
2016.04 ,39.0 ,11.510133,31.676533,7.819684
2016.04 ,38.9 ,10.4057,31.762933,8.281033
2016.04 ,37.6 ,14.752286,31.831,8.121462
2016.04 ,37.7 ,13.4701,31.842767,8.315067
2016.04 ,37.8 ,13.156133,31.9511,8.3335
2016.04 ,37.9 ,12.749667,31.936633,8.3313
2016.04 ,38.0 ,12.3508,31.9013,8.339167
2016.04 ,38.1 ,11.992067,31.870533,8.345867
2016.04 ,38.2 ,12.179867,31.7831,8.333067
2016.04 ,38.3 ,12.671567,31.704667,8.379767
2016.04 ,38.4 ,12.801333,31.7931,8.386333
2016.04 ,38.5 ,12.589267,31.8132,8.388233
2016.04 ,38.6 ,12.614233,31.864333,8.385333
2016.04 ,38.7 ,12.1941,31.8886,8.387333
2016.04 ,38.8 ,11.837767,31.902133,8.390733
2016.04 ,38.9 ,11.5359,31.853867,8.368067
2016.05 ,39.0 ,12.351833,31.622417,7.812
2016.05 ,38.9 ,11.456867,31.688733,8.262533
2016.05 ,37.6 ,16.180895,31.709632,8.169667
2016.05 ,37.7 ,13.994667,31.775867,8.3429
2016.05 ,37.8 ,13.6482,31.8319,8.359667
2016.05 ,37.9 ,12.6029,31.988,8.3894
2016.05 ,38.0 ,11.610167,32.0316,8.4149
2016.05 ,38.1 ,11.608267,32.023367,8.403867
2016.05 ,38.2 ,11.9146,32.0035,8.394733
2016.05 ,38.3 ,12.061067,31.983633,8.402767
2016.05 ,38.4 ,11.975833,31.972533,8.411133
2016.05 ,38.5 ,11.850467,31.9905,8.3958
2016.05 ,38.6 ,11.501133,32.0241,8.397567
2016.05 ,38.7 ,11.1773,32.051433,8.3994
2016.05 ,38.8 ,11.240167,32.0149,8.3891
2016.05 ,38.9 ,11.503767,31.853633,8.3635
2016.05 ,39.0 ,10.978033,31.8677,8.351267
2016.05 ,38.9 ,12.6203,31.763667,8.2575
2016.05 ,38.8 ,10.4882,31.9089,8.3364
2016.05 ,38.7 ,11.100333,31.8932,8.3542
2016.05 ,38.6 ,11.460033,32.0352,8.3853
2016.05 ,38.5 ,11.735167,32.056233,8.397867
2016.05 ,38.4 ,11.978367,32.094033,8.407833
2016.05 ,38.3 ,12.301167,32.076867,8.401
2016.05 ,38.2 ,12.400533,32.068967,8.413667
2016.05 ,38.1 ,12.445233,32.0715,8.434633
2016.05 ,38.0 ,12.3001,32.0804,8.435133
2016.05 ,37.9 ,12.113933,32.0836,8.450367
2016.05 ,37.8 ,11.6105,32.1085,8.4644
2016.05 ,37.7 ,12.090767,32.100867,8.436367
2016.05 ,37.6 ,13.0892,31.944733,8.415067
2016.05 ,39.0 ,15.1045,31.5165,7.82025
2016.05 ,38.9 ,13.661433,31.663467,8.261367
2016.05 ,38.8 ,12.412967,31.614167,8.3338
2016.05 ,38.7 ,13.1042,31.566333,8.328533
2016.05 ,38.6 ,12.836733,31.7622,8.362867
2016.05 ,38.5 ,12.795733,31.913833,8.373867
2016.05 ,38.4 ,12.520533,32.017033,8.394967
2016.05 ,38.3 ,12.676867,32.037533,8.397967
2016.05 ,38.2 ,12.5655,32.0254,8.412333
2016.05 ,38.1 ,12.745033,32.0096,8.428667
2016.05 ,38.0 ,12.634067,31.996633,8.4368
2016.05 ,37.9 ,12.532,31.997733,8.477667
2016.05 ,37.8 ,12.562433,31.994233,8.4685
2016.05 ,37.7 ,13.460667,32.007633,8.406367
2016.05 ,37.6 ,14.962967,31.8791,8.3715
2016.05 ,39.0 ,17.412,31.471,7.74575
2016.05 ,38.9 ,15.087034,31.627103,8.409
2016.05 ,38.8 ,13.469933,31.6832,8.3732
2016.05 ,38.7 ,13.740267,31.625567,8.3703
2016.05 ,38.6 ,13.740267,31.859833,8.3703
2016.05 ,38.5 ,13.740267,31.9779,8.3703
2016.05 ,38.4 ,13.740267,32.0197,8.3703
2016.05 ,38.3 ,13.740267,32.016567,8.3703
2016.05 ,38.2 ,13.740267,32.0141,8.3703
2016.05 ,38.1 ,13.740267,32.008833,8.3703
2016.05 ,38.0 ,13.740267,32.0056,8.3703
2016.05 ,37.9 ,13.740267,32.001767,8.3703
2016.05 ,37.8 ,13.740267,32.003067,8.3703
2016.05 ,37.7 ,13.740267,31.9584,8.3703
2016.05 ,37.6 ,13.740267,31.807767,8.3703
2016.05 ,37.4 ,19.42955,31.74225,8.066375
2016.05 ,37.5 ,18.156733,31.7167,8.254633
2016.05 ,37.6 ,18.142033,31.719333,8.371933
2016.05 ,37.7 ,17.2111,31.753767,8.382267
2016.05 ,37.8 ,17.270533,31.741,8.3671
2016.05 ,37.9 ,17.0567,31.8299,8.3533
2016.05 ,38.0 ,15.556933,31.976167,8.408933
2016.05 ,38.1 ,15.3347,32.009633,8.435433
2016.05 ,38.2 ,15.280233,32.026067,8.411867
2016.05 ,38.3 ,14.927333,32.020167,8.416367
2016.05 ,38.4 ,14.888833,32.031867,8.387133
2016.05 ,38.5 ,14.999267,32.0383,8.384933
2016.05 ,38.6 ,15.154533,32.044267,8.3744
2016.05 ,38.7 ,15.051733,32.021767,8.374567
2016.05 ,38.8 ,15.001933,31.724633,8.355733
2016.05 ,38.9 ,14.7737,31.477633,8.346633
2016.05 ,39.0 ,13.9308,31.613467,8.343
2016.05 ,38.9 ,15.0661,31.645933,8.395967
2016.05 ,38.8 ,12.724467,31.6554,8.361433
2016.05 ,38.7 ,13.2483,31.5833,8.356867
2016.05 ,38.6 ,14.559333,31.705867,8.337867
2016.05 ,38.5 ,14.714267,32.008233,8.350067
2016.05 ,38.4 ,14.938167,32.0327,8.351467
2016.05 ,38.3 ,15.057533,31.8529,8.326933
2016.05 ,38.2 ,15.033633,31.8906,8.341767
2016.05 ,38.1 ,14.998967,32.022033,8.361067
2016.05 ,38.0 ,15.374267,32.023767,8.3515
2016.05 ,37.9 ,15.457633,32.034733,8.391233
2016.05 ,37.8 ,16.237333,32.0049,8.363467
2016.05 ,37.7 ,16.7526,31.945933,8.331067
2016.05 ,37.6 ,17.398433,31.7104,8.3568
2016.05 ,37.7 ,17.330133,31.705333,8.351533
2016.05 ,37.8 ,17.353767,31.729833,8.357
2016.05 ,37.9 ,16.736133,31.8756,8.347167
2016.05 ,38.0 ,16.148467,31.986867,8.3962
2016.05 ,38.1 ,15.847533,32.011067,8.3983
2016.05 ,38.2 ,15.865567,32.013567,8.3633
2016.05 ,38.3 ,15.4473,32.030833,8.383033
2016.05 ,38.4 ,15.5082,31.935267,8.3442
2016.05 ,38.5 ,15.773067,31.9041,8.3267
2016.05 ,38.6 ,15.688267,32.026567,8.350633
2016.05 ,38.7 ,15.661267,31.999033,8.346
2016.05 ,38.8 ,15.3984,31.643467,8.3371
2016.05 ,38.9 ,14.89,31.4816,8.341967
2016.05 ,39.0 ,14.0141,31.6829,8.3583
2016.05 ,38.9 ,15.561467,31.658533,8.262267
2016.05 ,38.8 ,13.599367,31.6278,8.329033
2016.05 ,38.7 ,15.421767,31.398067,8.3436
2016.05 ,38.6 ,15.852967,31.6483,8.328567
2016.05 ,38.5 ,16.012867,31.963733,8.346167
2016.05 ,38.4 ,16.641767,31.9051,8.329233
2016.05 ,38.3 ,16.6655,31.856967,8.327767
2016.05 ,38.2 ,16.220733,31.9407,8.370767
2016.05 ,38.1 ,15.898167,32.034267,8.4007
2016.05 ,38.0 ,16.687233,32.0276,8.3643
2016.05 ,37.9 ,17.118567,32.027367,8.389967
2016.05 ,37.8 ,17.592533,32.036167,8.3673
2016.05 ,37.7 ,16.7792,31.996167,8.3514
2016.05 ,37.6 ,16.824067,31.769533,8.369733
2016.06 ,37.7 ,17.809067,31.717033,8.310633
2016.06 ,37.8 ,17.166233,31.806533,8.314133
2016.06 ,37.9 ,16.755067,31.949433,8.324867
2016.06 ,38.0 ,16.993767,32.017,8.337333
2016.06 ,38.1 ,17.413933,32.023,8.3507
2016.06 ,38.2 ,17.519933,32.018867,8.337533
2016.06 ,38.3 ,17.355633,32.029867,8.3614
2016.06 ,38.4 ,17.604567,32.0139,8.360233
2016.06 ,38.5 ,17.682033,32.027267,8.3674
2016.06 ,38.6 ,17.916767,31.989967,8.350933
2016.06 ,38.7 ,18.115167,32.027667,8.336233
2016.06 ,38.8 ,18.512633,31.6805,8.3184
2016.06 ,38.9 ,18.1509,31.4864,8.316833
2016.06 ,39.0 ,16.477867,31.5765,8.347
2016.06 ,38.9 ,15.962267,31.621233,8.3176
2016.06 ,38.8 ,15.489367,31.567967,8.3469
2016.06 ,38.7 ,16.8521,31.4942,8.3576
2016.06 ,38.6 ,17.6257,31.5542,8.335933
2016.06 ,38.5 ,17.6048,31.980633,8.3637
2016.06 ,38.4 ,17.667433,31.9703,8.3707
2016.06 ,38.3 ,17.4243,32.005233,8.3909
2016.06 ,38.2 ,17.194667,32.026233,8.398467
2016.06 ,38.1 ,17.032933,32.025,8.398667
2016.06 ,38.0 ,17.4815,31.994567,8.3691
2016.06 ,37.9 ,17.721967,32.025867,8.379467
2016.06 ,37.8 ,17.738467,32.0379,8.371667
2016.06 ,37.7 ,17.390833,31.9434,8.354267
2016.06 ,37.6 ,18.05,31.814533,8.3451
2016.06 ,37.7 ,18.6461,31.7092,8.300467
2016.06 ,37.8 ,18.807667,31.6959,8.319667
2016.06 ,37.9 ,18.647467,31.706633,8.310467
2016.06 ,38.0 ,18.2375,31.938333,8.309867
2016.06 ,38.1 ,18.357967,32.005533,8.339767
2016.06 ,38.2 ,18.4144,31.944633,8.316267
2016.06 ,38.3 ,18.2796,31.8404,8.315
2016.06 ,38.4 ,18.243167,31.811133,8.3182
2016.06 ,38.5 ,18.584467,31.908967,8.330067
2016.06 ,38.6 ,19.062133,31.956967,8.3313
2016.06 ,38.7 ,19.3161,31.891833,8.320533
2016.06 ,38.8 ,18.710567,31.333,8.320567
2016.06 ,38.9 ,17.3028,31.384267,8.3337
2016.06 ,39.0 ,15.5512,31.510967,8.348867
2016.06 ,37.6 ,20.889542,31.673292,7.770393
2016.06 ,37.7 ,19.8183,31.725433,8.196567
2016.06 ,37.8 ,19.2601,31.848167,8.1983
2016.06 ,37.9 ,16.732933,31.969267,8.242533
2016.06 ,38.0 ,19.436233,32.004,8.2169
2016.06 ,38.1 ,20.1238,31.864767,8.193433
2016.06 ,38.2 ,20.027633,31.897333,8.190233
2016.06 ,38.3 ,19.9515,31.897033,8.1896
2016.06 ,38.4 ,20.1158,31.898333,8.185
2016.06 ,38.5 ,20.482333,31.889267,8.180033
2016.06 ,38.6 ,20.815233,31.9163,8.182233
2016.06 ,38.7 ,20.8375,31.951867,8.185433
2016.06 ,38.8 ,21.032367,31.771267,8.1835
2016.06 ,38.9 ,20.5074,31.388233,8.146867
2016.06 ,39.0 ,18.8465,31.364533,8.225567
2016.06 ,38.9 ,21.7425,31.047533,8.436633
2016.06 ,38.8 ,20.8608,30.935767,8.436633
2016.06 ,38.7 ,21.0807,30.789033,8.436633
2016.06 ,38.6 ,21.232567,30.926,8.436633
2016.06 ,38.5 ,21.909933,31.409533,8.436633
2016.06 ,38.4 ,22.131767,31.608533,8.436633
2016.06 ,38.3 ,22.082267,31.480633,8.436633
2016.06 ,38.2 ,21.222067,31.330033,8.436633
2016.06 ,38.1 ,20.9116,31.361133,8.436633
2016.06 ,38.0 ,21.285267,31.2602,8.436633
2016.06 ,37.9 ,22.445933,31.4502,8.436633
2016.06 ,37.8 ,20.882667,31.5795,8.436633
2016.06 ,37.7 ,20.197733,31.644767,8.436633
2016.06 ,37.6 ,20.570933,31.6734,8.436633
2016.07 ,39.0 ,25.18825,30.86525,7.947059
2016.07 ,38.9 ,23.8292,30.7252,8.282167
2016.07 ,38.8 ,23.2858,30.624367,8.310967
2016.07 ,38.7 ,23.394567,30.542267,8.3269
2016.07 ,38.6 ,25.588867,31.409533,8.3363
2016.07 ,38.5 ,25.3028,31.410767,8.3272
2016.07 ,38.4 ,24.8279,31.3216,8.334033
2016.07 ,38.3 ,24.808733,31.336767,8.3329
2016.07 ,38.2 ,24.452133,31.2942,8.342067
2016.07 ,38.1 ,25.0339,31.3662,8.341567
2016.07 ,38.0 ,24.487167,31.340033,8.359067
2016.07 ,37.9 ,23.8461,31.115267,8.354767
2016.07 ,37.8 ,24.484033,31.250433,8.333633
2016.07 ,37.7 ,22.740133,31.5114,8.344233
2016.07 ,37.6 ,23.610467,31.672333,8.329367
2016.07 ,37.7 ,23.785867,31.611233,8.239167
2016.07 ,37.8 ,23.036833,31.628867,8.299667
2016.07 ,37.9 ,22.681367,31.594767,8.334033
2016.07 ,38.0 ,22.565467,31.285367,8.346133
2016.07 ,38.1 ,22.451633,31.024267,8.3535
2016.07 ,38.2 ,22.4095,31.033833,8.35
2016.07 ,38.3 ,23.523667,31.364867,8.3491
2016.07 ,38.4 ,23.003067,31.1898,8.349633
2016.07 ,38.5 ,22.968533,31.361833,8.357
2016.07 ,38.6 ,23.0801,31.329867,8.351767
2016.07 ,38.7 ,23.239767,31.432033,8.354867
2016.07 ,38.8 ,23.827033,31.520833,8.3469
2016.07 ,38.9 ,23.764033,31.374767,8.339767
2016.07 ,39.0 ,22.2428,30.785033,8.330867
2016.07 ,38.9 ,22.5197,30.9925,8.3795
2016.08 ,37.6 ,27.553586,30.769655,7.996033
2016.08 ,37.7 ,25.9236,31.290567,7.968433
2016.08 ,37.8 ,25.671933,31.3848,7.9904
2016.08 ,37.9 ,25.699033,31.459433,8.037067
2016.08 ,38.0 ,25.494767,31.342033,8.029333
2016.08 ,38.1 ,26.1513,31.1255,8.093267
2016.08 ,38.2 ,26.5145,31.1629,8.092033
2016.08 ,38.3 ,26.602967,30.953133,8.093767
2016.08 ,38.4 ,26.8184,30.908233,8.094533
2016.08 ,38.5 ,26.965633,31.060033,8.102967
2016.08 ,38.6 ,27.0363,31.049267,8.1077
2016.08 ,38.7 ,26.828667,31.155367,8.1138
2016.08 ,38.8 ,26.7617,31.359467,8.1187
2016.08 ,38.9 ,25.9728,30.929033,8.119367
2016.08 ,39.0 ,24.995733,30.7282,8.113367
2016.08 ,38.9 ,25.7923,30.5772,8.232367
2016.08 ,38.8 ,24.1214,30.520833,8.146533
2016.08 ,38.7 ,25.838667,30.1662,8.167933
2016.08 ,38.6 ,26.252467,30.701533,8.149867
2016.08 ,38.5 ,27.4053,31.105467,8.1347
2016.08 ,38.4 ,27.752,31.046633,8.138367
2016.08 ,38.3 ,27.7805,30.8577,8.138833
2016.08 ,38.2 ,27.5567,31.050633,8.1678
2016.08 ,38.1 ,27.299733,31.004733,8.158367
2016.08 ,38.0 ,27.45464,31.16976,8.165069
2016.08 ,37.9 ,27.461367,31.1429,8.1586
2016.08 ,37.8 ,26.7095,31.382633,8.132867
2016.08 ,37.7 ,26.712033,31.452867,8.1108
2016.08 ,37.6 ,26.920567,31.391433,8.123167
2016.08 ,37.7 ,26.5008,31.181133,7.955067
2016.08 ,37.8 ,26.205167,31.0127,8.081367
2016.08 ,37.9 ,26.108967,30.9404,8.068167
2016.08 ,38.0 ,25.844033,31.0783,8.075067
2016.08 ,38.1 ,26.397067,31.255633,8.097933
2016.08 ,38.2 ,26.654233,31.127833,8.118867
2016.08 ,38.3 ,26.944867,31.257733,8.114467
2016.08 ,38.4 ,27.058433,31.206667,8.135267
2016.08 ,38.5 ,27.1353,30.9563,8.121633
2016.08 ,38.6 ,27.3649,30.945467,8.128867
2016.08 ,38.7 ,27.263433,31.2307,8.117633
2016.08 ,38.8 ,26.778167,30.5473,8.157633
2016.08 ,38.9 ,25.937867,30.353633,8.189633
2016.08 ,39.0 ,25.4178,30.422933,8.271267
2016.08 ,38.9 ,26.574067,30.287767,8.1688
2016.08 ,38.8 ,25.520633,30.037867,8.0785
2016.08 ,38.7 ,27.3363,30.248967,8.1037
2016.08 ,38.6 ,28.3863,31.1218,8.041733
2016.08 ,38.5 ,28.506167,31.2524,8.028567
2016.08 ,38.4 ,28.770467,31.094333,8.056967
2016.08 ,38.3 ,28.6228,30.871067,8.074
2016.08 ,38.2 ,28.6329,31.046067,8.064467
2016.08 ,38.1 ,28.394633,30.7285,8.149133
2016.08 ,38.0 ,28.3341,30.9475,8.112833
2016.08 ,37.9 ,28.126467,30.9633,8.086967
2016.08 ,37.8 ,27.330833,31.200667,8.039667
2016.08 ,37.7 ,27.5596,31.117267,8.028567
2016.08 ,37.6 ,27.988567,31.068733,8.0283
2016.08 ,37.4 ,30.100455,31.002591,7.668154
2016.08 ,37.5 ,28.827467,31.192133,7.785033
2016.08 ,37.6 ,29.395267,31.229433,8.065833
2016.08 ,37.7 ,29.364967,31.0669,8.023833
2016.08 ,37.8 ,29.4483,31.043667,8.009667
2016.08 ,37.9 ,29.152533,31.102233,8.0246
2016.08 ,38.0 ,28.898833,31.185033,8.045233
2016.08 ,38.1 ,28.8127,30.573,8.2149
2016.08 ,38.2 ,28.870333,30.7902,8.1658
2016.08 ,38.3 ,29.224367,30.876967,8.107067
2016.08 ,38.4 ,29.309433,30.8674,8.099833
2016.08 ,38.5 ,29.528033,31.021633,8.0798
2016.08 ,38.6 ,29.719067,31.099933,8.0764
2016.08 ,38.7 ,29.686833,31.243933,8.0506
2016.08 ,38.8 ,29.156733,30.529133,8.0923
2016.08 ,38.9 ,27.889333,30.229533,8.0924
2016.08 ,39.0 ,26.351333,30.296333,8.065433
2016.09 ,37.6 ,26.332111,30.750667,7.409
2016.09 ,37.7 ,25.299833,31.1838,7.826167
2016.09 ,37.8 ,24.8642,30.8582,7.8325
2016.09 ,37.9 ,24.474067,31.196533,7.9083
2016.09 ,38.0 ,24.152833,31.0044,7.921467
2016.09 ,38.1 ,24.326767,31.130667,7.935167
2016.09 ,38.2 ,24.421567,31.254767,7.967367
2016.09 ,38.3 ,24.254167,31.084133,7.956
2016.09 ,38.4 ,24.5802,31.2728,7.9843
2016.09 ,38.5 ,24.757367,31.360067,7.994133
2016.09 ,38.6 ,24.845067,31.409933,7.991267
2016.09 ,38.7 ,24.692367,31.408433,7.993433
2016.09 ,38.8 ,24.636967,31.139667,7.9812
2016.09 ,38.9 ,24.503333,31.029867,7.966967
2016.09 ,39.0 ,23.093,31.051733,7.929467
2016.09 ,38.9 ,22.638,30.865733,7.833167
2016.09 ,38.8 ,22.455767,30.877667,7.9359
2016.09 ,38.7 ,22.882867,30.9922,7.933467
2016.09 ,38.6 ,23.3538,31.0073,7.946067
2016.09 ,38.5 ,23.9924,31.3696,7.9761
2016.09 ,38.4 ,24.3523,31.555933,7.9985
2016.09 ,38.3 ,24.230867,31.3663,7.9851
2016.09 ,38.2 ,24.376667,31.458767,7.9895
2016.09 ,38.1 ,24.325133,31.471267,7.984633
2016.09 ,38.0 ,24.021,31.295033,7.9616
2016.09 ,37.9 ,24.338,31.327533,7.956067
2016.09 ,37.8 ,24.2325,31.2158,7.9408
2016.09 ,37.7 ,24.363833,31.319333,7.930733
2016.09 ,37.6 ,24.5911,31.2986,7.943333
2016.09 ,37.7 ,24.275467,31.134633,7.723367
2016.09 ,37.8 ,23.960433,31.212267,7.804733
2016.09 ,37.9 ,23.763933,31.298567,7.8446
2016.09 ,38.0 ,23.437733,31.350533,7.8694
2016.09 ,38.1 ,22.8592,31.3654,7.907033
2016.09 ,38.2 ,22.6624,31.408033,7.966667
2016.09 ,38.3 ,22.858067,31.443033,7.9677
2016.09 ,38.4 ,22.865233,31.4164,7.969967
2016.09 ,38.5 ,23.031067,31.461567,7.9681
2016.09 ,38.6 ,23.1278,31.484833,7.968367
2016.09 ,38.7 ,23.0985,31.463933,7.971967
2016.09 ,38.8 ,22.445467,31.4229,7.992567
2016.09 ,38.9 ,22.218,31.119967,7.970667
2016.09 ,39.0 ,22.174067,30.9975,7.931933
2016.09 ,38.9 ,20.219833,31.041567,7.756967
2016.09 ,38.8 ,20.2791,31.0802,7.866767
2016.09 ,38.7 ,20.3944,31.206,7.895033
2016.09 ,38.6 ,20.7895,31.425,7.9403
2016.09 ,38.5 ,20.937067,31.4267,7.973267
2016.09 ,38.4 ,21.328467,31.5262,7.956367
2016.09 ,38.3 ,21.313467,31.5337,7.953567
2016.09 ,38.2 ,20.92,31.440267,7.960033
2016.09 ,38.1 ,20.887833,31.486867,7.951967
2016.09 ,38.0 ,20.699567,31.413767,7.943833
2016.09 ,37.9 ,21.007333,31.414567,7.913833
2016.09 ,37.8 ,21.2234,31.409333,7.8776
2016.09 ,37.7 ,21.784333,31.412367,7.860267
2016.09 ,37.6 ,22.3523,31.38,7.848733
2016.10 ,39.0 ,20.061963,30.971185,7.309867
2016.10 ,38.9 ,19.4238,31.170233,7.6247
2016.10 ,38.8 ,19.191867,31.268167,7.782233
2016.10 ,38.7 ,19.487667,31.3909,7.845133
2016.10 ,38.6 ,19.960833,31.627167,7.9149
2016.10 ,38.5 ,20.3827,31.667333,7.9328
2016.10 ,38.4 ,20.4692,31.641867,7.936867
2016.10 ,38.3 ,20.5563,31.671067,7.940133
2016.10 ,38.2 ,20.472033,31.612733,7.938733
2016.10 ,38.1 ,20.386167,31.540967,7.923667
2016.10 ,38.0 ,20.4293,31.4774,7.913433
2016.10 ,37.9 ,20.6858,31.472833,7.9094
2016.10 ,37.8 ,20.9854,31.4677,7.897167
2016.10 ,37.7 ,21.293367,31.475,7.937667
2016.10 ,37.6 ,21.382267,31.4217,7.884333
2016.10 ,37.7 ,20.553133,31.4144,8.507367
2016.10 ,37.8 ,20.552633,31.4762,8.507367
2016.10 ,37.9 ,20.423133,31.503667,8.507367
2016.10 ,38.0 ,20.192033,31.502433,8.507367
2016.10 ,38.1 ,19.992,31.503433,8.507367
2016.10 ,38.2 ,19.8147,31.4917,8.507367
2016.10 ,38.3 ,19.611,31.487433,8.507367
2016.10 ,38.4 ,19.338267,31.515433,8.507367
2016.10 ,38.5 ,19.511133,31.591767,8.507367
2016.10 ,38.6 ,19.894033,31.697667,8.507367
2016.10 ,38.7 ,20.0673,31.732167,8.507367
2016.10 ,38.8 ,19.919,31.7522,8.507367
2016.10 ,38.9 ,19.8222,31.7674,8.507367
2016.10 ,39.0 ,19.132033,31.546467,8.507367
